user_id,orders_per_customer
14126,4
57533,4
9611,4
91819,4
95839,4
48197,4
17366,4
85366,4
63020,4
60924,4
49517,4
86319,4
50265,4
38331,4
26644,3
44360,3
89632,3
61144,3
42078,3
55632,3
31204,3
54644,3
47421,3
31510,3
59615,3
1227,3
5901,3
71857,3
90787,3
67106,3
87541,3
94847,3
62716,3
74919,3
70890,3
47403,3
56010,3
51369,3
4561,3
48793,3
44256,3
27030,3
44655,3
76390,3
18453,3
89016,3
93330,3
98271,3
6340,3
4298,3
31395,3
32877,3
62309,3
68137,3
21471,3
71280,3
77056,3
93108,3
85442,3
70241,3
14528,3
85984,3
25398,3
18239,3
34809,3
92487,3
8584,3
60452,3
31640,3
5347,3
33916,3
27797,3
70048,3
54358,3
14942,3
3032,3
26183,3
97354,3
74589,3
92168,3
86279,3
70725,3
70024,3
17021,3
32280,3
92153,3
36176,3
4096,3
18293,3
46962,3
30262,3
44019,3
40630,3
68727,3
72016,3
89550,3
42607,3
1004,3
55881,3
33805,3
93648,3
54656,3
716,3
64274,3
56859,3
17505,3
99255,3
82283,3
92747,3
63632,3
37164,3
28242,3
37591,3
49317,3
84349,3
2705,3
5286,3
90782,3
8664,3
14763,3
27861,3
41174,3
59224,3
73806,3
77563,3
83297,3
91847,3
78031,3
39108,3
49403,3
77693,3
78664,3
85227,3
64830,3
22649,3
37650,3
82956,3
62074,3
97290,3
45169,3
52259,3
89089,3
90464,3
76037,3
73847,3
35410,3
73920,3
38481,3
36102,3
42631,3
58144,3
3830,3
36977,3
812,3
21419,3
75385,3
59493,3
97842,3
65668,3
14350,3
7524,3
16625,3
29180,3
35431,3
17619,3
58760,3
43213,3
81350,3
65203,3
27132,3
89959,3
3488,3
58827,3
68072,3
74743,3
28340,3
21465,3
92171,3
95635,3
62531,3
5106,3
48490,3
13351,3
43613,3
27878,3
39143,3
71219,3
72972,3
81718,3
15657,3
30759,3
39976,3
2459,3
80081,3
95102,3
7785,3
13085,3
40632,3
43073,3
74517,3
75151,3
80848,3
13367,3
20496,3
24476,3
32602,3
36066,3
40082,3
42274,3
57668,3
65491,3
47876,3
70957,3
75660,3
82190,3
82237,3
12576,3
93005,3
94100,3
43999,3
144,3
98817,3
72927,3
30766,3
75535,3
86086,3
83086,3
78249,3
77614,3
99768,3
67743,3
84407,3
88462,3
55595,3
11562,3
42374,3
75038,3
8176,3
38944,3
15510,3
40476,3
54263,3
66273,3
46553,3
25413,3
6479,3
88278,3
60680,3
62899,3
74977,3
26687,3
74250,3
73157,3
69645,3
10537,3
88587,3
57020,3
56733,3
5138,3
22323,3
41918,3
70380,3
82487,3
1586,3
19536,3
31260,3
50752,3
47931,3
58786,3
51785,3
43891,3
58199,3
71126,3
14301,3
93498,3
89454,3
67349,3
28337,3
34059,3
86532,3
77763,3
24777,3
88435,3
76701,3
82041,3
89799,3
82993,3
57709,3
7051,3
85358,3
78253,3
25861,3
18729,3
64907,3
58036,3
7122,3
22298,3
94839,3
45942,3
23273,3
79848,3
88901,3
11897,3
38039,3
70013,3
51142,3
91254,3
81490,3
2534,3
86290,3
5218,3
68529,3
67732,3
55131,3
84739,3
72287,3
72372,3
79428,3
92741,3
15032,3
1056,3
8090,3
97871,3
70434,3
77031,3
13452,3
21251,3
47883,3
57942,3
59393,3
41346,3
50549,3
1183,3
53905,3
24121,3
39593,3
74035,3
23830,3
42568,2
96699,2
71005,2
69516,2
60109,2
59049,2
55043,2
36829,2
89860,2
8905,2
3704,2
45361,2
35817,2
30854,2
17772,2
40546,2
99979,2
37323,2
70878,2
63885,2
53026,2
85718,2
63042,2
63024,2
60489,2
62619,2
55482,2
53173,2
42075,2
41636,2
38021,2
68907,2
70714,2
71095,2
30887,2
6871,2
75740,2
77404,2
80359,2
25431,2
84222,2
20789,2
8272,2
89207,2
98390,2
87215,2
83732,2
80253,2
71870,2
52744,2
52605,2
39768,2
26112,2
6670,2
24403,2
21313,2
51080,2
8950,2
59005,2
2455,2
96207,2
86143,2
56285,2
83501,2
46721,2
31182,2
29282,2
1804,2
22914,2
51830,2
95578,2
87081,2
83267,2
56422,2
82337,2
60633,2
98743,2
51385,2
88687,2
49729,2
49390,2
49338,2
36406,2
42777,2
56101,2
34286,2
33477,2
30412,2
26849,2
29466,2
25411,2
19323,2
40028,2
19063,2
15169,2
61082,2
14799,2
14283,2
8900,2
4333,2
30548,2
58899,2
65258,2
73533,2
96096,2
19592,2
94569,2
76000,2
34454,2
29469,2
1290,2
98580,2
53913,2
27619,2
91517,2
19915,2
56591,2
77035,2
96173,2
24334,2
84608,2
39519,2
79734,2
75260,2
60260,2
30466,2
96279,2
41823,2
60151,2
82295,2
27945,2
23996,2
95954,2
96442,2
12428,2
11658,2
91931,2
83479,2
23725,2
12885,2
77638,2
89542,2
1038,2
62788,2
5131,2
87934,2
48470,2
6073,2
39417,2
18232,2
20707,2
14596,2
61064,2
82199,2
49755,2
33507,2
61343,2
18804,2
59515,2
68651,2
5625,2
77112,2
57235,2
47232,2
71305,2
85993,2
70853,2
96014,2
91438,2
90148,2
78702,2
1651,2
73294,2
58399,2
55201,2
49878,2
14029,2
11626,2
99650,2
98749,2
98285,2
94836,2
81994,2
75382,2
7725,2
70296,2
59498,2
55739,2
36735,2
38154,2
39576,2
54800,2
44416,2
53472,2
41922,2
37147,2
86209,2
33976,2
95608,2
96080,2
25618,2
13792,2
12229,2
60233,2
5453,2
83476,2
81146,2
80619,2
40265,2
5988,2
28580,2
52628,2
17621,2
21470,2
84038,2
30477,2
47472,2
49483,2
80560,2
341,2
10220,2
77381,2
8850,2
76449,2
77059,2
66244,2
49840,2
46107,2
33308,2
32473,2
6830,2
18926,2
14769,2
7749,2
862,2
8251,2
767,2
12451,2
14003,2
87145,2
40220,2
38649,2
14729,2
83223,2
96464,2
91058,2
5746,2
98003,2
94465,2
69359,2
61209,2
24912,2
50268,2
27110,2
27975,2
48401,2
44002,2
40868,2
35572,2
24906,2
14497,2
36606,2
50409,2
28920,2
11885,2
44922,2
74843,2
99793,2
99526,2
87922,2
85447,2
80296,2
76094,2
75646,2
52537,2
21995,2
49532,2
37379,2
15919,2
15634,2
63351,2
13476,2
10600,2
65322,2
66073,2
47432,2
47184,2
98741,2
57455,2
20840,2
21291,2
96098,2
80751,2
77483,2
80455,2
17853,2
13102,2
16148,2
3660,2
83700,2
83709,2
32919,2
84746,2
75024,2
79151,2
53196,2
95399,2
56865,2
48297,2
92094,2
36960,2
34385,2
26381,2
95854,2
97134,2
23089,2
18738,2
16114,2
15763,2
7877,2
13274,2
7507,2
26087,2
4535,2
99581,2
95837,2
93745,2
16871,2
92785,2
83975,2
74872,2
72182,2
26769,2
9184,2
67376,2
64391,2
57824,2
78025,2
53657,2
52887,2
45700,2
87069,2
90609,2
42148,2
14925,2
32110,2
26271,2
56993,2
23362,2
19975,2
17187,2
10304,2
8856,2
8795,2
7564,2
5591,2
4809,2
4469,2
2566,2
58450,2
620,2
80552,2
95711,2
631,2
68632,2
50087,2
25602,2
22111,2
68731,2
96493,2
32598,2
30817,2
4595,2
73326,2
71724,2
55361,2
76070,2
26928,2
44594,2
41790,2
40236,2
37709,2
18657,2
93475,2
18010,2
66165,2
10631,2
47652,2
29796,2
14975,2
99827,2
59309,2
49800,2
48655,2
47473,2
17718,2
22338,2
1878,2
80688,2
31334,2
27511,2
51612,2
93388,2
85118,2
35565,2
61416,2
90781,2
85469,2
94947,2
31948,2
58975,2
79888,2
82935,2
98803,2
375,2
41672,2
44919,2
78521,2
77793,2
72254,2
77918,2
68275,2
68180,2
66498,2
58422,2
53702,2
96201,2
23247,2
53242,2
4157,2
47617,2
13787,2
30081,2
13559,2
5758,2
1917,2
12246,2
56854,2
87554,2
19180,2
59643,2
68078,2
97519,2
3197,2
99493,2
94794,2
87958,2
74861,2
94780,2
7598,2
62354,2
2184,2
32408,2
69750,2
6113,2
95053,2
15490,2
95894,2
54674,2
10485,2
85420,2
14454,2
59448,2
10318,2
74320,2
86063,2
72973,2
45434,2
38999,2
91416,2
70640,2
88591,2
84227,2
80471,2
62469,2
49717,2
40013,2
34850,2
31146,2
44263,2
29754,2
47941,2
25499,2
72992,2
22829,2
18229,2
8802,2
59013,2
46288,2
84819,2
33665,2
87575,2
84530,2
96052,2
96698,2
36996,2
2271,2
64622,2
26191,2
49084,2
93090,2
99613,2
97766,2
88410,2
86101,2
85107,2
80998,2
77066,2
876,2
76734,2
1269,2
75124,2
74136,2
72936,2
4897,2
83293,2
65172,2
63199,2
61468,2
47499,2
45799,2
38625,2
28903,2
23036,2
17867,2
13957,2
22003,2
22363,2
7187,2
7041,2
1145,2
97112,2
68479,2
38493,2
97973,2
59018,2
1313,2
39553,2
55267,2
32060,2
34241,2
51157,2
49727,2
44916,2
37971,2
21575,2
19712,2
85982,2
46844,2
46917,2
99096,2
95952,2
95154,2
93760,2
87748,2
88920,2
81464,2
88770,2
51152,2
76156,2
52128,2
63039,2
61499,2
60157,2
59800,2
55308,2
53649,2
40576,2
60512,2
38632,2
31644,2
16240,2
97900,2
95628,2
68210,2
69349,2
26804,2
87080,2
84594,2
57790,2
73133,2
77235,2
66650,2
56962,2
54628,2
43759,2
41914,2
84738,2
39814,2
49552,2
38961,2
38329,2
38322,2
38223,2
28992,2
94899,2
95926,2
96121,2
24103,2
23664,2
18001,2
17873,2
15889,2
13503,2
12842,2
9237,2
2745,2
92136,2
31517,2
20019,2
14636,2
78197,2
17504,2
51274,2
19368,2
87735,2
81162,2
49080,2
33201,2
34993,2
45482,2
30721,2
83924,2
27070,2
11314,2
11581,2
96765,2
93258,2
89535,2
87613,2
86281,2
71761,2
61936,2
61794,2
44722,2
39817,2
21184,2
20291,2
18352,2
16816,2
16696,2
15859,2
7499,2
74779,2
5874,2
56031,2
11584,2
38752,2
77989,2
50963,2
11631,2
84324,2
96942,2
57791,2
95640,2
98675,2
70247,2
96860,2
37847,2
69679,2
32228,2
1563,2
95109,2
97838,2
26048,2
9633,2
73386,2
58255,2
44414,2
30732,2
91737,2
11872,2
86583,2
30006,2
64510,2
77293,2
57703,2
51006,2
40475,2
36674,2
33480,2
16969,2
3468,2
1554,2
99318,2
78653,2
95276,2
84808,2
76161,2
42956,2
18843,2
76085,2
31464,2
99058,2
61071,2
41387,2
3977,2
3574,2
83,2
31450,2
93592,2
91863,2
88405,2
81867,2
76351,2
65129,2
60298,2
60160,2
58884,2
45421,2
41656,2
44051,2
40410,2
31732,2
29300,2
28011,2
21941,2
3811,2
16931,2
11967,2
11972,2
16909,2
10577,2
5721,2
39393,2
4183,2
44126,2
99225,2
97660,2
58248,2
90330,2
80694,2
52780,2
83235,2
30502,2
28461,2
24199,2
16976,2
60883,2
53860,2
42180,2
90109,2
22781,2
55376,2
14559,2
51951,2
48332,2
38763,2
20037,2
47984,2
95896,2
93334,2
60028,2
58145,2
54797,2
32576,2
51209,2
38529,2
78894,2
39587,2
34926,2
81577,2
58555,2
17164,2
11489,2
1084,2
47736,2
22806,2
51113,2
48283,2
79792,2
13745,2
77833,2
35628,2
48188,2
94003,2
99275,2
90708,2
89408,2
81559,2
75332,2
17080,2
74732,2
69112,2
68548,2
64641,2
96051,2
60706,2
59806,2
90979,2
55982,2
53392,2
47285,2
93009,2
41515,2
33364,2
33334,2
46014,2
30889,2
44037,2
20365,2
68501,2
11702,2
10376,2
75784,2
99899,2
78989,2
94514,2
92674,2
91920,2
90653,2
87584,2
86476,2
84810,2
84768,2
64389,2
81440,2
84170,2
34500,2
81403,2
75427,2
82135,2
17170,2
17512,2
69907,2
68689,2
68457,2
56095,2
67780,2
67670,2
66427,2
63687,2
63542,2
62346,2
56786,2
55823,2
32244,2
34904,2
54380,2
53127,2
53051,2
79269,2
50492,2
43351,2
42624,2
34579,2
34195,2
33900,2
7378,2
33468,2
32688,2
32179,2
28585,2
2499,2
3063,2
26496,2
24798,2
24705,2
9938,2
24591,2
80663,2
19740,2
18516,2
18394,2
15281,2
15218,2
9125,2
46777,2
6941,2
6394,2
60433,2
12967,2
1493,2
97345,2
50643,2
34897,2
22543,2
85354,2
239,2
98525,2
61227,2
82486,2
70666,2
60484,2
37606,2
32310,2
84794,2
27730,2
26765,2
25112,2
13934,2
12443,2
5436,2
98919,2
93112,2
76187,2
38759,2
68839,2
99824,2
87020,2
58220,2
55746,2
58599,2
97985,2
4454,2
4712,2
93638,2
9289,2
84609,2
45982,2
24965,2
4528,2
36105,2
1910,2
87375,2
84688,2
29691,2
68376,2
83445,2
98943,2
82294,2
70572,2
64529,2
55904,2
18908,2
52540,2
47140,2
6378,2
9861,2
7069,2
95969,2
60919,2
10706,2
15554,2
97616,2
62765,2
26484,2
13610,2
13841,2
14134,2
49002,2
62749,2
30542,2
71164,2
18071,2
19341,2
36181,2
21992,2
22368,2
29544,2
77511,2
57152,2
47271,2
39572,2
86793,2
27784,2
23144,2
28669,2
77827,2
79425,2
77132,2
96871,2
95666,2
90715,2
84751,2
79837,2
34139,2
78398,2
67122,2
74062,2
35492,2
69106,2
65361,2
99988,2
62342,2
61625,2
44569,2
45193,2
45212,2
61358,2
61285,2
57275,2
55231,2
50195,2
49724,2
49291,2
46964,2
44749,2
31781,2
57004,2
24095,2
15618,2
11271,2
69947,2
10487,2
34963,2
86656,2
73881,2
59470,2
57443,2
69948,2
39812,2
34814,2
28385,2
27558,2
20608,2
76269,2
13225,2
12556,2
69076,2
4224,2
82510,2
81806,2
41960,2
32535,2
784,2
42939,2
14657,2
69154,2
20454,2
5533,2
827,2
70146,2
61565,2
41768,2
92851,2
1075,2
19026,2
8043,2
40155,2
39956,2
99919,2
48388,2
1681,2
81902,2
4337,2
80134,2
12059,2
61048,2
47811,2
97805,2
97451,2
85132,2
67912,2
23207,2
24345,2
24354,2
50857,2
41541,2
37831,2
35647,2
34767,2
27663,2
35776,2
97007,2
23107,2
14996,2
81711,2
46532,2
73574,2
65862,2
50635,2
48915,2
48789,2
45775,2
24254,2
56280,2
21468,2
57482,2
19330,2
9124,2
98220,2
3035,2
85153,2
71403,2
20831,2
55385,2
53142,2
79491,2
43135,2
31226,2
33749,2
28517,2
26598,2
28770,2
97088,2
7650,2
4846,2
29964,2
61023,2
31043,2
60621,2
13094,2
60820,2
83322,2
28126,2
4829,2
80073,2
38436,2
52261,2
51419,2
69121,2
97538,2
97367,2
37736,2
89244,2
1388,2
56462,2
85777,2
6023,2
94125,2
84389,2
81828,2
74464,2
73239,2
27364,2
32169,2
67623,2
64505,2
60913,2
55427,2
38327,2
54202,2
52165,2
52127,2
51049,2
49587,2
34417,2
48733,2
45525,2
37724,2
36779,2
47657,2
79349,2
35204,2
64167,2
24416,2
10152,2
154,2
63666,2
84114,2
60030,2
26712,2
57972,2
21053,2
20653,2
42397,2
46627,2
27016,2
23737,2
90689,2
84360,2
41194,2
95074,2
14897,2
92911,2
59257,2
39278,2
38548,2
48725,2
35395,2
33389,2
29418,2
94509,2
54414,2
10141,2
85157,2
4182,2
80274,2
16200,2
46444,2
37366,2
15800,2
87749,2
36156,2
99276,2
67074,2
98763,2
98738,2
48621,2
97993,2
97929,2
96915,2
50680,2
34185,2
90461,2
95512,2
32679,2
95497,2
31369,2
93028,2
7809,2
92918,2
92828,2
92213,2
40568,2
45577,2
62630,2
92510,2
92452,2
92048,2
50019,2
90754,2
90209,2
89765,2
88679,2
7313,2
39535,2
88589,2
86807,2
86730,2
30599,2
33724,2
35091,2
86263,2
85737,2
84797,2
48054,2
83951,2
58157,2
83889,2
83870,2
83546,2
83294,2
83207,2
83172,2
82910,2
3582,2
2673,2
82057,2
81201,2
96802,2
97385,2
80984,2
78652,2
78207,2
77815,2
77647,2
56533,2
75656,2
75496,2
75172,2
75077,2
74690,2
74461,2
73764,2
90670,2
73097,2
72764,2
72480,2
71990,2
7442,2
52764,2
69841,2
69793,2
69658,2
69575,2
2435,2
16705,2
69179,2
69077,2
68334,2
68141,2
67836,2
67182,2
66578,2
66228,2
65761,2
48891,2
50342,2
50982,2
64940,2
64937,2
64883,2
64582,2
89531,2
28492,2
63842,2
87760,2
63212,2
60317,2
31532,2
60271,2
59843,2
58242,2
52856,2
56492,2
56325,2
56269,2
55888,2
96655,2
54854,2
54017,2
53963,2
53405,2
53053,2
51416,2
51109,2
51017,2
49636,2
48772,2
48751,2
12983,2
15453,2
48390,2
27438,2
48215,2
47797,2
82052,2
92764,2
47292,2
47207,2
33299,2
47106,2
34547,2
46770,2
49203,2
78222,2
92584,2
45230,2
44831,2
44760,2
64112,2
43333,2
16461,2
42414,2
95334,2
42140,2
19397,2
42065,2
61506,2
3459,2
41932,2
41424,2
40986,2
63642,2
40833,2
93915,2
40189,2
99760,2
39498,2
39383,2
39302,2
39164,2
31582,2
38721,2
38694,2
38653,2
38392,2
37641,2
58557,2
8735,2
69433,2
35791,2
35604,2
74702,2
35263,2
33259,2
33217,2
33189,2
32985,2
32686,2
94997,2
10339,2
32566,2
32524,2
32061,2
30853,2
30213,2
29650,2
29522,2
27790,2
27124,2
27103,2
26248,2
25118,2
19986,2
2554,2
24231,2
24196,2
22697,2
6716,2
9104,2
22475,2
21799,2
21332,2
21242,2
21016,2
20279,2
20970,2
20511,2
19653,2
24101,2
19632,2
18339,2
17309,2
29640,2
16739,2
15862,2
15796,2
15315,2
14627,2
36096,2
13852,2
13804,2
13391,2
24761,2
12169,2
11980,2
11958,2
11342,2
10937,2
10896,2
42906,2
43582,2
10732,2
9261,2
9166,2
8987,2
8847,2
8011,2
6010,2
5613,2
3970,2
3287,2
2972,2
2342,2
59070,2
2163,2
1502,2
61394,2
905,2
99873,2
92515,2
90872,2
89003,2
87102,2
85258,2
84161,2
83106,2
70360,2
36514,2
72969,2
32674,2
68708,2
67640,2
78941,2
66761,2
61803,2
59390,2
58495,2
56856,2
55680,2
89909,2
53983,2
49047,2
37205,2
48156,2
47718,2
44934,2
43068,2
95599,2
36705,2
35459,2
20755,2
19430,2
44131,2
66448,2
1941,2
73723,2
88095,2
4541,2
80877,2
74339,2
58603,2
48508,2
43457,2
20944,2
88759,2
44295,2
29179,2
99315,2
88267,2
76405,2
79569,2
79359,2
78523,2
59644,2
57686,2
43712,2
49904,2
36928,2
2875,2
82572,2
26771,2
22275,2
98824,2
29758,2
6883,2
39676,2
10906,2
78801,2
72074,2
81536,2
16869,2
10082,2
53872,2
97652,2
11243,2
86136,2
84601,2
78974,2
44889,2
27761,2
4162,2
26133,2
72073,2
60765,2
730,2
17278,2
75576,2
19090,2
18186,2
9070,2
99099,2
20827,2
98084,2
97644,2
97233,2
94098,2
94054,2
90359,2
89853,2
89834,2
88006,2
87214,2
85935,2
83542,2
79911,2
75685,2
74041,2
25450,2
73000,2
84710,2
72870,2
72455,2
72160,2
75126,2
70415,2
66667,2
65090,2
28810,2
59726,2
29182,2
29285,2
54547,2
54450,2
30100,2
30175,2
54119,2
51937,2
49946,2
33262,2
33408,2
48876,2
40097,2
34282,2
39049,2
35905,2
37067,2
32774,2
37922,2
27802,2
39889,2
96378,2
24066,2
23155,2
41557,2
41584,2
19692,2
15158,2
13582,2
8646,2
1425,2
43815,2
7716,2
6065,2
1844,2
45551,2
97746,2
86565,2
43433,2
80300,2
77854,2
77538,2
74676,2
62657,2
61513,2
58847,2
57033,2
54269,2
55315,2
50910,2
20962,2
81441,2
56827,2
91249,2
33329,2
83117,2
83008,2
88800,2
88012,2
61658,2
64460,2
60815,2
56913,2
45864,2
63680,2
32140,2
34867,2
64643,2
17524,2
20335,2
88356,2
66181,2
1475,2
38294,2
35166,2
33728,2
88891,2
74888,2
79567,2
23904,2
5584,2
2327,2
70798,2
19503,2
17816,2
86265,2
26793,2
12352,2
10845,2
60193,2
74679,2
2995,2
96932,2
91125,2
75670,2
88909,2
87010,2
73789,2
16408,2
77727,2
38616,2
55253,2
78735,2
42863,2
35596,2
30327,2
28842,2
84803,2
27968,2
16042,2
5393,2
88275,2
89033,2
94799,2
80150,2
85340,2
90238,2
90455,2
84519,2
80035,2
79701,2
65536,2
64309,2
54631,2
52779,2
48343,2
30106,2
35003,2
97299,2
90026,2
98688,2
99205,2
99377,2
83081,2
53348,2
27724,2
11366,2
3202,2
11667,2
6792,2
67736,2
54870,2
48928,2
6936,2
14607,2
14091,2
18922,2
86542,2
9482,2
9812,2
54035,2
55541,2
13727,2
75224,2
17028,2
95052,2
50996,2
49905,2
48922,2
42402,2
49879,2
17643,2
69554,2
31250,2
18894,2
51307,2
70145,2
21028,2
4674,2
64041,2
64833,2
63572,2
22911,2
89587,2
17950,2
40243,2
66197,2
26718,2
14782,2
8522,2
99898,2
38950,2
95977,2
27283,2
88087,2
82364,2
60931,2
71136,2
69791,2
60140,2
59587,2
32695,2
58680,2
56464,2
33574,2
55799,2
53807,2
43851,2
39093,2
36822,2
36028,2
35257,2
22273,2
38125,2
21656,2
89065,2
20947,2
15207,2
6505,2
1513,2
62087,2
98009,2
84701,2
81999,2
78280,2
74883,2
74430,2
66001,2
57991,2
57885,2
53647,2
49261,2
45651,2
51197,2
45084,2
77998,2
31503,2
23421,2
22232,2
18261,2
15289,2
15274,2
11092,2
9048,2
40941,2
10348,2
95339,2
74646,2
59213,2
60023,2
73113,2
46111,2
62293,2
60835,2
5423,2
21276,2
62983,2
38756,2
20824,2
81311,2
80521,2
70763,2
61444,2
48901,2
18199,2
65717,2
17905,2
90013,2
84713,2
70207,2
94737,2
85143,2
71419,2
72056,2
72065,2
63733,2
63341,2
14004,2
61817,2
34067,2
48131,2
837,2
95985,2
80045,2
84441,2
80475,2
81213,2
81374,2
33718,2
80066,2
59412,2
91830,2
90564,2
90509,2
83925,2
83568,2
71580,2
40355,2
63294,2
90388,2
60522,2
45341,2
45311,2
40196,2
39251,2
33041,2
26056,2
25423,2
96067,2
22002,2
93940,2
18790,2
17071,2
16818,2
98704,2
15876,2
9618,2
84384,2
4548,2
51710,2
83905,2
78302,2
97468,2
93306,2
49472,2
72238,2
36784,2
27978,2
23877,2
6016,2
4055,2
72263,2
60739,2
57869,2
40641,2
1054,2
38646,2
27088,2
22517,2
35656,2
68267,2
81510,2
91616,2
76231,2
64387,2
63657,2
1637,2
92114,2
41501,2
1913,2
93675,2
82517,2
79762,2
48447,2
78718,2
35609,2
84007,2
53179,2
78188,2
78064,2
75119,2
75363,2
67109,2
66642,2
65395,2
61627,2
58818,2
57500,2
57148,2
14056,2
87679,2
88736,2
49013,2
48284,2
47146,2
46389,2
38502,2
60491,2
35203,2
34270,2
77708,2
60780,2
32167,2
26894,2
23314,2
20598,2
18898,2
15062,2
12024,2
4456,2
43827,2
1085,2
98648,2
98504,2
55689,2
97812,2
77455,2
93660,2
93284,2
6226,2
90641,2
88175,2
87882,2
85444,2
1843,2
84345,2
83796,2
12388,2
83137,2
83035,2
80282,2
80027,2
79502,2
79180,2
31577,2
76019,2
74207,2
60606,2
72598,2
72409,2
71983,2
69935,2
69295,2
68960,2
68437,2
68092,2
67499,2
66261,2
66172,2
64868,2
64228,2
62710,2
62571,2
61303,2
60908,2
60076,2
76008,2
58531,2
58154,2
57629,2
57624,2
56600,2
56455,2
55487,2
55378,2
55290,2
54389,2
50396,2
50363,2
96214,2
52491,2
49324,2
48713,2
48591,2
48259,2
47775,2
46885,2
41553,2
41011,2
40258,2
39752,2
38486,2
37056,2
36843,2
35414,2
30386,2
29655,2
27093,2
52742,2
26435,2
24862,2
22311,2
21602,2
19185,2
15993,2
65227,2
88075,2
13759,2
43070,2
14979,2
13270,2
12624,2
12151,2
7231,2
8221,2
88930,2
7796,2
5714,2
5649,2
4646,2
4306,2
81140,2
2416,2
15076,2
2167,2
60395,2
49104,2
12387,2
55216,2
9323,2
77595,2
98582,2
97235,2
16343,2
94648,2
87976,2
9955,2
79593,2
21648,2
49053,2
42346,2
41513,2
38001,2
27312,2
17131,2
69084,2
17636,2
11961,2
11532,2
72953,2
11316,2
9001,2
8359,2
4349,2
886,2
82089,2
89854,2
88452,2
83638,2
72191,2
32495,2
15512,2
1704,2
73693,2
95567,2
72427,2
93972,2
6525,2
66715,2
63801,2
31682,2
60083,2
278,2
57371,2
35934,2
75561,2
97528,2
58923,2
77441,2
75416,2
86951,2
72510,2
22122,2
3544,2
65372,2
81617,2
31383,2
70754,2
48117,2
6600,2
15349,2
80032,2
79842,2
68737,2
75440,2
75981,2
51390,2
98119,2
77090,2
71251,2
66340,2
92320,2
62955,2
49430,2
44030,2
33667,2
24642,2
83466,2
17002,2
15576,2
15509,2
91923,2
97689,2
88630,2
84997,2
73627,2
70206,2
66762,2
93672,2
92724,2
63067,2
41141,2
40353,2
35074,2
22579,2
22231,2
6334,2
5915,2
3968,2
46323,2
12997,2
12237,2
48482,2
95031,2
3393,2
80438,2
75962,2
61739,2
48011,2
31594,2
26971,2
12839,2
8398,2
11751,2
12803,2
73753,2
26139,2
67880,2
8999,2
99459,2
58106,2
60894,2
40537,2
40402,2
89551,2
95403,2
64245,2
21902,2
54466,2
36011,2
30662,2
27177,2
83373,2
9223,2
33461,2
1318,2
36834,2
33004,2
47398,2
58484,2
34387,2
39855,2
30271,2
91373,2
36698,2
89030,2
88191,2
53152,2
83448,2
83201,2
74367,2
47516,2
56473,2
63274,2
65387,2
61766,2
61136,2
59229,2
52103,2
51682,2
50479,2
50323,2
49672,2
49610,2
46738,2
73600,2
45149,2
44325,2
43636,2
42302,2
41489,2
41311,2
78680,2
40051,2
39041,2
38101,2
83652,2
33883,2
32409,2
30022,2
26079,2
76543,2
22495,2
16166,2
91624,2
11704,2
9063,2
5221,2
95819,2
5097,2
1541,2
96874,2
96642,2
94934,2
94764,2
89844,2
89676,2
88266,2
77244,2
78503,2
66600,2
64749,2
63367,2
61226,2
37474,2
59452,2
57014,2
55272,2
55124,2
93058,2
45911,2
41737,2
38727,2
31728,2
18550,2
70407,2
39376,2
15759,2
13876,2
12912,2
90706,2
12538,2
10047,2
7940,2
57408,2
622,2
35390,2
56804,2
9749,2
8088,2
70808,2
97362,2
95676,2
78358,2
72477,2
68560,2
68065,2
65355,2
29578,2
27762,2
24997,2
12567,2
7486,2
72467,2
98289,2
42577,2
86102,2
79228,2
53655,2
27297,2
90882,2
65431,2
55956,2
70991,2
76918,2
69825,2
86957,2
56486,2
57204,2
98804,2
90738,2
43125,2
33064,2
38380,2
33367,2
75435,2
95271,2
7698,2
53107,2
9639,2
36089,2
18685,2
72873,2
59399,2
43519,2
90694,2
48202,2
81916,2
21384,2
34330,2
3687,2
20176,2
59056,2
58955,2
76889,2
26245,2
62569,2
96784,2
91096,2
73492,2
73251,2
70497,2
64859,2
57105,2
49301,2
36382,2
27882,2
25479,2
97749,2
71231,2
69010,2
71540,2
67493,2
61182,2
59435,2
97581,2
59193,2
56340,2
55558,2
53719,2
31625,2
28168,2
94466,2
21495,2
21373,2
17359,2
12191,2
7577,2
4678,2
690,2
9886,2
94420,2
8040,2
99417,2
61935,2
9177,2
19539,2
11588,2
93991,2
52811,2
36768,2
12770,2
9803,2
5353,2
98549,2
95285,2
61484,2
42100,2
16111,2
51162,2
58499,2
78654,2
25765,2
42216,2
28267,2
36389,2
47430,2
61210,2
47002,2
23986,2
62507,2
66525,2
44628,2
86322,2
67031,2
56416,2
22404,2
16497,2
90776,2
70831,2
51605,2
38498,2
6597,2
17310,2
68302,2
71702,2
24029,2
76309,2
71996,2
97089,2
37008,2
70199,2
49799,2
59753,2
12421,2
7964,2
68779,2
83363,2
81165,2
49120,2
99092,2
98921,2
92870,2
91618,2
90820,2
80704,2
79203,2
82494,2
74442,2
70388,2
28748,2
40928,2
35373,2
34798,2
4520,2
34616,2
28833,2
59205,2
46253,2
72881,2
22979,2
41243,2
11784,2
10437,2
96342,2
2962,2
668,2
95466,2
82772,2
95298,2
83403,2
82239,2
15310,2
65035,2
58538,2
58958,2
57949,2
56536,2
55359,2
51543,2
51507,2
48235,2
45689,2
32684,2
31045,2
16304,2
50924,2
5804,2
5790,2
1441,2
138,2
94540,2
93912,2
92541,2
11255,2
86950,2
54446,2
53438,2
48372,2
26566,2
78972,2
56343,2
21100,2
90428,2
66230,2
63912,2
69528,2
56669,2
38963,2
12712,2
51139,2
35028,2
79142,2
21661,2
11231,2
78954,2
3339,2
57880,2
57278,2
4794,2
1835,2
9340,2
31835,2
37408,2
37578,2
98826,2
75584,2
13087,2
95045,2
61185,2
9211,2
4116,2
72645,2
91576,2
27675,2
19997,2
23747,2
7520,2
93193,2
74057,2
73287,2
11894,2
35940,2
11995,2
64375,2
60758,2
92937,2
30684,2
87683,2
62760,2
39124,2
70105,2
19876,2
62539,2
14385,2
92179,2
54961,2
56054,2
39617,2
64055,2
6092,2
39307,2
99751,2
92815,2
91965,2
78899,2
69958,2
90355,2
88292,2
85099,2
21200,2
77228,2
25421,2
75948,2
2479,2
75755,2
68538,2
74990,2
74552,2
78697,2
70806,2
68441,2
35335,2
8209,2
65979,2
56315,2
55356,2
49224,2
55597,2
48654,2
44635,2
42825,2
41793,2
40371,2
295,2
34584,2
22677,2
28155,2
2537,2
31277,2
4133,2
52890,2
28876,2
22909,2
21755,2
5996,2
24235,2
17039,2
16721,2
11328,2
9267,2
6352,2
5560,2
4759,2
11238,2
4046,2
3346,2
99560,2
91917,2
98204,2
97312,2
99736,2
91825,2
89718,2
89688,2
33569,2
87416,2
87251,2
85649,2
84125,2
34738,2
83909,2
80599,2
77719,2
77668,2
20871,2
77405,2
77103,2
22904,2
53195,2
71400,2
25777,2
26001,2
70468,2
68766,2
27601,2
27684,2
27939,2
68279,2
66526,2
64267,2
29824,2
63655,2
59108,2
59047,2
57931,2
53950,2
53454,2
53024,2
48630,2
48093,2
36494,2
45074,2
31352,2
44648,2
41800,2
96102,2
35051,2
34494,2
34186,2
32260,2
41419,2
30311,2
29408,2
24149,2
43777,2
23118,2
44422,2
45172,2
23458,2
46906,2
20835,2
84962,2
12362,2
10898,2
9007,2
6079,2
68952,2
78403,2
3549,2
3252,2
1795,2
1550,2
92061,2
78087,2
52167,2
49688,2
56148,2
22369,2
6723,2
59022,2
90345,2
89657,2
77725,2
65633,2
61581,2
62082,2
61236,2
62666,2
59149,2
56033,2
49463,2
37714,2
31026,2
17357,2
12256,2
61790,2
55902,2
68991,2
18825,2
17335,2
7859,2
57442,2
38764,2
97661,2
65523,2
44286,2
56562,2
81935,2
93596,2
43146,2
23390,2
54652,2
64661,2
70677,2
76694,2
46645,2
77831,2
77840,2
8332,2
79152,2
56508,2
50005,2
28273,2
80672,2
90029,2
2350,2
72135,2
62317,2
98113,2
83129,2
83625,2
55641,2
53970,2
93052,2
53366,2
87152,2
78471,2
99683,2
96600,2
90556,2
11125,2
82994,2
82370,2
92302,2
79678,2
77965,2
93726,2
71939,2
28796,2
70995,2
98565,2
70659,2
68572,2
52443,2
42483,2
40492,2
33219,2
32404,2
29737,2
1378,2
27355,2
1678,2
24682,2
2549,2
2665,2
22662,2
20360,2
11857,2
10543,2
69613,2
10402,2
89103,2
97526,2
85036,2
7721,2
74921,2
69976,2
67550,2
62616,2
11792,2
60184,2
12844,2
17526,2
56026,2
58418,2
50644,2
47495,2
14177,2
43456,2
40127,2
38869,2
32271,2
31730,2
25506,2
17400,2
14560,2
14489,2
14426,2
12148,2
11575,2
5917,2
62601,2
22485,2
46198,2
24587,2
740,2
97448,2
89061,2
25226,2
25310,2
25993,2
26136,2
82712,2
38037,2
35362,2
30472,2
24896,2
13010,2
6605,2
5380,2
4986,2
94150,2
86241,2
82904,2
45536,2
36026,2
78187,2
33958,2
15044,2
71775,2
267,2
19292,2
35765,2
40802,2
24719,2
98428,2
76348,2
69919,2
91878,2
42120,2
33591,2
66237,2
84776,2
78027,2
15088,2
58159,2
23827,2
13290,2
2388,2
89880,2
47416,2
28229,2
71556,2
2078,2
92417,2
33240,2
50367,2
40430,2
77994,2
39813,2
17646,2
36216,2
80608,2
51776,2
18545,2
7815,2
60902,2
84361,2
46858,2
96426,2
95796,2
93296,2
89945,2
85217,2
80042,2
68342,2
66471,2
62433,2
46927,2
3093,2
29769,2
65007,2
91936,2
15346,2
11709,2
92172,2
90982,2
89972,2
85857,2
81277,2
80266,2
78762,2
76001,2
74202,2
70558,2
73309,2
72394,2
59659,2
68434,2
67915,2
65309,2
54439,2
53509,2
75710,2
76046,2
49030,2
48565,2
44942,2
69205,2
43580,2
42375,2
65636,2
39570,2
38749,2
46582,2
31232,2
30934,2
23243,2
9860,2
7513,2
6203,2
4968,2
2700,2
2171,2
1356,2
932,2
554,2
89785,2
69564,2
43345,2
31414,2
29127,2
26269,2
89946,2
90324,2
90947,2
57087,2
439,2
21097,2
74105,2
42789,2
87116,2
94367,2
46669,2
24590,2
76756,2
49978,2
80700,2
63537,2
34735,2
13132,2
9315,2
96559,2
98911,2
7268,2
88350,2
15577,2
47051,2
12597,2
19925,2
6324,2
5734,2
62259,2
58849,2
37867,2
76126,2
23913,2
20929,2
48813,2
55294,2
95923,2
86298,2
16311,2
57326,2
54632,2
35546,2
37561,2
60054,2
73338,2
99157,2
89356,2
34202,2
87480,1
96704,1
48035,1
83200,1
35106,1
72624,1
19285,1
7730,1
62906,1
4920,1
12626,1
19854,1
21545,1
33289,1
48956,1
58388,1
62808,1
63570,1
66369,1
70218,1
86433,1
94267,1
98172,1
5278,1
23659,1
82985,1
92341,1
79628,1
51857,1
49022,1
93246,1
46521,1
44973,1
29097,1
58823,1
77775,1
82561,1
23343,1
854,1
67255,1
73457,1
13673,1
42127,1
48710,1
15545,1
58944,1
63512,1
71954,1
82999,1
25957,1
9935,1
41966,1
9318,1
15425,1
47270,1
66189,1
83788,1
24530,1
75776,1
77167,1
29270,1
57957,1
15816,1
17984,1
18011,1
70970,1
91744,1
21300,1
37124,1
69237,1
63142,1
99067,1
89447,1
36482,1
84989,1
53294,1
26639,1
58038,1
59838,1
20477,1
24835,1
8223,1
10870,1
4932,1
28848,1
30207,1
30534,1
51428,1
59332,1
63841,1
80470,1
1675,1
5315,1
7164,1
7933,1
18206,1
20322,1
25678,1
34068,1
35473,1
13927,1
42675,1
44018,1
49967,1
62574,1
62898,1
65474,1
66937,1
79126,1
5588,1
16623,1
48184,1
48909,1
70672,1
83510,1
38092,1
33942,1
12494,1
20558,1
25075,1
65058,1
23611,1
64235,1
84447,1
34373,1
34461,1
11252,1
34266,1
45435,1
64010,1
85115,1
33417,1
65651,1
89463,1
2696,1
33818,1
50423,1
2260,1
6321,1
7260,1
42746,1
60786,1
66160,1
78635,1
81003,1
98296,1
73347,1
64208,1
415,1
39643,1
49382,1
68746,1
80648,1
47115,1
90231,1
19444,1
25648,1
79653,1
22447,1
93358,1
19354,1
22653,1
99989,1
15846,1
46015,1
47127,1
54869,1
58318,1
89372,1
90752,1
98832,1
97819,1
97229,1
15189,1
19077,1
21555,1
21817,1
28102,1
33752,1
96839,1
36516,1
57846,1
58528,1
62664,1
68394,1
96440,1
96187,1
94141,1
94288,1
11800,1
69833,1
79563,1
99802,1
11918,1
17022,1
65020,1
88155,1
12647,1
36661,1
95607,1
56146,1
762,1
6676,1
6949,1
15767,1
21009,1
33827,1
34095,1
34231,1
37117,1
49815,1
63275,1
67679,1
67684,1
95448,1
81229,1
83338,1
86162,1
91895,1
95383,1
27687,1
34299,1
95431,1
94785,1
5878,1
7042,1
74730,1
94362,1
1226,1
3603,1
6617,1
12543,1
13083,1
19187,1
20462,1
22095,1
93109,1
60245,1
62462,1
67622,1
73578,1
92465,1
96472,1
84005,1
34124,1
92928,1
26740,1
809,1
5010,1
5527,1
6965,1
8358,1
10608,1
12961,1
91858,1
13959,1
16103,1
22822,1
26829,1
27315,1
30649,1
35017,1
35273,1
91572,1
41522,1
44914,1
48250,1
49063,1
49990,1
53126,1
53570,1
55085,1
56391,1
91437,1
59665,1
60014,1
60299,1
60829,1
65562,1
69770,1
70614,1
72578,1
75458,1
76567,1
77598,1
78244,1
79194,1
80323,1
81912,1
82203,1
83842,1
87403,1
89758,1
90577,1
91060,1
93279,1
96248,1
2043,1
32467,1
70435,1
73447,1
24477,1
26267,1
26600,1
30008,1
39481,1
45267,1
51649,1
80333,1
97422,1
3064,1
23709,1
26177,1
89571,1
89486,1
29849,1
29934,1
89134,1
33834,1
42738,1
88426,1
44658,1
48130,1
50401,1
64838,1
69484,1
88307,1
79583,1
82501,1
84388,1
88018,1
226,1
367,1
87530,1
87195,1
1147,1
1285,1
1299,1
87149,1
1767,1
1799,1
86699,1
2341,1
2523,1
86675,1
2713,1
3498,1
3928,1
4137,1
4216,1
4426,1
4792,1
86275,1
5605,1
6021,1
86050,1
7363,1
85899,1
8480,1
8788,1
9283,1
85845,1
12860,1
12917,1
12952,1
13637,1
13671,1
13864,1
16005,1
16164,1
17379,1
17739,1
19222,1
19791,1
22081,1
85797,1
23508,1
23693,1
23853,1
24455,1
25017,1
26962,1
27180,1
28326,1
29065,1
29123,1
29196,1
29369,1
29558,1
30451,1
30840,1
85640,1
84984,1
31757,1
31848,1
34653,1
36665,1
38550,1
81451,1
80878,1
39657,1
80849,1
42067,1
80687,1
43143,1
43167,1
78257,1
43658,1
43665,1
77621,1
44114,1
44221,1
77485,1
45334,1
46571,1
48050,1
76983,1
76900,1
50037,1
51125,1
51457,1
51804,1
52760,1
52868,1
75545,1
75148,1
55371,1
55789,1
56172,1
57017,1
60313,1
61015,1
61586,1
62782,1
63028,1
63135,1
64071,1
64365,1
65279,1
75095,1
65479,1
66092,1
66342,1
67304,1
67613,1
67853,1
74341,1
74022,1
68577,1
69044,1
69156,1
69163,1
69984,1
70043,1
70056,1
70070,1
70343,1
73222,1
70774,1
70778,1
70950,1
72006,1
72516,1
72766,1
71927,1
74083,1
69987,1
75669,1
75842,1
69973,1
76245,1
78090,1
78219,1
69267,1
78900,1
79168,1
79513,1
68280,1
80640,1
67771,1
81538,1
81810,1
82175,1
83075,1
83344,1
83377,1
83433,1
83896,1
84480,1
84656,1
85627,1
67626,1
86572,1
86872,1
87207,1
87238,1
88303,1
89032,1
89932,1
67184,1
90310,1
90510,1
67150,1
91132,1
66760,1
93298,1
94390,1
94875,1
95787,1
96089,1
96543,1
96614,1
98049,1
98509,1
98837,1
99888,1
787,1
987,1
2652,1
4311,1
6458,1
8360,1
65932,1
12862,1
13105,1
15092,1
15229,1
65665,1
19843,1
21212,1
21614,1
23135,1
26648,1
65198,1
27295,1
28129,1
64824,1
64482,1
32527,1
32756,1
33118,1
35219,1
36596,1
40823,1
41382,1
42255,1
44580,1
44641,1
45036,1
46422,1
63978,1
48315,1
49894,1
50145,1
53421,1
55449,1
55671,1
55866,1
57735,1
62361,1
65314,1
61605,1
66698,1
61316,1
69116,1
71696,1
73527,1
75615,1
75915,1
78086,1
79128,1
79691,1
60455,1
82172,1
84620,1
59794,1
59479,1
90188,1
91736,1
91801,1
91862,1
92091,1
59181,1
94783,1
59050,1
96392,1
57716,1
2230,1
15587,1
24527,1
54655,1
37336,1
37945,1
56639,1
49966,1
52965,1
56132,1
15007,1
27909,1
55436,1
73167,1
55007,1
54838,1
36025,1
54018,1
56870,1
62374,1
92739,1
20517,1
28174,1
53797,1
53049,1
63263,1
63722,1
52798,1
50424,1
31969,1
38032,1
68703,1
71442,1
88701,1
89465,1
93085,1
40601,1
52420,1
58940,1
52012,1
62453,1
68383,1
81081,1
3537,1
23101,1
33374,1
68346,1
93157,1
21422,1
14217,1
51986,1
51020,1
78496,1
94459,1
94939,1
22302,1
28170,1
50114,1
71879,1
50106,1
49266,1
18880,1
37544,1
51399,1
57369,1
48968,1
34192,1
36690,1
90057,1
96550,1
1069,1
1898,1
48912,1
48867,1
56163,1
64214,1
80141,1
85942,1
89866,1
31809,1
11281,1
44728,1
3356,1
9937,1
29681,1
28934,1
59629,1
79450,1
3694,1
63763,1
35303,1
10,1
260,1
41631,1
50875,1
65722,1
72430,1
7489,1
25315,1
74692,1
5340,1
7707,1
41735,1
69657,1
80459,1
48658,1
92290,1
47588,1
11837,1
45373,1
13955,1
17395,1
19243,1
20102,1
20686,1
21302,1
22824,1
45354,1
26359,1
28366,1
30589,1
30593,1
33238,1
36589,1
37376,1
39355,1
44639,1
48425,1
57473,1
58135,1
44989,1
58203,1
59929,1
60011,1
44369,1
65581,1
66648,1
70252,1
72789,1
73404,1
43822,1
84529,1
43342,1
90600,1
92563,1
99333,1
55387,1
18553,1
27781,1
61127,1
5488,1
48341,1
98454,1
37773,1
74496,1
59418,1
88519,1
96138,1
70795,1
34122,1
36602,1
40367,1
42810,1
68045,1
75144,1
96890,1
19813,1
25020,1
25707,1
42678,1
40522,1
66153,1
41623,1
74060,1
41619,1
41399,1
68775,1
16670,1
48677,1
52848,1
41084,1
6322,1
39200,1
53239,1
79241,1
91606,1
29625,1
89713,1
40302,1
16980,1
23223,1
35010,1
54569,1
39705,1
19608,1
20739,1
27348,1
30418,1
38230,1
2247,1
5680,1
7443,1
8935,1
29011,1
71446,1
83887,1
85486,1
8207,1
10862,1
11663,1
12043,1
22282,1
70984,1
37863,1
72020,1
81521,1
35812,1
90278,1
4680,1
5458,1
34175,1
41474,1
55065,1
91869,1
37245,1
81136,1
83839,1
84402,1
84579,1
7398,1
7844,1
36454,1
38503,1
43756,1
60677,1
63760,1
65890,1
77074,1
80514,1
81969,1
87726,1
14846,1
43326,1
61466,1
67447,1
75090,1
36155,1
92456,1
15306,1
21408,1
28956,1
30866,1
44992,1
35424,1
52590,1
34687,1
78504,1
84874,1
89667,1
93082,1
33852,1
83533,1
34612,1
92549,1
34475,1
6572,1
18653,1
19922,1
66858,1
33496,1
39082,1
70718,1
4383,1
33881,1
33317,1
6127,1
31950,1
10213,1
31898,1
16002,1
31580,1
25734,1
26520,1
31097,1
34181,1
29057,1
27612,1
43078,1
51687,1
58577,1
59867,1
61999,1
65386,1
71518,1
80243,1
27453,1
86629,1
25214,1
92687,1
24784,1
12654,1
16454,1
28937,1
65336,1
24141,1
6726,1
23199,1
36709,1
23051,1
50971,1
22032,1
74576,1
76844,1
79337,1
87995,1
24463,1
68371,1
86528,1
99281,1
465,1
872,1
2379,1
2698,1
3345,1
21870,1
6052,1
7163,1
7347,1
8710,1
9382,1
9831,1
21603,1
12105,1
21550,1
13282,1
13460,1
13884,1
20475,1
20041,1
19903,1
15081,1
16362,1
16639,1
16945,1
19824,1
17541,1
18574,1
18751,1
20179,1
20196,1
20634,1
23517,1
24380,1
25007,1
25120,1
19383,1
26862,1
28400,1
28588,1
29763,1
29768,1
18832,1
32158,1
32238,1
17597,1
33127,1
33146,1
33292,1
34997,1
36210,1
16922,1
39317,1
15741,1
41274,1
41889,1
42857,1
43821,1
44521,1
15110,1
14173,1
47582,1
48567,1
14133,1
51014,1
12900,1
56446,1
59194,1
12859,1
12036,1
60863,1
61837,1
62428,1
11586,1
63010,1
63233,1
63293,1
64384,1
64997,1
65083,1
65443,1
65927,1
66162,1
66547,1
67045,1
10652,1
67790,1
9210,1
70720,1
73845,1
8813,1
75434,1
75552,1
75607,1
75719,1
75781,1
76174,1
80825,1
83713,1
7533,1
85120,1
85545,1
86469,1
88553,1
89973,1
93387,1
94483,1
7384,1
97656,1
97727,1
98156,1
98287,1
768,1
920,1
6354,1
1682,1
3440,1
3507,1
4835,1
5137,1
6740,1
7851,1
8080,1
8329,1
8628,1
9538,1
9747,1
9848,1
9874,1
9951,1
6142,1
5632,1
10584,1
11028,1
5041,1
13006,1
13286,1
17171,1
17333,1
17342,1
18138,1
18218,1
19114,1
3521,1
21040,1
21315,1
22321,1
3218,1
23435,1
24453,1
1978,1
25035,1
25996,1
26514,1
27276,1
1439,1
27792,1
27979,1
27999,1
29343,1
1374,1
30587,1
30620,1
1338,1
865,1
34524,1
36499,1
36571,1
37522,1
38960,1
803,1
41745,1
161,1
42613,1
43151,1
44201,1
44800,1
45100,1
45178,1
46151,1
46712,1
48226,1
49901,1
50469,1
50681,1
99586,1
53277,1
53468,1
53524,1
54759,1
54894,1
56055,1
56265,1
56540,1
57071,1
59496,1
60962,1
62735,1
63034,1
64185,1
65832,1
66495,1
67228,1
67427,1
67563,1
67884,1
99484,1
68582,1
99134,1
70727,1
97586,1
71096,1
71154,1
97372,1
94689,1
72255,1
73377,1
75337,1
75835,1
77164,1
77209,1
93473,1
78048,1
78376,1
78497,1
78707,1
79274,1
92628,1
79804,1
81113,1
81572,1
91547,1
82732,1
91063,1
83025,1
83198,1
83690,1
84122,1
84427,1
84875,1
85023,1
85730,1
86031,1
86722,1
87260,1
88291,1
89652,1
90036,1
90640,1
90655,1
91142,1
91555,1
93449,1
90125,1
97724,1
98143,1
98825,1
99551,1
89328,1
406,1
19597,1
88375,1
89698,1
392,1
62959,1
86667,1
91611,1
93579,1
10238,1
20181,1
25220,1
57056,1
58126,1
62746,1
64990,1
75014,1
45730,1
88057,1
81513,1
86918,1
97935,1
8949,1
20665,1
28634,1
31184,1
86576,1
78574,1
81334,1
90639,1
85719,1
94412,1
84742,1
56567,1
69393,1
79455,1
42112,1
84583,1
26307,1
37870,1
46018,1
46991,1
55443,1
88399,1
23652,1
13533,1
65921,1
82794,1
66728,1
76241,1
79793,1
97405,1
38587,1
81235,1
39900,1
80841,1
55928,1
51511,1
80783,1
29221,1
65384,1
11483,1
11512,1
19462,1
80756,1
1463,1
13858,1
26301,1
80346,1
45426,1
45795,1
47058,1
79739,1
55296,1
79684,1
60651,1
60678,1
64486,1
71523,1
71640,1
73694,1
83531,1
98402,1
22209,1
30961,1
26935,1
20048,1
20830,1
66601,1
17881,1
35442,1
38244,1
40076,1
62956,1
79164,1
82066,1
5779,1
10900,1
16399,1
19152,1
42471,1
43655,1
48026,1
59761,1
616,1
78551,1
8739,1
10971,1
11198,1
11801,1
14482,1
23137,1
25728,1
26256,1
26888,1
27400,1
32622,1
35520,1
42770,1
77301,1
55208,1
57095,1
58432,1
59373,1
61602,1
67536,1
68248,1
70500,1
76566,1
73414,1
77190,1
79069,1
81926,1
82477,1
87136,1
89773,1
75695,1
96643,1
97587,1
99142,1
75296,1
97481,1
63578,1
8228,1
34200,1
68083,1
92478,1
24710,1
30778,1
70499,1
13912,1
75066,1
92536,1
74659,1
11936,1
23186,1
33952,1
62699,1
33019,1
74537,1
80847,1
34256,1
74233,1
26553,1
41070,1
15197,1
48587,1
57215,1
60505,1
61213,1
99223,1
73901,1
78243,1
14589,1
75330,1
16447,1
45645,1
55793,1
55854,1
89068,1
40408,1
73179,1
87736,1
12185,1
56000,1
73735,1
35125,1
37378,1
61312,1
61756,1
64011,1
19511,1
24279,1
37924,1
72674,1
72102,1
72801,1
91263,1
4744,1
29624,1
66023,1
71786,1
20771,1
71780,1
49805,1
78920,1
82795,1
93027,1
97577,1
73136,1
6824,1
70209,1
8720,1
11062,1
11899,1
12590,1
69869,1
69475,1
18957,1
22882,1
26731,1
26845,1
29679,1
30053,1
30265,1
37487,1
39184,1
39518,1
40968,1
42555,1
46395,1
46562,1
54444,1
55288,1
68556,1
58397,1
67152,1
63993,1
65285,1
72917,1
74112,1
79907,1
83183,1
83244,1
84791,1
87434,1
90899,1
91310,1
9081,1
74214,1
5664,1
32156,1
44589,1
82248,1
2976,1
4923,1
5697,1
6697,1
9094,1
9116,1
11556,1
66487,1
12397,1
15970,1
16220,1
65155,1
20579,1
20885,1
25088,1
26377,1
26954,1
64646,1
31200,1
33963,1
37154,1
64549,1
42567,1
44773,1
45286,1
46349,1
46938,1
64069,1
50417,1
51527,1
52271,1
52554,1
54485,1
63656,1
57539,1
63109,1
60343,1
60635,1
62500,1
61486,1
65335,1
61126,1
65916,1
67299,1
68313,1
69559,1
70077,1
70277,1
70713,1
74651,1
74815,1
59993,1
79592,1
80548,1
80797,1
81224,1
84093,1
84996,1
85097,1
85768,1
59444,1
59439,1
92472,1
93081,1
93851,1
96660,1
98750,1
98761,1
88353,1
93881,1
94601,1
59009,1
7870,1
8558,1
22100,1
35823,1
45433,1
58122,1
59688,1
62302,1
65772,1
69113,1
69720,1
86291,1
1148,1
2712,1
7602,1
58912,1
27765,1
37804,1
38370,1
38772,1
57515,1
49114,1
49136,1
57209,1
55352,1
73642,1
76212,1
77731,1
53803,1
88735,1
52889,1
95125,1
96844,1
19,1
173,1
494,1
1153,1
52837,1
52809,1
1833,1
2130,1
2194,1
3067,1
52163,1
51540,1
3812,1
3878,1
4093,1
4523,1
50294,1
5026,1
5251,1
5786,1
5796,1
6004,1
50155,1
6469,1
6651,1
7166,1
7180,1
7375,1
7396,1
7790,1
7853,1
8380,1
8692,1
49863,1
9228,1
9238,1
10007,1
10779,1
49694,1
11002,1
11083,1
11358,1
49293,1
12380,1
12490,1
12510,1
12856,1
13548,1
13604,1
13982,1
15288,1
15630,1
16132,1
16321,1
16345,1
16375,1
16662,1
18380,1
19244,1
19994,1
20202,1
20591,1
48273,1
20853,1
21043,1
21400,1
21578,1
21868,1
22307,1
22527,1
23045,1
23182,1
46830,1
23959,1
42848,1
24266,1
24482,1
24920,1
25273,1
25338,1
25611,1
27410,1
42000,1
41523,1
30458,1
30464,1
30531,1
30677,1
31031,1
31435,1
31507,1
31785,1
31841,1
41075,1
32430,1
32829,1
33802,1
33940,1
34160,1
39826,1
39042,1
34699,1
39039,1
35165,1
35197,1
36558,1
37311,1
37367,1
38132,1
38254,1
38480,1
39301,1
39605,1
39828,1
39947,1
40286,1
40447,1
40623,1
41020,1
41535,1
37681,1
43207,1
43321,1
43956,1
44527,1
37646,1
37329,1
36721,1
45271,1
45323,1
45349,1
45483,1
45582,1
45723,1
45896,1
46101,1
46361,1
46903,1
47024,1
47311,1
47340,1
47464,1
47627,1
47713,1
36050,1
35929,1
49838,1
50105,1
51131,1
51411,1
51567,1
51607,1
51882,1
35126,1
34837,1
34449,1
54422,1
54488,1
54608,1
54673,1
55172,1
55533,1
56398,1
56964,1
57348,1
57522,1
57556,1
57683,1
32366,1
58094,1
58271,1
58467,1
31939,1
30754,1
59238,1
59275,1
59568,1
61572,1
61613,1
62806,1
62918,1
63017,1
30296,1
29630,1
65157,1
65477,1
65988,1
66159,1
29554,1
66636,1
66845,1
66886,1
66962,1
67380,1
28066,1
68504,1
68653,1
68728,1
27358,1
69200,1
69278,1
69340,1
69479,1
70240,1
26202,1
70865,1
71216,1
24408,1
72951,1
74349,1
74350,1
75001,1
75272,1
75298,1
75608,1
75884,1
76011,1
23492,1
76940,1
22162,1
21017,1
20267,1
19701,1
78224,1
78864,1
79083,1
79756,1
79796,1
80196,1
80432,1
80462,1
19317,1
80666,1
80806,1
80951,1
81095,1
81741,1
81871,1
81966,1
82433,1
82583,1
82992,1
83262,1
83272,1
18586,1
17716,1
84616,1
84943,1
84993,1
85031,1
85207,1
85474,1
17261,1
85859,1
86117,1
87038,1
87123,1
17095,1
16950,1
87725,1
87867,1
88154,1
88478,1
16902,1
89629,1
16553,1
14980,1
90381,1
90450,1
90830,1
91196,1
91741,1
14814,1
92045,1
92235,1
92749,1
14236,1
93344,1
93518,1
93899,1
93967,1
94115,1
94326,1
94396,1
96745,1
97122,1
13107,1
97971,1
12779,1
12445,1
98528,1
98868,1
99382,1
11949,1
99605,1
99861,1
1444,1
3042,1
3214,1
3281,1
11924,1
11468,1
4412,1
4723,1
4726,1
10951,1
10251,1
5733,1
6132,1
6141,1
8477,1
6878,1
6947,1
7999,1
8859,1
9131,1
9249,1
8057,1
10483,1
11169,1
7454,1
12081,1
12276,1
12359,1
12376,1
12395,1
12836,1
13133,1
13720,1
13867,1
14159,1
14463,1
14677,1
15223,1
16183,1
7420,1
6528,1
17230,1
18134,1
19053,1
20833,1
21125,1
5711,1
21979,1
22596,1
22832,1
5407,1
23227,1
24013,1
24023,1
24046,1
24258,1
25505,1
25613,1
25796,1
26006,1
27073,1
28176,1
4476,1
29744,1
30450,1
3092,1
1551,1
31626,1
31900,1
926,1
33462,1
34498,1
487,1
35087,1
35150,1
35820,1
38328,1
38837,1
40325,1
40349,1
152,1
41060,1
84371,1
41958,1
42186,1
42226,1
42461,1
42806,1
72297,1
43227,1
63859,1
45396,1
46248,1
46804,1
47882,1
47959,1
48143,1
48348,1
61724,1
49027,1
37622,1
49393,1
50315,1
50507,1
50712,1
50879,1
51784,1
51915,1
52917,1
53300,1
53689,1
54176,1
54517,1
54564,1
54930,1
5655,1
55357,1
55439,1
56147,1
83421,1
56410,1
57676,1
57705,1
58571,1
58869,1
59606,1
59971,1
60557,1
61713,1
62204,1
62240,1
62567,1
63693,1
64078,1
65855,1
66566,1
66572,1
54394,1
68165,1
53554,1
68881,1
69165,1
69202,1
40495,1
71128,1
13988,1
71946,1
73467,1
73552,1
73634,1
74340,1
80340,1
38113,1
159,1
76635,1
96718,1
94104,1
77363,1
77913,1
78661,1
79056,1
79706,1
80519,1
80922,1
80947,1
81445,1
82189,1
83703,1
83792,1
84396,1
84851,1
92610,1
85313,1
85557,1
85864,1
86057,1
86810,1
88231,1
87780,1
88691,1
89830,1
90213,1
90348,1
86312,1
91731,1
77680,1
74601,1
92900,1
93740,1
94036,1
94413,1
94887,1
95696,1
95834,1
96631,1
96713,1
96754,1
97100,1
97316,1
97543,1
98148,1
98561,1
99395,1
99509,1
69986,1
6802,1
66033,1
55234,1
57142,1
63943,1
67957,1
64777,1
27793,1
62079,1
99323,1
51815,1
51892,1
2764,1
54749,1
59853,1
10147,1
47451,1
15239,1
41562,1
47071,1
80145,1
44155,1
78816,1
7458,1
12727,1
44313,1
69578,1
78416,1
40221,1
46873,1
53259,1
53346,1
42605,1
78378,1
19947,1
25369,1
37720,1
41320,1
76230,1
77774,1
10674,1
16456,1
35234,1
36579,1
69730,1
34842,1
31695,1
16671,1
28644,1
35939,1
37340,1
48027,1
58311,1
70291,1
29736,1
94631,1
24947,1
49366,1
22711,1
62931,1
72568,1
79624,1
16627,1
41305,1
72292,1
72746,1
88669,1
34054,1
34903,1
78109,1
41929,1
74386,1
21741,1
18869,1
16379,1
18737,1
56267,1
58675,1
3713,1
94077,1
52188,1
55260,1
1383,1
80809,1
15096,1
4372,1
64135,1
2149,1
13115,1
15941,1
18436,1
48736,1
26683,1
74203,1
59569,1
67155,1
70589,1
82185,1
97872,1
69194,1
86760,1
20615,1
23705,1
75904,1
75150,1
75039,1
72358,1
67785,1
37537,1
65605,1
72376,1
70384,1
16833,1
87485,1
96677,1
60365,1
25101,1
49139,1
58705,1
66026,1
42921,1
81532,1
91071,1
38017,1
99091,1
36196,1
66027,1
66604,1
84442,1
32785,1
37293,1
49960,1
53422,1
64906,1
74286,1
96911,1
17581,1
33032,1
36460,1
39281,1
46606,1
47099,1
52624,1
75184,1
76065,1
250,1
98849,1
57242,1
29238,1
18846,1
25198,1
20642,1
16471,1
33045,1
44361,1
6407,1
379,1
59692,1
94896,1
87342,1
27147,1
53947,1
59162,1
81666,1
85631,1
10882,1
3625,1
14757,1
15500,1
53253,1
94705,1
51967,1
66894,1
87517,1
66704,1
4989,1
1300,1
3031,1
4565,1
12048,1
48266,1
13509,1
17782,1
27167,1
27691,1
30654,1
32243,1
33682,1
34150,1
38711,1
1629,1
41215,1
45318,1
46311,1
46870,1
52153,1
52211,1
33231,1
57606,1
58460,1
34408,1
93789,1
69598,1
74401,1
76831,1
82979,1
85306,1
67363,1
99732,1
497,1
97856,1
83705,1
73442,1
2795,1
10330,1
11628,1
14486,1
16562,1
18914,1
49083,1
27518,1
32389,1
33868,1
35863,1
40921,1
44262,1
49935,1
50504,1
50803,1
39428,1
53553,1
26610,1
57841,1
58173,1
59230,1
62934,1
66198,1
70260,1
70451,1
72520,1
78209,1
80565,1
82196,1
84681,1
12690,1
91449,1
68802,1
92576,1
64009,1
2037,1
95903,1
32082,1
31092,1
11445,1
60411,1
75798,1
79074,1
352,1
461,1
607,1
1047,1
1331,1
24069,1
1987,1
3213,1
4355,1
4937,1
4960,1
83054,1
12464,1
6435,1
6544,1
8124,1
61896,1
9043,1
11098,1
11393,1
11633,1
13642,1
14160,1
15539,1
15748,1
16290,1
29396,1
16720,1
16821,1
19232,1
21649,1
23694,1
24615,1
24827,1
25720,1
28955,1
29145,1
30784,1
78528,1
31347,1
32020,1
32583,1
76627,1
33908,1
34017,1
34989,1
35654,1
36476,1
36593,1
39353,1
39354,1
39582,1
41248,1
41380,1
43664,1
44620,1
45053,1
45528,1
16433,1
3107,1
48238,1
50454,1
51365,1
75530,1
54353,1
52140,1
52542,1
52645,1
53282,1
53416,1
53593,1
54986,1
55135,1
19534,1
55581,1
56134,1
56263,1
74856,1
56686,1
57018,1
57248,1
85889,1
74479,1
59562,1
70477,1
60946,1
61871,1
62936,1
63514,1
47293,1
65253,1
65311,1
66056,1
66242,1
66778,1
67530,1
68109,1
69677,1
70163,1
70817,1
73799,1
74229,1
76099,1
76712,1
77094,1
77178,1
77758,1
77866,1
77905,1
78375,1
78953,1
79057,1
21800,1
96571,1
83460,1
84912,1
85460,1
86259,1
86734,1
87241,1
88864,1
89724,1
90268,1
91181,1
92502,1
93071,1
93768,1
94334,1
94639,1
94708,1
95648,1
79414,1
96541,1
96684,1
74529,1
9537,1
3914,1
4315,1
4498,1
4821,1
84475,1
6606,1
8617,1
8683,1
9257,1
9592,1
11188,1
26753,1
11955,1
12629,1
13487,1
15910,1
16483,1
18258,1
18464,1
19206,1
19226,1
20650,1
21233,1
21735,1
80620,1
24049,1
24653,1
25175,1
25322,1
26501,1
27287,1
36070,1
28316,1
20810,1
28966,1
31500,1
32658,1
32659,1
34473,1
11526,1
34741,1
90486,1
25070,1
36374,1
37809,1
37917,1
38160,1
40518,1
21265,1
41402,1
41683,1
43160,1
44014,1
44724,1
46221,1
48228,1
51181,1
52080,1
53138,1
54308,1
54552,1
55634,1
56135,1
56262,1
58275,1
58441,1
59103,1
59202,1
59639,1
60215,1
61245,1
61679,1
61693,1
63014,1
63225,1
64174,1
64752,1
66493,1
68786,1
63922,1
45065,1
71014,1
71097,1
71726,1
72240,1
72272,1
72889,1
26785,1
74710,1
74844,1
77025,1
78163,1
73400,1
72813,1
80864,1
80950,1
83650,1
84511,1
85448,1
86089,1
86323,1
88524,1
90521,1
90594,1
58939,1
91354,1
44290,1
91756,1
91821,1
39955,1
93611,1
95633,1
96585,1
97826,1
98511,1
98633,1
98884,1
25767,1
25144,1
99623,1
99679,1
58079,1
556,1
38471,1
94525,1
69057,1
84987,1
58777,1
70568,1
77639,1
88206,1
68435,1
14981,1
68745,1
82218,1
93607,1
30484,1
33346,1
85591,1
84610,1
59041,1
15842,1
97012,1
81993,1
10089,1
81027,1
74895,1
62482,1
91217,1
93288,1
95098,1
14068,1
18540,1
51506,1
59089,1
91187,1
9684,1
31343,1
38374,1
39439,1
74525,1
54898,1
88447,1
14638,1
91648,1
66989,1
79201,1
17681,1
14764,1
22029,1
22452,1
50202,1
79522,1
9574,1
29829,1
67040,1
75121,1
65270,1
34130,1
47749,1
55675,1
64936,1
95756,1
29289,1
69243,1
89656,1
63529,1
36678,1
90592,1
96179,1
24337,1
21396,1
78462,1
6762,1
16843,1
2293,1
3998,1
4443,1
10277,1
10332,1
10972,1
14510,1
24099,1
28107,1
33209,1
33980,1
68397,1
47507,1
49818,1
52657,1
57396,1
58423,1
65638,1
66721,1
66910,1
70428,1
70521,1
39611,1
73500,1
73612,1
78480,1
80362,1
88320,1
94223,1
95164,1
84163,1
7183,1
23978,1
24086,1
77275,1
10915,1
29249,1
48511,1
71245,1
24251,1
49765,1
30374,1
83238,1
9605,1
35816,1
4408,1
7536,1
43838,1
5018,1
59530,1
63472,1
64038,1
97990,1
77724,1
81682,1
82151,1
98086,1
37569,1
43635,1
18340,1
21618,1
6075,1
25329,1
16143,1
72276,1
76071,1
376,1
15367,1
10792,1
34376,1
40293,1
42241,1
3499,1
51928,1
53768,1
34577,1
62186,1
74976,1
78158,1
93839,1
3515,1
12518,1
21266,1
33419,1
37411,1
38000,1
41488,1
88343,1
69146,1
85312,1
20972,1
6810,1
8682,1
36213,1
39033,1
81812,1
88135,1
8709,1
62124,1
81249,1
97215,1
54545,1
84811,1
45108,1
68959,1
5023,1
11935,1
32586,1
63897,1
13113,1
48014,1
19530,1
22645,1
28270,1
32758,1
32799,1
39297,1
39459,1
19221,1
52032,1
53380,1
56741,1
11917,1
63896,1
72284,1
84135,1
84879,1
9492,1
96260,1
4942,1
99666,1
52058,1
69183,1
97278,1
43440,1
84195,1
88710,1
19587,1
78384,1
382,1
4353,1
79085,1
78039,1
11965,1
61632,1
16079,1
16887,1
19136,1
19209,1
28949,1
32800,1
33647,1
36229,1
37409,1
37665,1
38773,1
40319,1
40704,1
41098,1
44573,1
45235,1
48538,1
48594,1
48671,1
48777,1
51713,1
52073,1
25449,1
55305,1
58134,1
59682,1
61366,1
63834,1
71461,1
71723,1
74877,1
75956,1
76386,1
77501,1
81944,1
86413,1
25216,1
97182,1
99136,1
99879,1
76648,1
32433,1
33691,1
81129,1
99749,1
146,1
5451,1
95363,1
20465,1
28902,1
33707,1
34572,1
41881,1
43973,1
46206,1
47035,1
58354,1
69130,1
66474,1
67798,1
71935,1
74925,1
75201,1
81504,1
83036,1
88860,1
89111,1
89720,1
94081,1
18184,1
14934,1
80784,1
14609,1
16691,1
25907,1
28238,1
30965,1
36949,1
59048,1
62818,1
76595,1
81066,1
83255,1
95078,1
99024,1
123,1
291,1
59430,1
1272,1
2187,1
4425,1
46655,1
4803,1
5537,1
6683,1
6809,1
41177,1
7685,1
7773,1
8704,1
8807,1
9415,1
9449,1
10477,1
25093,1
13797,1
14939,1
92491,1
18428,1
18828,1
19711,1
20942,1
45486,1
1199,1
21577,1
23991,1
26464,1
27339,1
27419,1
28030,1
26283,1
29080,1
29133,1
29434,1
29723,1
30160,1
30337,1
30498,1
30698,1
30803,1
31138,1
31224,1
31552,1
78892,1
32357,1
33043,1
33490,1
33503,1
34013,1
34168,1
35110,1
36442,1
36773,1
37110,1
37513,1
39067,1
39101,1
40456,1
40657,1
40847,1
40927,1
41870,1
42896,1
43415,1
45785,1
46988,1
47581,1
48006,1
49659,1
50146,1
51351,1
51684,1
52949,1
53209,1
53577,1
98207,1
54132,1
54424,1
55321,1
92971,1
76644,1
58386,1
58438,1
59146,1
22127,1
92872,1
60301,1
88188,1
61225,1
61844,1
61921,1
62623,1
63398,1
64539,1
65695,1
66032,1
66326,1
67108,1
67215,1
84908,1
68381,1
40429,1
69457,1
69662,1
70869,1
71187,1
38045,1
72549,1
73768,1
74108,1
76022,1
76150,1
76696,1
77273,1
78028,1
78908,1
80952,1
81134,1
82313,1
82478,1
83269,1
84410,1
84812,1
86118,1
86391,1
88534,1
89917,1
90227,1
90659,1
90980,1
90988,1
91879,1
91981,1
93231,1
93289,1
94831,1
95089,1
96418,1
30261,1
858,1
1615,1
2040,1
2613,1
3407,1
4670,1
8638,1
9390,1
9778,1
12749,1
14256,1
15483,1
21002,1
21115,1
23679,1
25194,1
25230,1
23647,1
26646,1
26690,1
17502,1
28969,1
29014,1
29026,1
29862,1
30007,1
33979,1
13701,1
38792,1
38933,1
40385,1
40527,1
42105,1
42598,1
43121,1
43493,1
43584,1
47001,1
48759,1
66941,1
50176,1
55400,1
56371,1
86905,1
60372,1
61947,1
62566,1
63355,1
61925,1
66867,1
67495,1
67940,1
69543,1
59968,1
72487,1
34840,1
21004,1
77817,1
79978,1
80372,1
84841,1
88629,1
89470,1
78696,1
91426,1
93270,1
95435,1
68158,1
96175,1
92891,1
16699,1
47996,1
5159,1
77378,1
78285,1
83607,1
89217,1
84817,1
71757,1
5753,1
26316,1
60465,1
2452,1
18842,1
64106,1
67058,1
18090,1
37418,1
70879,1
21219,1
21297,1
49395,1
8706,1
47874,1
67850,1
74512,1
94926,1
31384,1
68590,1
72525,1
98568,1
27841,1
47821,1
4720,1
89175,1
93316,1
93773,1
29831,1
77898,1
7088,1
10077,1
32620,1
59667,1
65986,1
36600,1
7,1
38769,1
47037,1
49147,1
75499,1
92042,1
23779,1
44215,1
68133,1
71666,1
40245,1
26658,1
42710,1
46693,1
10457,1
85795,1
89151,1
99191,1
422,1
1521,1
4090,1
7506,1
5349,1
11036,1
15391,1
18925,1
22891,1
24037,1
32561,1
53754,1
34506,1
36298,1
36991,1
40441,1
38383,1
42308,1
13789,1
47512,1
50400,1
53446,1
63607,1
67133,1
67809,1
80890,1
88177,1
88588,1
96349,1
96838,1
98186,1
78629,1
14215,1
31159,1
51532,1
68925,1
75732,1
79959,1
94475,1
64981,1
70590,1
80337,1
86822,1
48211,1
74448,1
77087,1
79964,1
48109,1
35432,1
63336,1
87606,1
94623,1
8208,1
92037,1
3844,1
34284,1
52455,1
74077,1
95689,1
92,1
55619,1
9401,1
19746,1
3993,1
4377,1
10140,1
18642,1
37634,1
39685,1
45545,1
61242,1
67233,1
74718,1
75057,1
72001,1
83594,1
83878,1
85665,1
91934,1
92804,1
14282,1
18868,1
22188,1
72665,1
34393,1
57324,1
61591,1
54722,1
66147,1
97248,1
58042,1
51984,1
52203,1
54500,1
24745,1
42800,1
46594,1
78747,1
96366,1
81023,1
72357,1
8079,1
25847,1
28290,1
36641,1
41760,1
68953,1
83646,1
84482,1
97924,1
68433,1
50473,1
94497,1
6180,1
6889,1
49079,1
10412,1
47867,1
14356,1
15606,1
18878,1
21278,1
21952,1
23829,1
42830,1
27291,1
11470,1
3038,1
38859,1
38932,1
40225,1
42531,1
45740,1
50537,1
51089,1
53629,1
54472,1
56162,1
56835,1
58446,1
60443,1
64703,1
90783,1
65519,1
67121,1
67749,1
47857,1
68492,1
89055,1
70317,1
71087,1
78833,1
75220,1
75841,1
77893,1
78181,1
68502,1
79676,1
82473,1
83115,1
89660,1
90741,1
90906,1
93116,1
93222,1
743,1
71066,1
59403,1
14187,1
18407,1
27720,1
30287,1
38466,1
17152,1
76484,1
14311,1
3723,1
47568,1
91602,1
98250,1
9756,1
1660,1
2555,1
3587,1
4131,1
4151,1
5415,1
5629,1
5821,1
6051,1
96712,1
9173,1
96669,1
10264,1
10400,1
10762,1
93962,1
79790,1
13312,1
79650,1
14079,1
15015,1
76495,1
16959,1
17942,1
76413,1
18306,1
70193,1
19832,1
20391,1
23153,1
24564,1
26572,1
27821,1
28711,1
30872,1
30957,1
69409,1
32396,1
32920,1
34753,1
35042,1
35477,1
36062,1
36177,1
36770,1
37264,1
37321,1
38451,1
62257,1
38911,1
39394,1
39819,1
39993,1
40005,1
40840,1
59657,1
42976,1
58746,1
46008,1
58309,1
47405,1
47668,1
49465,1
52097,1
52112,1
54239,1
54692,1
54942,1
50810,1
47295,1
56014,1
56283,1
45567,1
58569,1
58639,1
59002,1
59254,1
42772,1
59624,1
60958,1
35580,1
62529,1
35555,1
63876,1
64600,1
34375,1
65429,1
65657,1
66040,1
66466,1
66507,1
33595,1
66703,1
66786,1
68053,1
68305,1
68724,1
68792,1
69022,1
70744,1
73131,1
73661,1
76506,1
76604,1
76709,1
24287,1
77689,1
77715,1
77970,1
78093,1
78749,1
79838,1
81090,1
81094,1
81247,1
82547,1
83410,1
83522,1
84160,1
84326,1
86963,1
23466,1
88899,1
89246,1
23241,1
99413,1
91346,1
93662,1
98284,1
94792,1
98274,1
97507,1
97234,1
99331,1
99407,1
99593,1
99601,1
99917,1
401,1
538,1
1132,1
96928,1
2000,1
2112,1
3094,1
3427,1
96885,1
95691,1
5226,1
5301,1
6284,1
6614,1
6873,1
8075,1
8481,1
8916,1
92905,1
11007,1
11696,1
92659,1
11844,1
12188,1
12910,1
14326,1
14384,1
14867,1
15374,1
15639,1
15716,1
16072,1
91582,1
18389,1
18423,1
19132,1
88512,1
22546,1
22925,1
24532,1
24553,1
24639,1
24690,1
24926,1
24966,1
25526,1
25573,1
25816,1
85967,1
26756,1
26801,1
28460,1
28601,1
29036,1
29600,1
29602,1
85422,1
30394,1
31899,1
32334,1
85138,1
32846,1
32974,1
33394,1
33697,1
83658,1
33977,1
34278,1
34295,1
35311,1
35681,1
82182,1
38542,1
38547,1
38634,1
80732,1
40614,1
79063,1
76930,1
75419,1
41532,1
75189,1
42368,1
42503,1
42831,1
43434,1
74629,1
43670,1
43896,1
74056,1
44917,1
73604,1
45961,1
46147,1
46153,1
46462,1
46478,1
72948,1
46998,1
47056,1
47105,1
49111,1
49411,1
49438,1
71344,1
68612,1
67192,1
66700,1
51471,1
66635,1
51718,1
65692,1
54254,1
54257,1
54271,1
54603,1
54909,1
55008,1
55148,1
55271,1
56190,1
56253,1
56736,1
57135,1
57532,1
57774,1
58900,1
58908,1
65428,1
60113,1
60825,1
59173,1
63773,1
64574,1
58957,1
65901,1
66191,1
66899,1
67176,1
68169,1
68202,1
68665,1
58949,1
56408,1
72094,1
72734,1
73613,1
74170,1
74242,1
56246,1
74535,1
75367,1
75390,1
76257,1
76746,1
77055,1
77086,1
77350,1
77390,1
79043,1
79084,1
79523,1
79681,1
79923,1
80083,1
80190,1
80371,1
80457,1
80531,1
80810,1
81011,1
81488,1
81631,1
82148,1
82743,1
82950,1
54888,1
54821,1
84894,1
85295,1
85349,1
85656,1
86609,1
87493,1
88112,1
48944,1
45414,1
89520,1
89532,1
45091,1
90073,1
90097,1
91156,1
91258,1
44736,1
91892,1
91974,1
92647,1
93469,1
93647,1
94045,1
94058,1
94268,1
94627,1
96181,1
98110,1
98874,1
99617,1
53435,1
80258,1
6826,1
14725,1
19526,1
48018,1
44057,1
72964,1
99469,1
50936,1
64677,1
35049,1
49075,1
67064,1
72882,1
75621,1
79212,1
22556,1
22899,1
43386,1
70620,1
71458,1
41845,1
679,1
14037,1
32207,1
41598,1
58278,1
73801,1
79279,1
86301,1
15155,1
27992,1
37287,1
38161,1
48601,1
77764,1
98062,1
61268,1
12195,1
35056,1
92820,1
35536,1
31048,1
10690,1
97003,1
30065,1
3050,1
7897,1
12659,1
13134,1
24802,1
32546,1
35552,1
35974,1
24461,1
36995,1
39024,1
44870,1
45266,1
49682,1
54445,1
23817,1
63201,1
63234,1
63956,1
65618,1
68680,1
71053,1
72098,1
74824,1
85299,1
88176,1
88404,1
89842,1
66739,1
19878,1
23239,1
41364,1
85365,1
46196,1
49145,1
21910,1
64183,1
95655,1
25812,1
49830,1
62764,1
85657,1
39080,1
81832,1
85879,1
93627,1
3689,1
21319,1
7338,1
77978,1
78544,1
84126,1
85399,1
20911,1
57299,1
32010,1
20301,1
92185,1
17450,1
19245,1
52466,1
56384,1
63128,1
68311,1
80511,1
94314,1
19186,1
4088,1
6681,1
41395,1
23527,1
59226,1
91386,1
19054,1
63352,1
86941,1
31405,1
18589,1
94169,1
9389,1
7289,1
18044,1
14832,1
32943,1
65316,1
17456,1
78045,1
78406,1
82293,1
95999,1
14592,1
12094,1
99321,1
7243,1
8787,1
11956,1
8197,1
13220,1
16249,1
2825,1
30409,1
90440,1
31731,1
37723,1
47647,1
85597,1
49924,1
52148,1
56005,1
72534,1
61984,1
66016,1
66446,1
68785,1
74955,1
64922,1
80068,1
80386,1
61072,1
80946,1
83067,1
84003,1
86385,1
88213,1
60966,1
58205,1
98232,1
99776,1
2071,1
10378,1
14022,1
20363,1
30419,1
38580,1
40557,1
44072,1
69242,1
93903,1
96797,1
37377,1
31528,1
39231,1
47097,1
28777,1
75906,1
92527,1
699,1
25887,1
805,1
1712,1
2481,1
3903,1
21142,1
4111,1
20868,1
19309,1
9661,1
12348,1
12393,1
14259,1
15730,1
16367,1
20780,1
21132,1
17348,1
5078,1
24267,1
25621,1
25986,1
26714,1
29654,1
31516,1
31749,1
31872,1
32860,1
33369,1
34026,1
34305,1
2947,1
35133,1
36625,1
37597,1
62261,1
39971,1
41291,1
41959,1
42425,1
42495,1
43619,1
45553,1
46500,1
47254,1
48616,1
49474,1
49681,1
50308,1
50356,1
50466,1
53932,1
56169,1
57882,1
58941,1
60366,1
60843,1
61171,1
62467,1
22729,1
63501,1
63523,1
99063,1
65868,1
80109,1
67702,1
79453,1
73348,1
77297,1
74426,1
75617,1
75969,1
76154,1
76279,1
77119,1
78216,1
79717,1
66405,1
64097,1
89195,1
89314,1
89511,1
89565,1
91670,1
91851,1
53297,1
92408,1
93813,1
98515,1
99217,1
117,1
1920,1
5513,1
10670,1
12280,1
13236,1
14499,1
34533,1
33696,1
16587,1
31012,1
377,1
19924,1
20403,1
22578,1
22818,1
22993,1
68153,1
25207,1
25652,1
31981,1
32127,1
32685,1
48571,1
34750,1
35761,1
44269,1
46090,1
31722,1
50128,1
50472,1
61786,1
96360,1
63969,1
87232,1
67419,1
71056,1
36268,1
74121,1
76615,1
90427,1
79908,1
82441,1
86247,1
94212,1
94305,1
72585,1
99005,1
91980,1
64140,1
87047,1
45755,1
51124,1
61856,1
84299,1
11861,1
40095,1
58795,1
63925,1
68985,1
89035,1
99075,1
61123,1
95876,1
79159,1
11889,1
47101,1
74532,1
74673,1
56009,1
27672,1
28092,1
37103,1
52256,1
66844,1
71649,1
73209,1
97025,1
2590,1
15283,1
21588,1
54235,1
54582,1
38123,1
89474,1
33866,1
80647,1
82739,1
63700,1
24014,1
25640,1
17024,1
39161,1
44988,1
53148,1
53234,1
66277,1
6536,1
56059,1
66610,1
92789,1
10268,1
22624,1
23367,1
63407,1
9320,1
11622,1
31980,1
37109,1
64596,1
1958,1
85123,1
87441,1
6518,1
7366,1
9676,1
19295,1
20734,1
20489,1
28312,1
29932,1
31371,1
33634,1
41500,1
42175,1
44601,1
45259,1
51487,1
52786,1
54352,1
55302,1
63449,1
68292,1
70928,1
71719,1
7960,1
62288,1
61637,1
80205,1
80509,1
83128,1
85384,1
87454,1
87520,1
88117,1
90358,1
93550,1
55005,1
97964,1
8129,1
36738,1
66332,1
13432,1
21022,1
20259,1
25264,1
55587,1
64971,1
92721,1
14692,1
70715,1
1617,1
40804,1
72282,1
73485,1
40423,1
91194,1
34074,1
36952,1
50687,1
860,1
5951,1
71330,1
73669,1
29636,1
51640,1
64576,1
72687,1
34681,1
43948,1
51079,1
86137,1
11341,1
62426,1
86516,1
38706,1
35474,1
46446,1
69151,1
83734,1
52553,1
41111,1
62307,1
59721,1
3558,1
52384,1
27996,1
28275,1
4032,1
35359,1
47264,1
50012,1
53766,1
55999,1
66546,1
93479,1
72405,1
73964,1
81421,1
31134,1
9255,1
14432,1
52210,1
80093,1
83384,1
1599,1
2781,1
4061,1
4336,1
76138,1
4927,1
5586,1
7059,1
7165,1
8070,1
6575,1
10094,1
10161,1
10648,1
10879,1
85568,1
24610,1
11867,1
6626,1
12555,1
13693,1
16168,1
16642,1
17394,1
65485,1
18805,1
21982,1
22051,1
22099,1
23315,1
25870,1
25997,1
26348,1
26358,1
26956,1
27356,1
35625,1
29184,1
29231,1
32469,1
32958,1
33051,1
33580,1
33773,1
37372,1
13686,1
95240,1
39036,1
39054,1
39729,1
40534,1
91049,1
78587,1
43011,1
43792,1
44285,1
46945,1
47038,1
47894,1
48152,1
48299,1
48507,1
48570,1
75974,1
61954,1
50619,1
51932,1
54066,1
54743,1
54803,1
56185,1
57914,1
59700,1
60119,1
61338,1
62479,1
64396,1
66008,1
66889,1
67998,1
69196,1
69656,1
69741,1
70623,1
70705,1
72099,1
72656,1
73625,1
75037,1
75475,1
51287,1
80401,1
81016,1
82828,1
84255,1
50188,1
84440,1
84831,1
86986,1
39472,1
90548,1
92308,1
93319,1
93838,1
94373,1
34970,1
94942,1
96382,1
97002,1
93515,1
97320,1
97431,1
78832,1
42199,1
71648,1
9662,1
13580,1
13799,1
24452,1
38738,1
43528,1
57973,1
57086,1
65737,1
68739,1
78799,1
85773,1
3750,1
6293,1
6805,1
7026,1
10183,1
11525,1
12293,1
33587,1
16152,1
17137,1
25228,1
25574,1
26632,1
35780,1
40615,1
30860,1
58324,1
25994,1
61328,1
65861,1
67080,1
70585,1
72895,1
73464,1
81085,1
89350,1
96095,1
98913,1
160,1
1270,1
1524,1
1806,1
1826,1
2135,1
16253,1
2556,1
3006,1
3018,1
3658,1
4005,1
4089,1
4225,1
13764,1
4658,1
5099,1
5167,1
5181,1
6151,1
5464,1
64786,1
5653,1
39155,1
5963,1
6707,1
6738,1
7619,1
93982,1
7919,1
8112,1
69954,1
8436,1
8476,1
8551,1
22654,1
8895,1
8913,1
9156,1
9414,1
9609,1
9897,1
10166,1
10274,1
10822,1
11264,1
11614,1
11755,1
9976,1
12181,1
12365,1
12460,1
12551,1
3871,1
12901,1
660,1
13356,1
13359,1
13400,1
13669,1
13696,1
14901,1
13859,1
14050,1
14061,1
14092,1
14103,1
14410,1
14458,1
76412,1
15200,1
15573,1
51704,1
16409,1
16412,1
16505,1
16787,1
16817,1
17313,1
17529,1
17676,1
17806,1
17841,1
17874,1
17923,1
18195,1
18225,1
18311,1
18430,1
18583,1
39359,1
19395,1
20047,1
20926,1
21041,1
21226,1
21344,1
21480,1
21488,1
98202,1
21654,1
21974,1
22082,1
22203,1
96664,1
23321,1
23322,1
23511,1
23970,1
24191,1
24626,1
24656,1
24833,1
87974,1
25146,1
25260,1
25266,1
25437,1
25659,1
25932,1
26176,1
73229,1
27089,1
99959,1
27179,1
27569,1
28225,1
28615,1
29404,1
98715,1
30038,1
30279,1
95355,1
30503,1
30533,1
32236,1
32753,1
33234,1
33393,1
33950,1
34152,1
34783,1
34812,1
34912,1
35388,1
94013,1
35422,1
35617,1
36055,1
36067,1
36161,1
91896,1
36886,1
36969,1
37026,1
89143,1
37228,1
37699,1
37710,1
37906,1
38208,1
38355,1
85394,1
39462,1
84653,1
39830,1
39988,1
40129,1
40246,1
80382,1
40281,1
40405,1
40465,1
40538,1
40888,1
79420,1
41074,1
41121,1
41135,1
41273,1
41464,1
78286,1
41570,1
42474,1
42556,1
43765,1
44248,1
44387,1
45111,1
45285,1
45423,1
45904,1
46142,1
46280,1
46438,1
72366,1
47408,1
47461,1
47632,1
47688,1
67393,1
47896,1
48042,1
63346,1
63278,1
48708,1
60432,1
48958,1
49179,1
49228,1
49280,1
58643,1
49416,1
46148,1
49582,1
49680,1
50121,1
50147,1
50303,1
44845,1
50388,1
44338,1
50486,1
51368,1
51754,1
51874,1
52200,1
52248,1
52421,1
52561,1
52802,1
52831,1
53140,1
53149,1
53200,1
53465,1
53855,1
54377,1
44319,1
54536,1
54666,1
54947,1
55069,1
55147,1
55242,1
42575,1
42142,1
55394,1
41271,1
55542,1
55722,1
55723,1
40780,1
56523,1
36576,1
56638,1
56851,1
56938,1
57288,1
57356,1
57390,1
57617,1
32521,1
32321,1
57933,1
30152,1
58166,1
58339,1
27262,1
26967,1
59428,1
59526,1
59537,1
59743,1
59870,1
60068,1
26282,1
60123,1
60327,1
60406,1
23404,1
60939,1
60996,1
22715,1
61408,1
61510,1
61634,1
62128,1
62183,1
62185,1
62212,1
21090,1
20503,1
62828,1
63383,1
63968,1
18910,1
17810,1
64953,1
65031,1
65141,1
65259,1
65351,1
65522,1
65632,1
66130,1
14258,1
12939,1
66643,1
66803,1
66834,1
66955,1
66974,1
67065,1
11794,1
9677,1
9127,1
68521,1
68677,1
2272,1
68993,1
69094,1
69220,1
1086,1
69630,1
69701,1
69911,1
550,1
70110,1
70391,1
70941,1
70943,1
71271,1
71374,1
71847,1
95392,1
87394,1
86411,1
73079,1
73081,1
73134,1
77093,1
73944,1
73994,1
56707,1
74222,1
74969,1
75632,1
75708,1
75886,1
52325,1
76327,1
76418,1
76575,1
76766,1
77155,1
77406,1
37837,1
77769,1
77844,1
78278,1
78700,1
79123,1
79137,1
36939,1
34381,1
79643,1
79939,1
79974,1
33820,1
29368,1
80562,1
80600,1
80638,1
80858,1
80914,1
80936,1
81068,1
81976,1
81983,1
82158,1
82163,1
82664,1
82807,1
12902,1
4552,1
97386,1
83318,1
83455,1
83746,1
40363,1
64730,1
84368,1
84424,1
84673,1
85190,1
85228,1
97262,1
85509,1
85708,1
86397,1
86425,1
86865,1
87142,1
87176,1
87631,1
87638,1
87801,1
88996,1
87999,1
88070,1
21528,1
88950,1
90311,1
90396,1
85407,1
91043,1
91422,1
91492,1
91634,1
91690,1
50744,1
91959,1
92101,1
92345,1
92376,1
92425,1
92875,1
93035,1
93262,1
93328,1
93448,1
90851,1
94140,1
94159,1
94300,1
94357,1
94407,1
94560,1
94655,1
94773,1
94932,1
94960,1
95389,1
95528,1
95540,1
95832,1
96851,1
97758,1
64913,1
97992,1
98083,1
35040,1
23516,1
99169,1
99180,1
99268,1
99337,1
99405,1
99643,1
99922,1
99961,1
522,1
990,1
60397,1
1201,1
3938,1
4067,1
39285,1
5598,1
5617,1
8438,1
8811,1
9507,1
10545,1
10774,1
11008,1
11577,1
11717,1
26885,1
12025,1
12079,1
13690,1
14766,1
3473,1
16445,1
16796,1
17103,1
17264,1
17347,1
17427,1
17448,1
18625,1
98709,1
19179,1
19276,1
19419,1
95423,1
21601,1
21894,1
22980,1
23192,1
86786,1
23560,1
23698,1
23919,1
24484,1
26479,1
26556,1
26561,1
65057,1
28360,1
28395,1
28553,1
28650,1
28720,1
28900,1
28967,1
30019,1
30830,1
31140,1
31144,1
31660,1
40469,1
32421,1
32721,1
33035,1
33257,1
33644,1
33684,1
33985,1
34243,1
26385,1
86733,1
35753,1
36897,1
37224,1
37258,1
63890,1
39721,1
40086,1
41718,1
41836,1
42068,1
42292,1
42491,1
43451,1
43468,1
43966,1
44311,1
45141,1
2010,1
46888,1
97912,1
47366,1
47563,1
47898,1
47930,1
59368,1
48680,1
48726,1
17594,1
57726,1
49544,1
51192,1
51362,1
52428,1
53601,1
53656,1
54016,1
54619,1
54845,1
54848,1
54997,1
55876,1
56203,1
57116,1
18802,1
55430,1
58770,1
66396,1
59617,1
59858,1
59948,1
60073,1
60438,1
48804,1
62386,1
10111,1
66320,1
26980,1
23373,1
69643,1
69708,1
69938,1
71967,1
72307,1
73015,1
73635,1
73833,1
74226,1
74259,1
75476,1
75605,1
75713,1
76165,1
76312,1
28086,1
15435,1
90905,1
89243,1
48693,1
25836,1
79874,1
79903,1
80181,1
80441,1
80818,1
80869,1
81378,1
81414,1
81423,1
81866,1
82504,1
24878,1
84373,1
84547,1
84847,1
85189,1
86564,1
86686,1
86791,1
88535,1
89610,1
89711,1
89967,1
91084,1
91440,1
92134,1
92686,1
93012,1
20506,1
94595,1
95080,1
95771,1
95882,1
96325,1
96326,1
96507,1
97700,1
98090,1
98447,1
37495,1
66075,1
17580,1
51108,1
16055,1
62020,1
50306,1
79209,1
559,1
98088,1
63602,1
63603,1
28428,1
40206,1
73645,1
2871,1
13095,1
16701,1
59504,1
84531,1
15981,1
17944,1
52995,1
43498,1
3155,1
23681,1
1654,1
6532,1
34862,1
56778,1
71239,1
55515,1
66647,1
28401,1
86095,1
19340,1
44902,1
4211,1
19966,1
70488,1
17102,1
60437,1
86877,1
33096,1
60694,1
13365,1
48903,1
67577,1
94931,1
5168,1
49762,1
306,1
3249,1
42715,1
89399,1
91593,1
46190,1
33762,1
22857,1
3827,1
9921,1
23253,1
27071,1
22204,1
27893,1
28919,1
30234,1
31888,1
34655,1
35901,1
12515,1
40229,1
52960,1
44693,1
47698,1
52105,1
53344,1
53969,1
54598,1
55572,1
77546,1
60308,1
68370,1
65597,1
67423,1
71892,1
98166,1
74880,1
77917,1
83142,1
89237,1
89997,1
92005,1
99990,1
91594,1
30821,1
32206,1
1342,1
60430,1
12338,1
15895,1
16346,1
17985,1
20757,1
59901,1
24224,1
48558,1
28632,1
85693,1
37166,1
85958,1
40279,1
43487,1
43648,1
46073,1
47985,1
14826,1
52549,1
55815,1
55997,1
58469,1
58687,1
93567,1
63417,1
34244,1
81352,1
82114,1
83196,1
82811,1
99695,1
85310,1
88366,1
89960,1
90472,1
93230,1
99144,1
1752,1
2720,1
3110,1
3381,1
4073,1
4446,1
5377,1
6020,1
7683,1
7896,1
9250,1
99077,1
11261,1
11840,1
13049,1
98829,1
16640,1
16703,1
98395,1
16877,1
98262,1
97694,1
21417,1
97026,1
95997,1
25703,1
25788,1
94453,1
27317,1
27825,1
32821,1
94452,1
34896,1
34978,1
36059,1
91436,1
91378,1
44999,1
91165,1
91052,1
45990,1
50667,1
50899,1
51297,1
91018,1
52488,1
54651,1
55457,1
57960,1
59143,1
59527,1
60508,1
61042,1
89362,1
63911,1
66461,1
67505,1
69707,1
88696,1
72423,1
77011,1
77498,1
80664,1
81522,1
81708,1
81712,1
86890,1
83598,1
86108,1
86131,1
86435,1
88607,1
89576,1
90127,1
90254,1
85377,1
85242,1
90717,1
85072,1
96603,1
99553,1
99841,1
7574,1
61405,1
81435,1
10992,1
44735,1
51447,1
59269,1
60727,1
77180,1
50476,1
72858,1
44987,1
62958,1
12661,1
13406,1
30874,1
53164,1
82787,1
45934,1
1965,1
68086,1
27555,1
40310,1
44492,1
81837,1
10248,1
28653,1
81509,1
84568,1
31630,1
98315,1
70270,1
19201,1
31460,1
35104,1
65073,1
71336,1
50656,1
59701,1
6708,1
11038,1
32375,1
80318,1
86264,1
78720,1
11377,1
24500,1
82665,1
92728,1
76317,1
4675,1
5109,1
8812,1
15128,1
17969,1
33877,1
75572,1
39100,1
43897,1
46005,1
47113,1
51308,1
74780,1
62559,1
72507,1
71960,1
73975,1
76707,1
89198,1
2923,1
333,1
48720,1
67553,1
79113,1
81013,1
84446,1
94391,1
96170,1
6392,1
52192,1
56525,1
72356,1
75357,1
71365,1
85673,1
70481,1
35006,1
85861,1
81218,1
31445,1
77847,1
70202,1
68602,1
41482,1
89755,1
5904,1
6104,1
22400,1
45605,1
74758,1
78577,1
84289,1
67038,1
38977,1
75355,1
5876,1
65488,1
22303,1
26128,1
35890,1
37803,1
44950,1
65327,1
64635,1
63448,1
66932,1
64488,1
64074,1
87528,1
98111,1
99445,1
63895,1
93553,1
106,1
781,1
2307,1
11379,1
11802,1
13629,1
19473,1
63171,1
62820,1
32797,1
33180,1
33658,1
61005,1
38592,1
38681,1
42270,1
60460,1
42854,1
60288,1
46813,1
49630,1
50765,1
52335,1
52608,1
55901,1
69414,1
79517,1
83229,1
84115,1
85160,1
89417,1
89668,1
92750,1
95762,1
4392,1
15221,1
20448,1
25881,1
35131,1
43952,1
60241,1
73830,1
86174,1
96066,1
603,1
27146,1
63502,1
63946,1
64545,1
69375,1
71742,1
59191,1
75213,1
76883,1
84718,1
58584,1
96153,1
96653,1
800,1
1024,1
1820,1
2456,1
58110,1
4854,1
6480,1
7848,1
57383,1
9206,1
11015,1
57327,1
11966,1
12018,1
12138,1
12504,1
12780,1
14859,1
14952,1
56274,1
56079,1
15294,1
15468,1
16353,1
55650,1
18664,1
19259,1
20105,1
21440,1
21698,1
22169,1
54704,1
54195,1
24005,1
24834,1
25245,1
26376,1
27302,1
27695,1
28351,1
29830,1
30183,1
31019,1
31296,1
31356,1
53337,1
31940,1
33107,1
33186,1
33605,1
34290,1
53089,1
37892,1
37948,1
38070,1
39345,1
39991,1
40754,1
41533,1
42354,1
44587,1
51563,1
50301,1
46319,1
46827,1
48865,1
50509,1
50728,1
53458,1
49223,1
54573,1
55338,1
55473,1
56475,1
56822,1
57003,1
57424,1
48689,1
47204,1
58766,1
60110,1
61186,1
61663,1
62089,1
64570,1
65548,1
46628,1
66449,1
66465,1
66504,1
66734,1
68844,1
69035,1
69887,1
70374,1
70889,1
71652,1
73616,1
44940,1
74727,1
44618,1
76548,1
77709,1
44511,1
79076,1
80079,1
81586,1
81811,1
44350,1
82560,1
82648,1
83211,1
84308,1
43899,1
85070,1
85495,1
85499,1
86172,1
86353,1
86949,1
87303,1
88202,1
88751,1
88949,1
89429,1
91654,1
93761,1
94303,1
94350,1
94731,1
95368,1
95643,1
43354,1
98224,1
98721,1
99563,1
43267,1
882,1
1401,1
42618,1
2634,1
2827,1
3991,1
5540,1
5965,1
6384,1
41759,1
6517,1
6806,1
6864,1
9163,1
9755,1
10228,1
12147,1
12271,1
12812,1
13412,1
14586,1
40948,1
16370,1
16518,1
16693,1
16986,1
17059,1
17422,1
18347,1
18416,1
20657,1
38791,1
38675,1
38601,1
37326,1
22510,1
22894,1
23261,1
25138,1
25510,1
27701,1
28509,1
28693,1
30203,1
30253,1
30514,1
30796,1
37060,1
36894,1
36675,1
36455,1
37512,1
37995,1
38988,1
35554,1
39205,1
40324,1
41027,1
42088,1
43848,1
35484,1
43860,1
44371,1
44812,1
45168,1
45239,1
45409,1
47215,1
47378,1
47765,1
49424,1
49882,1
50359,1
50421,1
50953,1
50966,1
52484,1
52644,1
53470,1
34712,1
54668,1
55736,1
34001,1
55877,1
55954,1
33371,1
57765,1
58018,1
58291,1
58312,1
33243,1
59093,1
32666,1
60051,1
32071,1
63663,1
63724,1
63786,1
63955,1
64219,1
64236,1
64401,1
64621,1
64762,1
65584,1
65903,1
66226,1
69385,1
31240,1
70203,1
30666,1
71589,1
72050,1
72320,1
73346,1
74469,1
75379,1
30616,1
75822,1
76485,1
76825,1
76898,1
79435,1
80165,1
80216,1
80612,1
80911,1
82069,1
82339,1
30223,1
82383,1
82423,1
83159,1
83543,1
83545,1
84589,1
84648,1
86529,1
87874,1
87912,1
30047,1
88812,1
89673,1
89717,1
89962,1
90736,1
91471,1
91628,1
92890,1
93871,1
94520,1
95626,1
95738,1
95843,1
27207,1
96108,1
96233,1
97524,1
26986,1
97944,1
99353,1
26945,1
99947,1
64261,1
96963,1
45502,1
46295,1
26573,1
25229,1
96879,1
18039,1
40278,1
52961,1
24577,1
73354,1
7202,1
24534,1
73932,1
94380,1
49895,1
76815,1
102,1
48698,1
75136,1
27226,1
23849,1
33192,1
63484,1
23330,1
49287,1
75682,1
745,1
23268,1
21536,1
43747,1
51927,1
55744,1
22625,1
21906,1
69553,1
41130,1
21720,1
68935,1
77508,1
17824,1
25354,1
58813,1
95498,1
8656,1
2312,1
3446,1
4606,1
21530,1
10579,1
14424,1
20682,1
17273,1
22434,1
26187,1
27183,1
20178,1
29752,1
30595,1
17982,1
31391,1
33878,1
35249,1
17931,1
40437,1
42129,1
16667,1
42539,1
43990,1
44158,1
45559,1
46235,1
46784,1
46989,1
47937,1
48373,1
48461,1
16622,1
15957,1
14856,1
52518,1
52550,1
55646,1
58647,1
58755,1
59129,1
61540,1
64125,1
65223,1
66169,1
68868,1
71092,1
71733,1
72179,1
77434,1
79937,1
83649,1
88517,1
89769,1
90634,1
13615,1
95601,1
20191,1
24091,1
28061,1
11300,1
11218,1
98746,1
11095,1
15717,1
43396,1
81838,1
90536,1
10761,1
83599,1
87694,1
22639,1
10256,1
75907,1
8938,1
45427,1
76438,1
83976,1
6698,1
7697,1
17865,1
55819,1
66967,1
68283,1
74543,1
97047,1
57980,1
19001,1
53323,1
72462,1
12557,1
8874,1
21161,1
42858,1
69226,1
57646,1
86460,1
19518,1
51945,1
8421,1
7572,1
70387,1
75628,1
95557,1
97723,1
24694,1
4762,1
7351,1
18358,1
20832,1
32459,1
6828,1
6130,1
4237,1
75293,1
4181,1
93447,1
3124,1
27228,1
60044,1
2349,1
2749,1
2676,1
6018,1
8490,1
1732,1
13180,1
22061,1
27127,1
1395,1
32478,1
34276,1
35055,1
44656,1
46729,1
49420,1
1218,1
59105,1
63902,1
95,1
65895,1
66591,1
71019,1
72145,1
74178,1
83319,1
83895,1
90661,1
96693,1
4858,1
15083,1
29172,1
34795,1
47120,1
73997,1
75933,1
98208,1
90111,1
97613,1
1523,1
62798,1
71546,1
88361,1
88663,1
89529,1
91637,1
142,1
1022,1
2530,1
5592,1
6417,1
6609,1
7768,1
8513,1
8942,1
9332,1
10712,1
11332,1
12655,1
13849,1
14604,1
15789,1
16713,1
16809,1
18460,1
18701,1
19010,1
20967,1
24039,1
24189,1
24860,1
25203,1
25224,1
97245,1
27368,1
27497,1
97023,1
30526,1
31367,1
32353,1
32944,1
34674,1
40036,1
40314,1
40481,1
41047,1
44500,1
44638,1
96512,1
49009,1
49388,1
50458,1
51942,1
96357,1
54213,1
96039,1
55484,1
57619,1
58000,1
58162,1
58216,1
58437,1
60130,1
60387,1
60629,1
61994,1
63548,1
63653,1
63702,1
94766,1
94172,1
67391,1
67772,1
68048,1
69773,1
70628,1
71028,1
72727,1
72793,1
75397,1
75816,1
77335,1
77379,1
79225,1
92544,1
79723,1
92274,1
81282,1
83065,1
83119,1
83148,1
90532,1
89501,1
86201,1
86356,1
86889,1
87763,1
88676,1
89275,1
92298,1
94442,1
89183,1
97570,1
98157,1
99372,1
99392,1
99952,1
490,1
2752,1
88571,1
88511,1
7299,1
7973,1
8451,1
10709,1
13670,1
14416,1
15405,1
86777,1
16669,1
16978,1
21702,1
21836,1
23480,1
24462,1
25158,1
25185,1
25186,1
25923,1
26290,1
27884,1
85659,1
81765,1
29112,1
81573,1
32021,1
33686,1
35280,1
81092,1
36237,1
36530,1
36984,1
38013,1
40497,1
41347,1
78966,1
43448,1
49082,1
51305,1
53946,1
78562,1
55346,1
56812,1
57796,1
78258,1
59748,1
59762,1
59785,1
60142,1
61191,1
65277,1
65756,1
77204,1
72360,1
73785,1
77165,1
76409,1
84097,1
86584,1
76242,1
76167,1
90079,1
90933,1
75087,1
91324,1
74915,1
97895,1
98226,1
99940,1
35472,1
6347,1
83193,1
70386,1
10232,1
14666,1
17728,1
24907,1
42885,1
51597,1
57845,1
66398,1
93055,1
94633,1
96766,1
62796,1
67370,1
95018,1
74571,1
5065,1
74564,1
74393,1
12486,1
25105,1
33003,1
41487,1
47687,1
52606,1
58482,1
68058,1
72156,1
76003,1
80191,1
80566,1
88577,1
73934,1
53233,1
86912,1
2439,1
73821,1
27466,1
50468,1
66820,1
67814,1
73575,1
38107,1
14851,1
73135,1
17988,1
71728,1
70595,1
3126,1
70049,1
21965,1
69909,1
26670,1
30936,1
33930,1
67170,1
89168,1
7063,1
68711,1
40637,1
55438,1
69068,1
87316,1
68522,1
44005,1
61712,1
95945,1
67455,1
36304,1
65014,1
78305,1
21035,1
66806,1
67439,1
98394,1
67405,1
14569,1
67293,1
58772,1
53776,1
54526,1
83808,1
67009,1
65859,1
66299,1
65452,1
86300,1
75814,1
6929,1
41812,1
80270,1
36744,1
68906,1
1059,1
65416,1
22140,1
27794,1
29990,1
33358,1
64206,1
54585,1
58044,1
63731,1
63881,1
98416,1
68570,1
97050,1
10209,1
10599,1
11419,1
12552,1
20036,1
20299,1
25221,1
25357,1
27517,1
32497,1
32615,1
34799,1
35077,1
40255,1
43676,1
45170,1
63652,1
45960,1
55486,1
55993,1
63436,1
60574,1
61152,1
61770,1
61776,1
61807,1
65564,1
67694,1
72083,1
76254,1
83429,1
86330,1
61419,1
60855,1
89264,1
90810,1
95836,1
95872,1
13073,1
38207,1
65042,1
70587,1
78399,1
80280,1
60220,1
59951,1
88754,1
88916,1
97155,1
1881,1
14434,1
59225,1
38120,1
66564,1
69860,1
57678,1
98466,1
495,1
1402,1
4367,1
56100,1
7463,1
12080,1
12335,1
16491,1
18681,1
18897,1
22812,1
22903,1
23558,1
23646,1
25974,1
26929,1
28699,1
31400,1
31938,1
32539,1
33362,1
33638,1
35660,1
38144,1
39714,1
40721,1
42651,1
44017,1
45853,1
55769,1
48629,1
48872,1
48947,1
49200,1
55474,1
52790,1
52963,1
54220,1
55425,1
55940,1
56170,1
56393,1
56488,1
52952,1
58783,1
52667,1
60753,1
60923,1
52639,1
62384,1
62614,1
52397,1
63791,1
68673,1
70098,1
73129,1
74276,1
74424,1
51805,1
74854,1
75829,1
75929,1
50683,1
48670,1
78995,1
48615,1
48119,1
86257,1
86375,1
47977,1
86930,1
88425,1
90116,1
90202,1
95900,1
97133,1
46792,1
97960,1
98036,1
98185,1
98304,1
98408,1
98562,1
99742,1
867,1
1414,1
1623,1
45532,1
1886,1
2052,1
2354,1
3255,1
3728,1
4918,1
5545,1
5620,1
5864,1
45455,1
6881,1
7077,1
45300,1
8156,1
42444,1
9947,1
10603,1
12392,1
12718,1
12881,1
13291,1
42339,1
14009,1
41949,1
15905,1
16135,1
16913,1
17413,1
18552,1
19157,1
41935,1
20206,1
21193,1
21314,1
21831,1
22403,1
41400,1
23280,1
23300,1
40951,1
24801,1
25183,1
25257,1
40023,1
27905,1
29074,1
29392,1
30060,1
32454,1
37085,1
33074,1
34671,1
35704,1
36212,1
36568,1
36945,1
35959,1
37365,1
37627,1
38818,1
39034,1
34529,1
39954,1
34060,1
41087,1
41298,1
41698,1
43077,1
43490,1
44299,1
45127,1
46294,1
46543,1
48200,1
48691,1
33635,1
49351,1
49577,1
49704,1
32816,1
50100,1
50135,1
50221,1
50884,1
51449,1
32197,1
52731,1
32072,1
29765,1
54455,1
29327,1
54867,1
55050,1
55384,1
56272,1
56772,1
57151,1
57197,1
57818,1
58530,1
58951,1
59268,1
59272,1
29098,1
60715,1
60897,1
60956,1
62730,1
63007,1
64114,1
64240,1
28794,1
66483,1
66576,1
28015,1
66957,1
67986,1
69472,1
69588,1
70302,1
27484,1
26965,1
26883,1
26728,1
26550,1
25893,1
25683,1
73327,1
74011,1
25053,1
75215,1
24805,1
76424,1
76583,1
78142,1
78331,1
78745,1
79020,1
79481,1
79827,1
24322,1
80315,1
80427,1
81369,1
81571,1
81860,1
82247,1
82995,1
23770,1
83581,1
83947,1
85208,1
85274,1
85757,1
23526,1
86076,1
86429,1
86454,1
23391,1
23260,1
88092,1
88705,1
89675,1
23075,1
22529,1
89865,1
90320,1
22356,1
91116,1
22226,1
22012,1
94944,1
95209,1
95810,1
96269,1
21967,1
97513,1
21584,1
21354,1
98505,1
99011,1
18344,1
30235,1
18335,1
89184,1
90784,1
81651,1
58123,1
33401,1
72515,1
7822,1
14148,1
18070,1
55863,1
10974,1
13623,1
33736,1
98410,1
99722,1
95235,1
72454,1
2798,1
38810,1
47249,1
54741,1
60304,1
68337,1
76320,1
81743,1
90082,1
90431,1
56708,1
62988,1
78061,1
58653,1
64952,1
66971,1
69771,1
72384,1
73432,1
17845,1
17789,1
63427,1
38050,1
40419,1
93047,1
39112,1
17606,1
18704,1
50547,1
15799,1
68672,1
15650,1
70980,1
77030,1
81200,1
10914,1
41814,1
46044,1
65501,1
96877,1
8876,1
9780,1
37555,1
74454,1
11484,1
14299,1
47357,1
66061,1
2431,1
3420,1
14231,1
14340,1
16423,1
18178,1
13483,1
28419,1
29839,1
30632,1
32752,1
37475,1
40187,1
43558,1
44200,1
13481,1
46973,1
47800,1
48429,1
49571,1
49746,1
55481,1
57280,1
59468,1
66981,1
68883,1
71364,1
76067,1
13468,1
79764,1
81991,1
82769,1
82898,1
11858,1
85136,1
97739,1
11602,1
10335,1
13515,1
46132,1
15376,1
39833,1
50033,1
93632,1
10197,1
90489,1
938,1
70210,1
70942,1
7669,1
9647,1
26666,1
28550,1
54819,1
16979,1
9614,1
87998,1
34189,1
42154,1
61229,1
20856,1
38930,1
8030,1
7903,1
91757,1
6526,1
7247,1
16800,1
24285,1
34064,1
34177,1
36946,1
37902,1
38432,1
50376,1
81463,1
83110,1
90613,1
98983,1
99023,1
6758,1
62043,1
7428,1
8578,1
17949,1
61452,1
62894,1
78981,1
96809,1
139,1
536,1
650,1
1121,1
4656,1
5092,1
7111,1
7198,1
7211,1
7453,1
8190,1
8575,1
8881,1
9246,1
9718,1
10083,1
11160,1
11181,1
11490,1
12599,1
14399,1
14403,1
14659,1
15399,1
4987,1
4922,1
19474,1
19682,1
21088,1
4721,1
4665,1
28020,1
28070,1
31294,1
31420,1
31917,1
33413,1
4609,1
35089,1
35171,1
2474,1
40316,1
41615,1
42056,1
42195,1
42879,1
43480,1
892,1
44310,1
45554,1
46086,1
46149,1
51625,1
51872,1
53207,1
53646,1
54372,1
55679,1
56857,1
57198,1
203,1
90312,1
60740,1
62548,1
62829,1
63021,1
63198,1
65505,1
65621,1
65970,1
66614,1
67202,1
68127,1
68946,1
69059,1
69288,1
69424,1
69839,1
70538,1
71459,1
72113,1
75007,1
75232,1
75664,1
76039,1
83399,1
77550,1
76939,1
82425,1
82706,1
83145,1
84013,1
86249,1
87676,1
62191,1
88828,1
89291,1
89643,1
90612,1
90935,1
91133,1
92378,1
92784,1
93057,1
93615,1
94156,1
94494,1
95058,1
96204,1
96625,1
99190,1
52600,1
99703,1
966,1
7586,1
18758,1
19007,1
49700,1
37459,1
49461,1
57519,1
60016,1
61927,1
64373,1
72845,1
84077,1
40536,1
91037,1
96613,1
569,1
756,1
3962,1
7762,1
13498,1
15211,1
20523,1
32332,1
23914,1
24265,1
31228,1
35876,1
38897,1
39264,1
40992,1
41092,1
30181,1
44154,1
47317,1
22549,1
50060,1
51635,1
57808,1
57920,1
58477,1
18669,1
62572,1
66356,1
67321,1
68268,1
70974,1
72468,1
73175,1
13239,1
74483,1
78140,1
78389,1
11110,1
85172,1
94923,1
95051,1
74962,1
95907,1
96852,1
441,1
462,1
811,1
834,1
1410,1
1902,1
69017,1
2898,1
3181,1
3476,1
3617,1
3718,1
5045,1
5054,1
5163,1
5310,1
5404,1
5651,1
6694,1
7265,1
63369,1
7943,1
8587,1
8764,1
8791,1
9139,1
9448,1
9616,1
9623,1
11193,1
11809,1
11970,1
12207,1
12882,1
12918,1
12926,1
13077,1
47301,1
13543,1
13638,1
14425,1
14527,1
14927,1
15120,1
15149,1
15238,1
15861,1
16134,1
16142,1
17159,1
17656,1
18008,1
15237,1
19601,1
19831,1
19930,1
20324,1
20423,1
6914,1
20767,1
22177,1
23143,1
23236,1
23438,1
23483,1
23727,1
23863,1
24944,1
25343,1
25495,1
25970,1
26160,1
26332,1
27158,1
27846,1
28079,1
28146,1
28350,1
28548,1
29907,1
30346,1
32091,1
32476,1
32532,1
32607,1
32781,1
32819,1
32863,1
33975,1
34462,1
35066,1
35113,1
35153,1
35429,1
4657,1
35892,1
36549,1
36613,1
99476,1
37024,1
38251,1
39299,1
39350,1
39368,1
39872,1
40050,1
40089,1
40494,1
95511,1
40668,1
41040,1
41600,1
42940,1
43021,1
95501,1
43119,1
43290,1
43976,1
44055,1
44097,1
44195,1
44582,1
94282,1
45375,1
46566,1
46999,1
47280,1
93733,1
92344,1
91351,1
48998,1
91092,1
49116,1
50377,1
50391,1
51653,1
51809,1
52642,1
52713,1
53141,1
53403,1
53704,1
53763,1
90300,1
54714,1
54747,1
54771,1
55523,1
89489,1
55921,1
88368,1
56954,1
57339,1
57459,1
57822,1
57860,1
87423,1
58731,1
58737,1
82947,1
59849,1
60314,1
60580,1
61340,1
80099,1
63579,1
63877,1
65305,1
65753,1
66351,1
79860,1
66945,1
67013,1
67512,1
78464,1
68057,1
68488,1
68506,1
68666,1
68695,1
74991,1
70000,1
70935,1
72088,1
72291,1
72597,1
73103,1
73125,1
73169,1
74089,1
74137,1
74636,1
74497,1
75748,1
75961,1
76308,1
76430,1
77489,1
78721,1
78948,1
79267,1
79297,1
79448,1
80269,1
80272,1
80397,1
80831,1
71535,1
82229,1
82273,1
82529,1
82656,1
69904,1
68328,1
84280,1
84638,1
84876,1
85076,1
68269,1
86225,1
86856,1
67377,1
87583,1
87836,1
87886,1
88062,1
88285,1
88339,1
88477,1
65211,1
89081,1
89691,1
89817,1
90869,1
64854,1
90972,1
91318,1
91499,1
91529,1
91781,1
91886,1
92257,1
64157,1
92660,1
92846,1
92876,1
93214,1
93876,1
94079,1
94276,1
94621,1
94991,1
95396,1
96353,1
96661,1
97781,1
97831,1
97908,1
98200,1
99015,1
99141,1
99235,1
99511,1
99653,1
63981,1
129,1
165,1
572,1
649,1
894,1
897,1
63089,1
984,1
1000,1
1036,1
1040,1
1188,1
1228,1
59770,1
1506,1
1578,1
1632,1
1633,1
1825,1
1831,1
1871,1
1908,1
1967,1
1984,1
2148,1
59210,1
2195,1
2209,1
2212,1
2292,1
2323,1
58258,1
2401,1
2504,1
2535,1
2586,1
2763,1
2820,1
2829,1
58188,1
2993,1
3125,1
3235,1
3286,1
57938,1
3302,1
3496,1
3662,1
3692,1
3699,1
3761,1
3841,1
3859,1
3875,1
3887,1
3897,1
3936,1
3958,1
57670,1
4078,1
4205,1
4279,1
4418,1
4458,1
4482,1
4546,1
4631,1
4870,1
5000,1
5008,1
5038,1
5060,1
5096,1
5288,1
5443,1
5467,1
5492,1
5494,1
55864,1
5842,1
5925,1
54328,1
6183,1
6205,1
6210,1
6252,1
6297,1
6622,1
6829,1
7052,1
7067,1
7089,1
7160,1
7176,1
7287,1
7534,1
7592,1
7610,1
7728,1
7747,1
7761,1
7902,1
49326,1
8171,1
8211,1
8276,1
8404,1
8666,1
8719,1
8740,1
46099,1
45790,1
9047,1
45206,1
9192,1
45154,1
9291,1
9292,1
9478,1
9713,1
9779,1
9845,1
9924,1
9983,1
10084,1
10164,1
10174,1
10207,1
10320,1
10357,1
10367,1
10500,1
10715,1
44089,1
10736,1
10800,1
10820,1
42731,1
42578,1
11018,1
11171,1
11312,1
41838,1
11395,1
11531,1
11564,1
11679,1
11732,1
11862,1
11938,1
41797,1
40388,1
12020,1
39804,1
12209,1
12369,1
12631,1
12633,1
12777,1
12795,1
12838,1
12914,1
12923,1
12930,1
12989,1
13024,1
13065,1
13125,1
13226,1
13237,1
13255,1
13293,1
13301,1
38399,1
38204,1
13436,1
13697,1
13765,1
13791,1
37754,1
37349,1
14218,1
14374,1
14437,1
14448,1
14450,1
14490,1
35734,1
14726,1
14850,1
14868,1
15235,1
15256,1
15257,1
34166,1
15336,1
15350,1
15360,1
15464,1
15488,1
15676,1
15734,1
15765,1
15792,1
32059,1
29672,1
15885,1
15911,1
16040,1
16344,1
16508,1
29646,1
16803,1
16805,1
16841,1
16847,1
17110,1
17268,1
29350,1
17466,1
17471,1
17612,1
17698,1
17843,1
17980,1
18076,1
18130,1
18179,1
18270,1
18312,1
27234,1
18368,1
18578,1
18679,1
18817,1
18841,1
18961,1
19043,1
19050,1
19184,1
19306,1
19371,1
19402,1
19434,1
19607,1
26456,1
22879,1
19672,1
20152,1
20290,1
20349,1
20358,1
22259,1
20601,1
20666,1
20716,1
20841,1
20867,1
20881,1
20952,1
20678,1
20992,1
18018,1
21056,1
21075,1
21109,1
21181,1
13207,1
21260,1
13007,1
21351,1
21459,1
21473,1
9724,1
22024,1
22150,1
22166,1
22238,1
9533,1
22491,1
22542,1
22647,1
22684,1
5358,1
22778,1
22783,1
22786,1
23174,1
23214,1
23218,1
23301,1
23368,1
23409,1
23573,1
23586,1
23600,1
23715,1
23792,1
23813,1
23818,1
23845,1
24019,1
24182,1
4844,1
2899,1
2269,1
24517,1
24585,1
24593,1
24637,1
24711,1
24849,1
24887,1
24917,1
25072,1
45060,1
25166,1
25288,1
25340,1
25494,1
25658,1
25692,1
25736,1
25804,1
25869,1
25924,1
26055,1
26108,1
26196,1
26236,1
33642,1
26286,1
26538,1
26776,1
26822,1
26877,1
27002,1
22935,1
27122,1
16564,1
27151,1
27216,1
27267,1
27303,1
27448,1
27472,1
27635,1
12998,1
27851,1
28029,1
28032,1
28122,1
28194,1
28219,1
28331,1
28353,1
28424,1
28448,1
28555,1
28600,1
28718,1
28834,1
28932,1
28959,1
29070,1
29171,1
29197,1
29413,1
29511,1
62211,1
29583,1
29590,1
29612,1
64520,1
29671,1
29762,1
29771,1
29793,1
29874,1
29953,1
29962,1
29982,1
30112,1
30127,1
30151,1
42125,1
30244,1
30299,1
30383,1
30391,1
30591,1
30650,1
30751,1
30775,1
30828,1
30837,1
30851,1
25948,1
30877,1
31065,1
31241,1
31288,1
31293,1
31479,1
31508,1
31545,1
31766,1
78677,1
32139,1
32154,1
32187,1
32231,1
32405,1
32511,1
37405,1
96306,1
95994,1
32656,1
32678,1
94883,1
32782,1
32916,1
94646,1
33086,1
33138,1
89310,1
86740,1
84098,1
33277,1
33283,1
33353,1
33357,1
33379,1
33557,1
33582,1
33754,1
33889,1
33957,1
33962,1
34125,1
34172,1
34224,1
34251,1
34336,1
34359,1
34394,1
34434,1
34479,1
34553,1
34785,1
34813,1
35181,1
35220,1
77461,1
35299,1
35433,1
35503,1
35512,1
74427,1
35642,1
35729,1
70429,1
35793,1
35881,1
35882,1
35978,1
36034,1
36048,1
63322,1
36071,1
36077,1
36104,1
36254,1
36291,1
36505,1
36519,1
36570,1
36636,1
36670,1
36692,1
36717,1
36734,1
36800,1
36934,1
36965,1
37020,1
37089,1
37149,1
37239,1
37333,1
37350,1
50612,1
37833,1
37962,1
38057,1
38061,1
38373,1
47247,1
38567,1
38624,1
37417,1
35669,1
38709,1
31867,1
38722,1
38750,1
38789,1
38823,1
38902,1
38939,1
38974,1
27365,1
19145,1
39364,1
15479,1
39402,1
39410,1
39475,1
13507,1
39670,1
39792,1
39805,1
39963,1
40068,1
90185,1
40158,1
47975,1
40382,1
40544,1
40622,1
40667,1
40795,1
40822,1
40831,1
85040,1
40916,1
8846,1
41081,1
41108,1
41116,1
41144,1
41150,1
41195,1
41227,1
41258,1
41388,1
53555,1
41475,1
41651,1
41743,1
41805,1
41822,1
41916,1
47742,1
41994,1
42033,1
42039,1
42062,1
44795,1
42117,1
42135,1
16305,1
42183,1
42189,1
42213,1
91057,1
62122,1
42698,1
42767,1
42886,1
42981,1
43130,1
43218,1
43257,1
8115,1
43567,1
43605,1
43614,1
43737,1
43909,1
43954,1
44003,1
44043,1
44430,1
44443,1
44476,1
44584,1
44688,1
44752,1
34210,1
41374,1
45222,1
17472,1
45246,1
45356,1
45398,1
45473,1
45508,1
45576,1
45606,1
45793,1
45805,1
45855,1
46038,1
46049,1
46139,1
46156,1
46187,1
46203,1
46394,1
46487,1
46504,1
46640,1
39019,1
47095,1
33623,1
47176,1
20961,1
19869,1
47363,1
47415,1
47462,1
47596,1
47615,1
47681,1
47741,1
47785,1
67604,1
47812,1
47895,1
47972,1
47986,1
52515,1
48301,1
48319,1
48329,1
48386,1
22423,1
48459,1
48499,1
48501,1
48554,1
48614,1
10322,1
5813,1
48798,1
48860,1
48992,1
49148,1
49192,1
49197,1
49247,1
49254,1
49297,1
49464,1
49558,1
49589,1
49607,1
49609,1
52342,1
49812,1
50018,1
50254,1
50330,1
50562,1
50581,1
50639,1
50933,1
50934,1
37789,1
51095,1
23019,1
51177,1
51299,1
51300,1
51317,1
51328,1
51334,1
51343,1
51348,1
51352,1
51374,1
51394,1
17062,1
51593,1
51734,1
51822,1
51917,1
51923,1
51948,1
52006,1
52007,1
52065,1
52086,1
52207,1
52320,1
52354,1
52536,1
52570,1
52757,1
52783,1
52803,1
52810,1
52909,1
52936,1
53027,1
1008,1
53213,1
53289,1
70475,1
53574,1
53600,1
53641,1
53687,1
17744,1
91587,1
54036,1
54057,1
54150,1
54165,1
54177,1
54241,1
54295,1
54304,1
54443,1
54474,1
54527,1
54560,1
54693,1
54798,1
91570,1
54871,1
54911,1
54921,1
55164,1
55232,1
55241,1
55390,1
55616,1
55660,1
75629,1
55922,1
56016,1
56255,1
74085,1
56290,1
56298,1
66912,1
56395,1
56470,1
48940,1
56594,1
56715,1
56756,1
56768,1
56864,1
56914,1
56978,1
57037,1
57110,1
57167,1
57380,1
57382,1
57393,1
57591,1
41911,1
57707,1
57750,1
57779,1
57849,1
57853,1
57855,1
57881,1
58065,1
27641,1
58293,1
58322,1
58444,1
58540,1
58645,1
58671,1
58741,1
58747,1
59086,1
59120,1
59165,1
59216,1
59244,1
59299,1
59333,1
59424,1
59529,1
59582,1
59595,1
59622,1
59710,1
59816,1
24810,1
59885,1
59897,1
59911,1
59998,1
60172,1
60205,1
23258,1
30017,1
60334,1
60517,1
60612,1
60882,1
60983,1
61120,1
61317,1
61392,1
61953,1
61996,1
62041,1
62116,1
62148,1
62201,1
62208,1
62228,1
62256,1
62319,1
62541,1
62578,1
62658,1
62801,1
17802,1
63285,1
63330,1
63382,1
63406,1
63445,1
63594,1
63646,1
63720,1
63840,1
71392,1
63854,1
63861,1
64040,1
64156,1
64320,1
64337,1
64340,1
64416,1
64432,1
71863,1
64734,1
64806,1
15602,1
64893,1
13842,1
92313,1
65065,1
65221,1
65332,1
65460,1
83606,1
65492,1
65643,1
65693,1
65735,1
45307,1
65997,1
66086,1
2885,1
66321,1
66354,1
66372,1
49835,1
66853,1
48494,1
67422,1
67500,1
67509,1
67523,1
67592,1
67639,1
67653,1
67693,1
48091,1
67854,1
68069,1
68081,1
15820,1
68190,1
68201,1
68227,1
68282,1
11846,1
68477,1
68512,1
68685,1
68875,1
68967,1
43817,1
64255,1
69199,1
69276,1
69360,1
69388,1
97657,1
69583,1
69589,1
93868,1
69792,1
90668,1
84853,1
70064,1
70152,1
70154,1
70172,1
70223,1
70229,1
70482,1
70493,1
70534,1
70550,1
70580,1
70812,1
70946,1
34827,1
70965,1
71061,1
71193,1
71240,1
71250,1
71254,1
71448,1
71505,1
71618,1
71694,1
71707,1
71711,1
71763,1
71783,1
19220,1
72165,1
72208,1
72456,1
12096,1
72505,1
72523,1
72689,1
72715,1
39609,1
72796,1
73024,1
73044,1
73067,1
93265,1
73161,1
73395,1
73517,1
73730,1
73757,1
89378,1
73831,1
73834,1
73855,1
73880,1
73912,1
74166,1
74269,1
74331,1
74455,1
88090,1
74538,1
52521,1
74751,1
74776,1
74807,1
74858,1
75019,1
75058,1
38416,1
35774,1
75251,1
75387,1
19583,1
75641,1
12176,1
16017,1
75701,1
75878,1
75903,1
75960,1
76012,1
76197,1
76208,1
76319,1
76370,1
76504,1
76659,1
76719,1
76754,1
76789,1
77221,1
77233,1
77319,1
77637,1
99073,1
43731,1
77829,1
77900,1
78026,1
78065,1
78066,1
78201,1
26045,1
78231,1
78277,1
78314,1
78446,1
78466,1
78473,1
78477,1
78615,1
78620,1
78628,1
78647,1
19576,1
78719,1
78755,1
78804,1
78825,1
78896,1
78906,1
79301,1
79328,1
79419,1
79553,1
79598,1
79692,1
79715,1
79722,1
79742,1
79769,1
79839,1
79847,1
79868,1
79879,1
79997,1
80038,1
80107,1
80129,1
80311,1
80405,1
80649,1
80894,1
80915,1
77435,1
95123,1
81214,1
81304,1
81335,1
81484,1
81491,1
81535,1
81630,1
81657,1
81688,1
81736,1
81768,1
82336,1
82084,1
80080,1
82216,1
79925,1
82304,1
82317,1
82493,1
82554,1
82689,1
82725,1
77302,1
82964,1
83102,1
75299,1
71876,1
83290,1
66730,1
83301,1
83302,1
83515,1
65002,1
83558,1
83655,1
83866,1
64397,1
62914,1
83928,1
83936,1
51819,1
84254,1
84307,1
84604,1
45220,1
85145,1
85243,1
85406,1
85527,1
85609,1
85703,1
45205,1
85968,1
86194,1
86214,1
42625,1
86316,1
86641,1
86662,1
86679,1
86709,1
30556,1
27238,1
86833,1
86849,1
86857,1
86998,1
87029,1
87044,1
87055,1
87153,1
87154,1
87185,1
87285,1
87340,1
87556,1
87950,1
88085,1
88116,1
88136,1
23563,1
88593,1
6733,1
88723,1
88743,1
88789,1
88821,1
89034,1
89064,1
89309,1
89609,1
89623,1
2340,1
89813,1
89823,1
89893,1
89939,1
90047,1
90129,1
78422,1
90363,1
90392,1
90444,1
50916,1
90870,1
90901,1
90997,1
91075,1
91222,1
91784,1
91785,1
91909,1
91988,1
92009,1
92028,1
57939,1
92076,1
92096,1
92217,1
92244,1
92400,1
92429,1
92433,1
92446,1
92450,1
85696,1
63712,1
92677,1
92710,1
92746,1
57341,1
92901,1
35482,1
92984,1
92994,1
34789,1
93023,1
4653,1
93138,1
93168,1
93215,1
93377,1
93947,1
94057,1
94066,1
64192,1
94162,1
94215,1
94271,1
94406,1
94435,1
94605,1
94622,1
94888,1
94979,1
94996,1
95083,1
95094,1
95156,1
95207,1
95214,1
95409,1
52529,1
42700,1
95523,1
95829,1
95830,1
36811,1
95902,1
95933,1
96044,1
96075,1
96122,1
96230,1
96398,1
96469,1
96580,1
96628,1
96640,1
96666,1
96701,1
96759,1
96812,1
96866,1
43248,1
96968,1
97163,1
97250,1
97264,1
97394,1
97548,1
97610,1
97643,1
97787,1
97833,1
97899,1
11455,1
57956,1
98270,1
98328,1
98368,1
98473,1
98627,1
33293,1
84131,1
62815,1
98852,1
98981,1
99086,1
99170,1
99240,1
99273,1
81077,1
99394,1
99448,1
99552,1
99721,1
99846,1
99868,1
99885,1
99902,1
19932,1
66500,1
72642,1
38976,1
57096,1
19657,1
46879,1
47899,1
61399,1
62431,1
78604,1
95690,1
512,1
14813,1
23344,1
24963,1
32481,1
33077,1
44128,1
49570,1
53113,1
67256,1
70019,1
70800,1
82019,1
9454,1
43276,1
53745,1
73749,1
91725,1
95773,1
69632,1
41968,1
60106,1
97709,1
33613,1
53043,1
81480,1
12319,1
67861,1
83513,1
41902,1
66671,1
24177,1
5056,1
6789,1
51284,1
73436,1
15014,1
41151,1
49655,1
4612,1
59898,1
91297,1
91496,1
34885,1
589,1
11775,1
17349,1
28218,1
95544,1
60251,1
33545,1
33705,1
34091,1
32949,1
35727,1
36693,1
37177,1
37446,1
18074,1
39123,1
2486,1
42544,1
46351,1
46928,1
51292,1
56306,1
57710,1
61514,1
63819,1
66212,1
71085,1
71789,1
73187,1
75995,1
76352,1
77818,1
80621,1
90060,1
7788,1
3375,1
48589,1
72173,1
97987,1
50441,1
40877,1
18633,1
77124,1
90070,1
96235,1
48779,1
55229,1
7474,1
20095,1
12012,1
18980,1
41220,1
4979,1
88937,1
25332,1
27166,1
51461,1
57761,1
60532,1
61686,1
67168,1
75138,1
76406,1
43239,1
69187,1
86630,1
16050,1
93905,1
9157,1
10759,1
16195,1
19037,1
19604,1
22689,1
23079,1
40812,1
27250,1
31684,1
53709,1
57282,1
60012,1
63715,1
67357,1
85863,1
95603,1
88778,1
98691,1
42070,1
42569,1
71101,1
10693,1
30818,1
45817,1
62242,1
52090,1
62647,1
58141,1
674,1
2315,1
4029,1
5504,1
7646,1
8924,1
13154,1
13532,1
15277,1
17593,1
20021,1
27350,1
23452,1
26024,1
27780,1
30822,1
32562,1
38699,1
38707,1
44240,1
44524,1
44813,1
45411,1
45951,1
49253,1
50489,1
52599,1
55947,1
86607,1
65348,1
69117,1
71632,1
74328,1
75891,1
76329,1
38948,1
78632,1
78723,1
79053,1
82559,1
84092,1
79750,1
85440,1
87413,1
88173,1
90524,1
91008,1
96144,1
99208,1
99811,1
61433,1
1074,1
2464,1
3922,1
4297,1
7847,1
8336,1
10063,1
39546,1
10188,1
11498,1
11842,1
12840,1
13755,1
15677,1
15823,1
16015,1
16538,1
17986,1
19165,1
19836,1
66994,1
24734,1
25348,1
25988,1
26212,1
27097,1
27467,1
28737,1
30015,1
33811,1
34573,1
35144,1
95025,1
69381,1
68723,1
38561,1
38896,1
39565,1
40114,1
45128,1
48728,1
46050,1
46412,1
46416,1
46874,1
47043,1
47737,1
42200,1
48871,1
87929,1
50721,1
83526,1
51439,1
51821,1
36190,1
25684,1
54164,1
24303,1
54633,1
99256,1
56426,1
57077,1
60449,1
83376,1
61083,1
61592,1
45197,1
64958,1
65698,1
42905,1
28156,1
68318,1
69466,1
70165,1
70711,1
70802,1
71705,1
23403,1
11914,1
75069,1
75796,1
77778,1
77956,1
78337,1
79012,1
79299,1
79798,1
80007,1
80237,1
80324,1
80583,1
81120,1
81275,1
3794,1
82953,1
84369,1
99807,1
84348,1
85344,1
85690,1
60495,1
86341,1
88054,1
49322,1
89008,1
3080,1
90039,1
90126,1
92477,1
93844,1
94670,1
26099,1
60662,1
98050,1
99001,1
7651,1
76267,1
85413,1
97211,1
12452,1
14890,1
15961,1
41576,1
59906,1
50783,1
91868,1
83941,1
61287,1
35685,1
87181,1
36289,1
39443,1
80813,1
17308,1
38556,1
22981,1
33662,1
45448,1
86599,1
61670,1
87818,1
66139,1
95099,1
5576,1
17209,1
72109,1
61754,1
91926,1
15409,1
70671,1
28082,1
81911,1
97114,1
6855,1
36724,1
34940,1
91970,1
5424,1
9711,1
20298,1
25827,1
4519,1
35682,1
40920,1
44178,1
56372,1
55507,1
62789,1
67655,1
70308,1
77657,1
81320,1
85058,1
89524,1
80977,1
43936,1
5252,1
18920,1
27435,1
30846,1
93753,1
11148,1
14593,1
67173,1
83554,1
1200,1
31998,1
98276,1
34631,1
56197,1
53799,1
95698,1
97658,1
22213,1
64092,1
75405,1
5798,1
86041,1
55402,1
63633,1
26595,1
92044,1
58768,1
97333,1
30963,1
44837,1
99140,1
30347,1
969,1
50819,1
1710,1
5788,1
6237,1
11925,1
15210,1
16745,1
94117,1
91659,1
29139,1
31711,1
88939,1
85300,1
81515,1
47157,1
48730,1
49217,1
51911,1
77449,1
76781,1
62053,1
62101,1
72079,1
73672,1
83188,1
69521,1
90150,1
95645,1
25921,1
5841,1
20155,1
32693,1
49639,1
52817,1
57053,1
69111,1
82034,1
84059,1
4772,1
7765,1
14694,1
16840,1
24646,1
38975,1
40750,1
43187,1
43356,1
47919,1
48338,1
60899,1
61494,1
84484,1
90835,1
92131,1
96806,1
97708,1
99020,1
796,1
1850,1
68760,1
5662,1
6506,1
6610,1
6755,1
7018,1
7538,1
7802,1
65547,1
59500,1
9946,1
12116,1
12978,1
13557,1
13810,1
14676,1
15952,1
16675,1
17779,1
17860,1
18022,1
58341,1
20408,1
20746,1
20960,1
21020,1
56955,1
21644,1
21943,1
22075,1
22545,1
23456,1
23838,1
54940,1
24437,1
25206,1
26375,1
27152,1
27321,1
27461,1
28010,1
30366,1
32689,1
32742,1
36452,1
41381,1
41476,1
42005,1
42032,1
43873,1
54596,1
47897,1
52828,1
52043,1
50455,1
50675,1
51388,1
52177,1
52460,1
53537,1
55259,1
55598,1
55666,1
55911,1
59067,1
59233,1
59397,1
59458,1
62030,1
62527,1
65080,1
65338,1
65739,1
48624,1
66046,1
66661,1
67090,1
67252,1
69961,1
71688,1
47655,1
75004,1
76328,1
78760,1
78940,1
46182,1
82485,1
83182,1
83602,1
83735,1
84535,1
85092,1
88803,1
89508,1
92997,1
93203,1
94653,1
96003,1
96594,1
97828,1
97864,1
98609,1
99116,1
4582,1
4836,1
5668,1
6780,1
7917,1
9195,1
10634,1
10755,1
11283,1
11643,1
13311,1
14233,1
43814,1
15783,1
17019,1
18628,1
19412,1
41226,1
23375,1
25244,1
25265,1
35416,1
27888,1
33772,1
32517,1
37744,1
26855,1
38613,1
38864,1
39678,1
25268,1
44241,1
45918,1
49899,1
24450,1
56392,1
58982,1
61103,1
64822,1
65132,1
65828,1
66331,1
66726,1
67310,1
67808,1
21070,1
69610,1
71183,1
72603,1
74803,1
74910,1
78069,1
79614,1
81747,1
84150,1
20394,1
85385,1
85897,1
87041,1
91780,1
92398,1
95637,1
95846,1
15387,1
15162,1
98112,1
99845,1
97876,1
14727,1
65446,1
99544,1
59445,1
89672,1
2008,1
42900,1
90305,1
38252,1
74147,1
12090,1
72752,1
80846,1
4167,1
14469,1
18444,1
20098,1
25766,1
29148,1
52956,1
8612,1
64862,1
2237,1
90248,1
186,1
39252,1
50332,1
90718,1
19685,1
33343,1
96374,1
53336,1
96358,1
82305,1
82331,1
96097,1
3572,1
93639,1
93439,1
15091,1
37682,1
92754,1
45378,1
51642,1
77514,1
95974,1
35400,1
36361,1
89479,1
869,1
5378,1
37485,1
43401,1
48124,1
64932,1
32715,1
23949,1
53480,1
91891,1
65769,1
70271,1
75477,1
96291,1
92002,1
22197,1
29503,1
32769,1
50461,1
3706,1
12071,1
15255,1
24366,1
10160,1
65625,1
25403,1
91875,1
91626,1
89921,1
89199,1
25682,1
25922,1
84750,1
10733,1
38754,1
6550,1
83436,1
16411,1
77245,1
91639,1
5118,1
83194,1
47534,1
76634,1
84621,1
93415,1
4316,1
10563,1
2115,1
16348,1
57534,1
65196,1
4419,1
7250,1
17929,1
20925,1
82659,1
26881,1
26927,1
28095,1
30390,1
32043,1
82618,1
39097,1
82551,1
43015,1
43432,1
43863,1
45104,1
50432,1
52171,1
52407,1
54814,1
56862,1
57055,1
61065,1
63867,1
66304,1
66908,1
67359,1
69459,1
70962,1
71849,1
73284,1
76671,1
77115,1
77630,1
79863,1
82549,1
86610,1
86885,1
91521,1
16728,1
22500,1
28609,1
78233,1
21617,1
36976,1
41391,1
43458,1
57930,1
290,1
1012,1
4503,1
5281,1
78033,1
7729,1
9010,1
11811,1
11813,1
12062,1
77884,1
13190,1
76874,1
13525,1
14062,1
17937,1
19617,1
20414,1
75180,1
21164,1
22163,1
22497,1
23562,1
24489,1
27369,1
74440,1
71754,1
28961,1
29976,1
31001,1
31754,1
32152,1
32399,1
33031,1
33567,1
71103,1
36731,1
37843,1
38857,1
70884,1
40107,1
40987,1
43282,1
43413,1
44265,1
46310,1
48113,1
49238,1
49290,1
49722,1
50499,1
50650,1
54506,1
54629,1
69136,1
57925,1
57978,1
67659,1
60610,1
61066,1
61070,1
61988,1
63553,1
64119,1
65878,1
68375,1
69638,1
69775,1
71052,1
72726,1
72930,1
73655,1
67548,1
74508,1
74756,1
77640,1
80348,1
80641,1
81574,1
83564,1
83567,1
84271,1
64323,1
88115,1
63073,1
88557,1
89700,1
89941,1
90693,1
90762,1
92123,1
92430,1
95559,1
98329,1
98532,1
99329,1
2072,1
2254,1
3328,1
3410,1
4729,1
5259,1
6169,1
6672,1
7837,1
7980,1
8299,1
8658,1
61704,1
60667,1
11428,1
11900,1
12161,1
12361,1
12532,1
12854,1
13185,1
14809,1
15485,1
59802,1
16159,1
16511,1
16864,1
17109,1
17405,1
17700,1
17902,1
19016,1
19477,1
20639,1
20720,1
21973,1
23474,1
58225,1
24903,1
25301,1
25359,1
25952,1
26583,1
27728,1
27755,1
28044,1
28657,1
28676,1
29071,1
29658,1
30315,1
30480,1
30522,1
30885,1
31169,1
55138,1
32558,1
33060,1
33606,1
36659,1
37934,1
38104,1
39881,1
40504,1
40595,1
40609,1
41206,1
43247,1
43405,1
44542,1
44651,1
54720,1
44835,1
45000,1
45415,1
46332,1
54408,1
47201,1
48179,1
48732,1
53114,1
49981,1
49828,1
49897,1
50526,1
51905,1
53383,1
53778,1
54320,1
54492,1
55128,1
49865,1
55354,1
55759,1
55845,1
56912,1
46568,1
57338,1
58407,1
60037,1
60133,1
60192,1
60481,1
61159,1
61161,1
45894,1
45687,1
43343,1
42355,1
62475,1
62490,1
39654,1
62995,1
63308,1
63543,1
64485,1
64568,1
65266,1
65329,1
38073,1
66580,1
66597,1
68989,1
35693,1
69590,1
69594,1
70275,1
35198,1
74183,1
74206,1
74605,1
34921,1
77295,1
77396,1
77688,1
78112,1
78250,1
34662,1
78886,1
79729,1
32868,1
82270,1
82379,1
82871,1
82930,1
83538,1
83631,1
32274,1
85045,1
85834,1
87647,1
87869,1
88048,1
90631,1
31185,1
90815,1
90929,1
91532,1
91945,1
92010,1
93294,1
93834,1
94857,1
95336,1
30328,1
30142,1
97152,1
98789,1
78150,1
73773,1
33177,1
75159,1
48602,1
29912,1
29838,1
29775,1
13783,1
45005,1
53621,1
63665,1
38700,1
61459,1
1289,1
9822,1
39429,1
13015,1
54376,1
62992,1
29675,1
89325,1
21112,1
24203,1
29121,1
34472,1
87562,1
16258,1
27916,1
25708,1
29969,1
33178,1
37721,1
37885,1
39139,1
25527,1
24412,1
57952,1
61439,1
69624,1
71267,1
23642,1
74825,1
23554,1
90403,1
90975,1
93701,1
97906,1
4146,1
23499,1
21740,1
41053,1
75946,1
26122,1
45028,1
3167,1
71502,1
19175,1
20792,1
30671,1
18033,1
71395,1
74739,1
17832,1
51548,1
92356,1
54116,1
45908,1
97719,1
37586,1
48966,1
50956,1
80025,1
85926,1
29551,1
66017,1
552,1
12903,1
21007,1
27599,1
42533,1
55811,1
73027,1
86402,1
39222,1
2093,1
17430,1
71500,1
26009,1
70372,1
28769,1
48302,1
15684,1
66269,1
78579,1
83957,1
244,1
1535,1
9114,1
17205,1
52593,1
11509,1
8241,1
14572,1
15627,1
17464,1
12819,1
35054,1
36391,1
45063,1
49273,1
52293,1
58101,1
12778,1
64077,1
71549,1
77147,1
80897,1
82983,1
85370,1
85832,1
86823,1
12028,1
93864,1
10446,1
21801,1
23411,1
43269,1
49451,1
53990,1
89695,1
9743,1
8752,1
12306,1
7966,1
7782,1
505,1
998,1
1319,1
6957,1
11689,1
11883,1
12872,1
14915,1
16827,1
17361,1
17948,1
21500,1
29310,1
30848,1
38074,1
46325,1
5872,1
48323,1
49306,1
5512,1
52568,1
53205,1
53299,1
53825,1
56024,1
59510,1
62339,1
68484,1
71608,1
72581,1
75789,1
79534,1
81472,1
82159,1
82511,1
84386,1
84677,1
85343,1
85983,1
94503,1
2403,1
6304,1
6841,1
7865,1
7995,1
8810,1
9990,1
10621,1
10918,1
10984,1
14910,1
15198,1
15973,1
16834,1
17743,1
17947,1
5338,1
20143,1
24630,1
29571,1
30709,1
30831,1
31121,1
34605,1
35346,1
36824,1
41818,1
42560,1
43131,1
47316,1
47337,1
49522,1
49563,1
52879,1
55468,1
1415,1
56144,1
56442,1
57608,1
63143,1
63235,1
63301,1
63947,1
1274,1
68764,1
95367,1
71511,1
72192,1
74149,1
75344,1
78457,1
79374,1
79642,1
79986,1
80768,1
80973,1
81517,1
94602,1
85211,1
85586,1
86915,1
88865,1
93389,1
83616,1
99304,1
75264,1
10970,1
99359,1
8964,1
15489,1
34031,1
83969,1
1494,1
41327,1
80236,1
50809,1
54216,1
737,1
28779,1
32364,1
44545,1
46557,1
55139,1
60039,1
62401,1
63070,1
67023,1
67519,1
75808,1
81996,1
86594,1
86644,1
97584,1
98714,1
3260,1
11881,1
76066,1
69721,1
73421,1
77798,1
59783,1
13283,1
381,1
1169,1
43543,1
2517,1
4500,1
35718,1
4837,1
6586,1
9109,1
18686,1
18918,1
23229,1
24102,1
24776,1
31955,1
26323,1
28551,1
29068,1
29739,1
29825,1
29965,1
32031,1
32235,1
33721,1
33845,1
34433,1
35976,1
38275,1
39960,1
41360,1
41931,1
42281,1
25938,1
46065,1
49359,1
53618,1
57111,1
58510,1
59045,1
59122,1
59635,1
60566,1
61090,1
66066,1
66897,1
72127,1
72897,1
73681,1
73919,1
78136,1
78411,1
79910,1
82012,1
83277,1
84409,1
16267,1
85222,1
86975,1
89274,1
90714,1
93595,1
6047,1
94854,1
96970,1
3533,1
98314,1
12112,1
31818,1
35392,1
77005,1
88431,1
95174,1
15356,1
68627,1
82350,1
84999,1
75334,1
36193,1
34800,1
26676,1
2786,1
68535,1
31772,1
20116,1
27926,1
97563,1
31350,1
38270,1
69871,1
89298,1
21733,1
34976,1
88584,1
64023,1
70837,1
74668,1
23449,1
79621,1
90135,1
11311,1
34583,1
36132,1
47835,1
99715,1
85276,1
87158,1
89344,1
95050,1
96546,1
11905,1
12228,1
17256,1
17893,1
26751,1
29606,1
31746,1
97815,1
52277,1
53648,1
54949,1
59260,1
62156,1
63866,1
72075,1
75638,1
75173,1
76970,1
78455,1
80759,1
81530,1
84543,1
84645,1
92175,1
6896,1
18325,1
18870,1
30951,1
36081,1
48255,1
63901,1
65936,1
96078,1
5491,1
99843,1
3907,1
96411,1
5611,1
6804,1
6955,1
6973,1
7094,1
7637,1
11569,1
12017,1
12429,1
93892,1
12898,1
13499,1
13505,1
13694,1
92579,1
14843,1
15101,1
15612,1
15651,1
20595,1
22753,1
22807,1
24089,1
92132,1
25725,1
25969,1
90658,1
88779,1
28397,1
29553,1
31244,1
84102,1
33084,1
33568,1
36326,1
37354,1
80684,1
38080,1
38215,1
38277,1
38472,1
38489,1
38956,1
39099,1
40857,1
40926,1
41051,1
41224,1
41418,1
42909,1
42980,1
43757,1
44924,1
46442,1
47334,1
47665,1
48126,1
49099,1
49110,1
51722,1
51995,1
54534,1
55851,1
56085,1
57799,1
58859,1
79677,1
60853,1
61113,1
61350,1
65552,1
65656,1
67052,1
67705,1
67789,1
69286,1
69606,1
79052,1
72547,1
73958,1
73979,1
74502,1
74975,1
79364,1
80702,1
82353,1
73577,1
82754,1
83162,1
84284,1
85055,1
86056,1
88196,1
73292,1
88841,1
88895,1
89373,1
89523,1
89744,1
89847,1
89965,1
90747,1
91141,1
91507,1
92678,1
92781,1
93175,1
94237,1
94615,1
95642,1
96341,1
96768,1
97704,1
98027,1
73023,1
98887,1
99039,1
69365,1
804,1
953,1
14960,1
16173,1
21925,1
26104,1
64269,1
74954,1
78238,1
83968,1
65662,1
95266,1
95419,1
95727,1
97077,1
5318,1
11228,1
13103,1
15631,1
61946,1
23190,1
31020,1
61075,1
41572,1
45449,1
58865,1
55730,1
60336,1
65126,1
84624,1
86253,1
94635,1
58346,1
638,1
675,1
1043,1
1053,1
1245,1
1360,1
57036,1
1856,1
2096,1
2142,1
2362,1
2389,1
2989,1
3336,1
3495,1
3560,1
3902,1
4295,1
4439,1
53661,1
5881,1
6031,1
6234,1
50923,1
50552,1
7017,1
7523,1
7658,1
7807,1
7821,1
8012,1
8324,1
8381,1
8416,1
44113,1
9312,1
9516,1
9819,1
10403,1
10507,1
10606,1
10663,1
10809,1
10851,1
11136,1
11140,1
12929,1
13150,1
13441,1
13672,1
13716,1
14322,1
14547,1
14715,1
14878,1
43682,1
42833,1
15628,1
15696,1
15848,1
15860,1
15922,1
15968,1
16026,1
16158,1
16197,1
16262,1
17033,1
17272,1
17445,1
18073,1
18126,1
18137,1
18265,1
18364,1
42144,1
36932,1
18615,1
18814,1
19012,1
19196,1
19516,1
35108,1
19756,1
20034,1
20146,1
20170,1
20224,1
20411,1
20474,1
20875,1
21607,1
21653,1
21923,1
21938,1
22255,1
30193,1
22441,1
22445,1
22621,1
22668,1
22726,1
22740,1
23183,1
23650,1
23676,1
23966,1
24193,1
24555,1
25006,1
24598,1
24659,1
8411,1
4533,1
25025,1
25259,1
25852,1
25945,1
25965,1
26095,1
26462,1
3206,1
26519,1
26710,1
26732,1
27040,1
27844,1
28235,1
1699,1
28901,1
28913,1
29178,1
29279,1
29489,1
29562,1
29998,1
30071,1
30083,1
30336,1
30567,1
30740,1
31449,1
31458,1
31590,1
32035,1
68321,1
32196,1
32199,1
40384,1
32983,1
33396,1
12205,1
33786,1
33832,1
76077,1
33920,1
69994,1
34392,1
66386,1
34732,1
35309,1
35515,1
35911,1
35919,1
36271,1
36333,1
36376,1
36510,1
36750,1
37347,1
37840,1
37929,1
38182,1
38186,1
39329,1
41654,1
41926,1
41951,1
42121,1
42525,1
42667,1
42679,1
42761,1
42775,1
43004,1
43180,1
43219,1
43259,1
43311,1
97772,1
43874,1
44470,1
44694,1
45105,1
45322,1
45430,1
45741,1
45987,1
46052,1
46430,1
46536,1
46957,1
47062,1
47107,1
47130,1
47230,1
47417,1
47794,1
48123,1
48157,1
48555,1
49188,1
49318,1
49457,1
49635,1
49988,1
50115,1
84454,1
50784,1
51445,1
51658,1
51943,1
52164,1
52403,1
52472,1
52489,1
52557,1
52660,1
52873,1
52976,1
63513,1
61270,1
53308,1
53341,1
53579,1
53837,1
54190,1
47268,1
55569,1
25275,1
55937,1
56002,1
56113,1
56294,1
56551,1
56677,1
56716,1
56764,1
20139,1
56846,1
57632,1
57976,1
58024,1
58043,1
59058,1
59441,1
59842,1
59941,1
60250,1
60450,1
60514,1
60798,1
60884,1
60959,1
61076,1
61758,1
61948,1
61965,1
62230,1
62255,1
62330,1
6195,1
62393,1
62488,1
62743,1
62871,1
62968,1
63008,1
30462,1
63562,1
27611,1
63718,1
63812,1
63844,1
64109,1
64366,1
64475,1
64849,1
65013,1
65602,1
65724,1
65934,1
66248,1
10628,1
66623,1
8044,1
87527,1
68095,1
68239,1
42636,1
68497,1
41189,1
69250,1
69259,1
69727,1
69738,1
69755,1
94762,1
69972,1
70108,1
8004,1
70502,1
70909,1
71110,1
71358,1
71453,1
72116,1
72213,1
72425,1
72511,1
72574,1
72627,1
72640,1
73437,1
73793,1
73819,1
73848,1
74388,1
74568,1
44550,1
75880,1
76030,1
76333,1
76655,1
76656,1
76942,1
77010,1
77420,1
77477,1
77605,1
77850,1
77948,1
77959,1
78626,1
79089,1
79270,1
79308,1
79329,1
79568,1
79582,1
79738,1
80543,1
80580,1
80775,1
14334,1
81448,1
81529,1
81590,1
81780,1
81789,1
81793,1
81880,1
81980,1
82211,1
6990,1
82622,1
82670,1
83236,1
6102,1
84206,1
84266,1
84276,1
84286,1
44742,1
39322,1
84882,1
84964,1
84985,1
85000,1
85057,1
85237,1
85684,1
86071,1
86427,1
31090,1
86612,1
86806,1
86809,1
87180,1
87248,1
58072,1
87743,1
87779,1
88069,1
88088,1
88217,1
88497,1
88721,1
89072,1
89546,1
89760,1
89949,1
90009,1
90120,1
51859,1
91498,1
91786,1
91885,1
91915,1
37227,1
92059,1
92206,1
92280,1
36912,1
92732,1
93092,1
93146,1
93156,1
93182,1
93545,1
93617,1
13053,1
94937,1
95037,1
95360,1
95638,1
96172,1
96463,1
97302,1
97418,1
97920,1
98163,1
98480,1
98587,1
98846,1
99209,1
99440,1
99577,1
99833,1
85589,1
131,1
195,1
393,1
1020,1
57520,1
2302,1
2365,1
2954,1
3377,1
3671,1
4008,1
6013,1
7825,1
8844,1
24249,1
10998,1
11459,1
11669,1
15180,1
12480,1
13079,1
13800,1
14724,1
16396,1
17213,1
17659,1
18066,1
19091,1
19189,1
90112,1
19744,1
20087,1
75471,1
21930,1
22699,1
23219,1
23495,1
23622,1
23884,1
24130,1
24493,1
24608,1
25514,1
27786,1
28200,1
28716,1
29370,1
30069,1
30496,1
30742,1
59222,1
36654,1
31324,1
31467,1
28260,1
99676,1
34153,1
34528,1
35585,1
36191,1
36539,1
37107,1
37618,1
37631,1
38459,1
39325,1
40315,1
40387,1
41069,1
95034,1
42136,1
44394,1
44854,1
45107,1
46703,1
46816,1
46982,1
12542,1
47469,1
48444,1
49000,1
49950,1
50072,1
50200,1
50531,1
51281,1
52422,1
52456,1
6899,1
54253,1
183,1
57181,1
57196,1
57274,1
57389,1
58409,1
58773,1
89912,1
56509,1
61062,1
62742,1
63076,1
48178,1
64963,1
65534,1
66161,1
68144,1
68157,1
38686,1
35540,1
69328,1
71878,1
72216,1
73679,1
73814,1
74004,1
74669,1
30572,1
74887,1
75053,1
17052,1
75592,1
75824,1
76936,1
77045,1
77650,1
78012,1
78621,1
78885,1
79107,1
79805,1
80464,1
1373,1
83068,1
83401,1
84336,1
84633,1
87086,1
87428,1
19680,1
87620,1
87649,1
88214,1
88745,1
89018,1
89161,1
82629,1
89612,1
90398,1
90584,1
71501,1
91149,1
91561,1
91694,1
91912,1
92511,1
92705,1
93041,1
93140,1
93393,1
93422,1
93456,1
93481,1
94038,1
95007,1
95060,1
95196,1
95554,1
95828,1
96981,1
97022,1
97107,1
97131,1
97797,1
45566,1
99731,1
65848,1
29318,1
80245,1
49770,1
29732,1
53912,1
41277,1
60627,1
14553,1
34652,1
54981,1
78030,1
7740,1
79034,1
29893,1
23179,1
41411,1
9412,1
3986,1
6377,1
95259,1
29817,1
34301,1
73796,1
96937,1
98842,1
20509,1
10771,1
20904,1
30206,1
54330,1
59715,1
64948,1
88859,1
93786,1
50555,1
98472,1
5265,1
4558,1
11770,1
18077,1
25910,1
37866,1
70315,1
94273,1
80767,1
59321,1
64421,1
85815,1
15177,1
23371,1
51838,1
22187,1
62427,1
27299,1
77292,1
98398,1
59115,1
66395,1
76803,1
10786,1
15045,1
21380,1
24979,1
37781,1
58722,1
60969,1
67078,1
68626,1
76760,1
86784,1
88654,1
97622,1
73654,1
29261,1
9294,1
10618,1
19496,1
22257,1
42441,1
43895,1
48361,1
76350,1
11105,1
11124,1
66050,1
12600,1
14308,1
23232,1
20293,1
27258,1
31490,1
34484,1
34718,1
36151,1
39689,1
39697,1
44152,1
46680,1
54571,1
57836,1
20965,1
66618,1
66769,1
70032,1
79704,1
19092,1
82698,1
84634,1
21047,1
57651,1
98142,1
91015,1
72724,1
1437,1
12411,1
40650,1
66596,1
13648,1
42398,1
15711,1
88246,1
47523,1
61845,1
14443,1
71759,1
47845,1
69916,1
66979,1
31910,1
6339,1
19282,1
23152,1
39583,1
81328,1
3315,1
74338,1
1031,1
5840,1
47142,1
58631,1
80208,1
80570,1
4512,1
9832,1
11467,1
12412,1
22036,1
23255,1
24628,1
8420,1
40503,1
41149,1
44744,1
45578,1
49377,1
54785,1
8250,1
7929,1
78950,1
68351,1
68994,1
71084,1
72234,1
75351,1
83813,1
86530,1
87455,1
58978,1
665,1
28164,1
33597,1
54512,1
26238,1
53199,1
79649,1
55847,1
80255,1
21574,1
5520,1
57330,1
18286,1
19768,1
30289,1
191,1
59873,1
81225,1
95206,1
99996,1
13422,1
20617,1
79372,1
86217,1
91048,1
95092,1
1275,1
2372,1
2513,1
4538,1
11322,1
12416,1
13814,1
21350,1
26007,1
28484,1
31069,1
32574,1
33854,1
41514,1
48773,1
69914,1
64121,1
56359,1
56895,1
57755,1
62701,1
62917,1
63338,1
66287,1
68426,1
69512,1
69970,1
74333,1
76052,1
81137,1
82855,1
98500,1
98682,1
98844,1
77690,1
78489,1
14629,1
23470,1
31734,1
44185,1
87859,1
7392,1
12015,1
18003,1
25299,1
33306,1
1446,1
44176,1
46167,1
47490,1
92672,1
61412,1
63447,1
64450,1
85352,1
94481,1
830,1
1793,1
3088,1
4194,1
8287,1
9322,1
9615,1
9798,1
11206,1
11574,1
13821,1
13952,1
14047,1
14270,1
28472,1
20586,1
24128,1
24174,1
95901,1
26279,1
26383,1
28171,1
91779,1
30438,1
86938,1
31654,1
32504,1
32582,1
33746,1
37529,1
39569,1
39624,1
39940,1
41007,1
41289,1
42334,1
44622,1
46905,1
48366,1
52348,1
78618,1
54575,1
55462,1
57302,1
58082,1
58408,1
60746,1
62370,1
63313,1
63535,1
63573,1
64285,1
68307,1
68322,1
71465,1
72024,1
73687,1
73798,1
75686,1
76139,1
77229,1
78127,1
79460,1
74169,1
81256,1
83676,1
84078,1
88831,1
58917,1
91382,1
96308,1
96700,1
54101,1
50025,1
374,1
3394,1
4018,1
39497,1
4784,1
38361,1
7066,1
7530,1
8309,1
8838,1
9117,1
9577,1
10290,1
33481,1
11111,1
11617,1
15398,1
15868,1
18151,1
8393,1
17702,1
18711,1
19360,1
19783,1
21596,1
98350,1
22048,1
22737,1
22858,1
23985,1
24045,1
25368,1
25717,1
25745,1
26543,1
27239,1
27393,1
27681,1
90203,1
28661,1
29256,1
76097,1
66308,1
33794,1
35037,1
35141,1
35507,1
36723,1
36725,1
38628,1
39230,1
39404,1
48828,1
41118,1
41376,1
20286,1
42118,1
42173,1
42693,1
42873,1
42990,1
43253,1
44116,1
44245,1
45203,1
85856,1
45469,1
45914,1
46907,1
47413,1
48674,1
49077,1
49419,1
49533,1
52752,1
55563,1
56378,1
56589,1
58357,1
43106,1
59689,1
60015,1
34369,1
29728,1
60471,1
60709,1
61172,1
61851,1
62455,1
63216,1
64686,1
64860,1
65016,1
27363,1
65359,1
65489,1
67799,1
69453,1
69837,1
70190,1
71040,1
71751,1
72172,1
73797,1
76096,1
76325,1
17965,1
76454,1
76740,1
76765,1
78502,1
78692,1
78830,1
78903,1
79730,1
80319,1
80496,1
81717,1
15265,1
83888,1
84790,1
86548,1
86869,1
87449,1
12895,1
89306,1
89351,1
90164,1
90768,1
91009,1
91569,1
5244,1
92088,1
92150,1
1119,1
94650,1
95340,1
95568,1
96983,1
98028,1
58826,1
70274,1
8625,1
22324,1
32648,1
2131,1
31988,1
50756,1
57868,1
88852,1
26846,1
23434,1
1957,1
32483,1
60345,1
76228,1
76836,1
80866,1
84931,1
89849,1
46829,1
11714,1
22585,1
86910,1
32157,1
42316,1
47808,1
84473,1
77101,1
76251,1
7949,1
18581,1
19150,1
32507,1
53936,1
42472,1
44410,1
44541,1
51601,1
69520,1
71654,1
71905,1
72257,1
80745,1
82836,1
93024,1
93556,1
98417,1
35336,1
15058,1
52039,1
80632,1
8862,1
30180,1
50133,1
95212,1
57314,1
67893,1
43739,1
10199,1
38677,1
33971,1
56050,1
95263,1
70528,1
6371,1
19937,1
40467,1
14082,1
72306,1
81919,1
54987,1
3716,1
38015,1
9763,1
10340,1
82459,1
86501,1
55335,1
69390,1
9067,1
11208,1
14503,1
16712,1
17763,1
19290,1
25296,1
25846,1
32007,1
37954,1
38712,1
40517,1
42161,1
51497,1
53115,1
58218,1
65318,1
66125,1
66735,1
69429,1
88807,1
90178,1
4387,1
10208,1
10405,1
16421,1
61297,1
31708,1
32337,1
38249,1
38429,1
16256,1
43186,1
51084,1
52055,1
53226,1
54635,1
57277,1
58455,1
58834,1
63185,1
63270,1
65127,1
67778,1
69296,1
75478,1
70780,1
83371,1
48883,1
85462,1
47283,1
99425,1
15452,1
36671,1
16154,1
16366,1
27307,1
41062,1
47637,1
49763,1
50717,1
58119,1
65297,1
74957,1
86643,1
10805,1
1368,1
36119,1
2326,1
3283,1
27997,1
10722,1
10881,1
12135,1
12591,1
14211,1
14900,1
14949,1
16276,1
16542,1
27690,1
17149,1
17298,1
17468,1
17979,1
18115,1
18824,1
19980,1
21348,1
21481,1
21608,1
21725,1
21899,1
22867,1
24843,1
24889,1
25487,1
27469,1
29500,1
30141,1
30537,1
31826,1
32847,1
15191,1
35319,1
1674,1
38692,1
53079,1
43159,1
43689,1
45050,1
46398,1
46434,1
47521,1
47630,1
47774,1
48398,1
50824,1
13725,1
52991,1
53281,1
53607,1
53782,1
55119,1
55777,1
55931,1
56261,1
56358,1
47244,1
60377,1
60447,1
60595,1
61555,1
62429,1
62923,1
15130,1
64976,1
70342,1
70849,1
90792,1
72382,1
72769,1
72787,1
74964,1
75802,1
75887,1
76809,1
77494,1
77969,1
80306,1
82266,1
82429,1
82884,1
84644,1
85759,1
52412,1
86965,1
87190,1
88530,1
91070,1
53095,1
93331,1
93412,1
94914,1
95316,1
98646,1
3300,1
4823,1
5743,1
6507,1
10557,1
13148,1
16019,1
24074,1
24847,1
27272,1
27744,1
29764,1
77841,1
31256,1
34966,1
35980,1
43917,1
44452,1
53042,1
54173,1
57529,1
58164,1
3898,1
59637,1
61056,1
68001,1
68975,1
69955,1
72324,1
10352,1
74431,1
76109,1
81449,1
85374,1
86377,1
91418,1
92693,1
95625,1
96091,1
96287,1
97402,1
99402,1
29255,1
97187,1
3190,1
41941,1
95224,1
60131,1
63478,1
14376,1
28926,1
98492,1
93128,1
39746,1
44234,1
93286,1
364,1
7412,1
7418,1
5557,1
49602,1
14317,1
64382,1
67851,1
69989,1
29421,1
53070,1
57076,1
37402,1
51009,1
92454,1
70577,1
12086,1
90598,1
38909,1
39616,1
53030,1
74153,1
93799,1
3735,1
89875,1
26782,1
36489,1
50320,1
77065,1
86472,1
88548,1
31574,1
57002,1
96872,1
143,1
13978,1
14508,1
17228,1
27198,1
31454,1
31926,1
37047,1
39420,1
42055,1
46152,1
59780,1
60608,1
67306,1
86867,1
82188,1
93685,1
97095,1
86098,1
86461,1
97621,1
44033,1
46455,1
4591,1
15673,1
17013,1
23744,1
75524,1
62377,1
86372,1
13161,1
36047,1
4741,1
9398,1
46263,1
3166,1
9311,1
10512,1
10528,1
11166,1
83039,1
14794,1
15855,1
17263,1
17966,1
26010,1
28089,1
29726,1
30762,1
31423,1
32166,1
35172,1
45534,1
46405,1
49130,1
82755,1
51456,1
52098,1
55174,1
56702,1
61998,1
67740,1
73334,1
75030,1
75248,1
75736,1
76878,1
77175,1
81663,1
87084,1
96816,1
97063,1
98610,1
98641,1
10154,1
26647,1
36930,1
37396,1
81489,1
64325,1
65238,1
66605,1
70192,1
76500,1
87658,1
93490,1
10184,1
11738,1
21325,1
38093,1
44726,1
46059,1
46354,1
65606,1
77237,1
89831,1
1235,1
4112,1
4544,1
4875,1
5660,1
6877,1
9345,1
9561,1
81483,1
11587,1
11865,1
13433,1
13989,1
15617,1
15930,1
16125,1
17620,1
23336,1
24374,1
25236,1
25964,1
26887,1
80049,1
32882,1
35840,1
38841,1
41772,1
42413,1
43124,1
44061,1
45276,1
45336,1
45362,1
45883,1
49381,1
50430,1
51269,1
51413,1
51464,1
53986,1
57449,1
58070,1
59326,1
63423,1
63576,1
63660,1
66217,1
68247,1
70358,1
74937,1
75079,1
75774,1
78105,1
78890,1
81596,1
82388,1
84760,1
87744,1
88025,1
89432,1
93374,1
93825,1
96929,1
2608,1
2706,1
3619,1
3899,1
4250,1
5229,1
5861,1
77852,1
5900,1
6263,1
69566,1
8160,1
10708,1
10734,1
14597,1
15268,1
69493,1
67226,1
65912,1
17180,1
17762,1
18047,1
64063,1
20237,1
63635,1
21011,1
62169,1
21627,1
23184,1
23628,1
23758,1
23917,1
25156,1
26680,1
29028,1
29519,1
30332,1
31038,1
31382,1
31897,1
32360,1
33681,1
33737,1
34487,1
34516,1
34866,1
35123,1
37575,1
39201,1
39474,1
60737,1
40222,1
41032,1
41330,1
42465,1
42847,1
42944,1
43001,1
43075,1
43260,1
43481,1
59318,1
46518,1
46921,1
47354,1
47359,1
47412,1
48394,1
48486,1
48628,1
48649,1
49885,1
50403,1
50845,1
51689,1
51811,1
52696,1
52705,1
53210,1
53317,1
54523,1
54787,1
59801,1
60127,1
61437,1
55325,1
53844,1
62421,1
62857,1
63692,1
64383,1
64735,1
64885,1
65071,1
65471,1
66290,1
67869,1
68429,1
70378,1
70707,1
51893,1
73419,1
76290,1
76380,1
76393,1
77334,1
79478,1
79670,1
80122,1
80452,1
81184,1
81220,1
83634,1
83964,1
84006,1
84250,1
84998,1
48791,1
48100,1
87704,1
87938,1
89242,1
45012,1
90338,1
93091,1
44933,1
93637,1
93984,1
95452,1
95469,1
42851,1
97486,1
98349,1
98683,1
99287,1
99925,1
46554,1
26525,1
33509,1
72493,1
88487,1
69178,1
11069,1
39430,1
34668,1
63827,1
85714,1
77627,1
53840,1
95291,1
82663,1
77975,1
17491,1
9229,1
32851,1
35893,1
55700,1
57471,1
73924,1
83730,1
33995,1
86921,1
8863,1
13726,1
33630,1
44514,1
69945,1
74310,1
76497,1
5926,1
65046,1
37373,1
77157,1
27441,1
55358,1
96708,1
1393,1
2681,1
4481,1
8922,1
10944,1
26594,1
29399,1
30598,1
32653,1
36814,1
41321,1
41952,1
31806,1
47274,1
47300,1
47338,1
49234,1
52793,1
53814,1
53982,1
56177,1
58406,1
58971,1
62158,1
62544,1
63368,1
65347,1
71264,1
71276,1
82177,1
94089,1
97974,1
72634,1
47772,1
63980,1
69828,1
90211,1
96077,1
1429,1
34592,1
67529,1
87630,1
95106,1
48151,1
50709,1
75294,1
80979,1
92263,1
92633,1
96351,1
96732,1
15691,1
24469,1
12294,1
44596,1
72560,1
93155,1
93340,1
31789,1
1032,1
26510,1
41104,1
62795,1
83825,1
97885,1
1597,1
6228,1
6342,1
7130,1
15204,1
20784,1
28226,1
31999,1
34713,1
38668,1
40633,1
53181,1
63580,1
64925,1
65248,1
75612,1
78781,1
83765,1
85416,1
87589,1
91305,1
93299,1
43357,1
65699,1
87,1
2393,1
2662,1
12351,1
12905,1
14681,1
15385,1
21158,1
24471,1
29304,1
27306,1
35699,1
36830,1
40930,1
41314,1
43950,1
45339,1
45935,1
26946,1
49591,1
49979,1
50111,1
51310,1
54409,1
56431,1
62047,1
63350,1
64670,1
75146,1
23948,1
83089,1
84187,1
87066,1
87502,1
21784,1
88855,1
90169,1
91427,1
94528,1
10239,1
18361,1
18756,1
21257,1
36118,1
38169,1
40827,1
17674,1
56894,1
58988,1
73279,1
16237,1
96432,1
99649,1
558,1
952,1
1110,1
4170,1
6351,1
8525,1
11152,1
12735,1
14226,1
16001,1
16310,1
16509,1
14798,1
25097,1
25980,1
29427,1
13772,1
32222,1
37879,1
39133,1
41835,1
43744,1
44921,1
45656,1
49954,1
51557,1
60494,1
61143,1
62474,1
64266,1
65165,1
66010,1
68482,1
76873,1
78878,1
82841,1
85764,1
10987,1
95510,1
98639,1
443,1
1061,1
2737,1
9882,1
2897,1
3198,1
3874,1
4463,1
4597,1
5157,1
5463,1
5972,1
6192,1
7157,1
7184,1
7487,1
8773,1
8914,1
9554,1
9959,1
11158,1
11381,1
11832,1
11860,1
5773,1
5184,1
13761,1
15041,1
15679,1
4630,1
16045,1
16271,1
16862,1
17125,1
17133,1
17175,1
17375,1
17696,1
3487,1
99194,1
18105,1
18329,1
18913,1
18982,1
19059,1
19350,1
19738,1
19908,1
20374,1
21514,1
21568,1
21890,1
22878,1
23157,1
23429,1
97982,1
23793,1
24096,1
97173,1
24897,1
26026,1
26213,1
26535,1
27556,1
28375,1
28665,1
94662,1
29152,1
29195,1
29708,1
29792,1
30145,1
30536,1
30900,1
30902,1
31307,1
31742,1
31879,1
32676,1
32963,1
33310,1
33446,1
33556,1
33598,1
34388,1
35047,1
35500,1
35599,1
36217,1
37031,1
37214,1
37231,1
37582,1
37972,1
91262,1
90314,1
90247,1
38644,1
38913,1
89077,1
39072,1
39554,1
39719,1
86261,1
40420,1
40772,1
41140,1
41499,1
83970,1
43128,1
43327,1
43443,1
83126,1
43780,1
44013,1
44129,1
45258,1
45523,1
45600,1
45761,1
45778,1
46094,1
46461,1
48933,1
49062,1
49065,1
50038,1
50217,1
50915,1
51036,1
52812,1
52884,1
53836,1
53993,1
82812,1
54977,1
55070,1
55814,1
55828,1
56726,1
80320,1
57899,1
58609,1
59247,1
60487,1
60645,1
60957,1
62119,1
62486,1
62644,1
63641,1
63647,1
64300,1
64361,1
64631,1
64706,1
65341,1
65377,1
65415,1
65718,1
66532,1
79836,1
67221,1
69063,1
69776,1
69864,1
69882,1
70106,1
70706,1
71631,1
71756,1
72129,1
72537,1
72997,1
76603,1
74332,1
74412,1
75457,1
75532,1
76914,1
76265,1
77835,1
78032,1
78312,1
78682,1
79273,1
79802,1
79809,1
79858,1
81678,1
82166,1
82875,1
83441,1
83485,1
84405,1
75883,1
84667,1
84820,1
85493,1
85632,1
85871,1
85877,1
87021,1
72806,1
72445,1
88491,1
88917,1
89212,1
89308,1
89451,1
90075,1
90678,1
90730,1
90957,1
91064,1
91121,1
91680,1
92285,1
92410,1
92490,1
93423,1
93801,1
94506,1
94612,1
94724,1
95067,1
95153,1
95525,1
66904,1
95759,1
96149,1
96601,1
96651,1
97193,1
97615,1
97620,1
63982,1
98762,1
1311,1
1608,1
2102,1
4128,1
4951,1
5284,1
5824,1
6355,1
6644,1
6736,1
7012,1
7024,1
7153,1
8386,1
10363,1
10527,1
10927,1
11834,1
12265,1
12701,1
13758,1
15836,1
63296,1
16317,1
16482,1
16932,1
17665,1
18079,1
18278,1
18721,1
19413,1
19603,1
21279,1
21621,1
21626,1
22045,1
22609,1
24217,1
25305,1
26424,1
26699,1
28367,1
28443,1
29076,1
29386,1
29970,1
62216,1
32449,1
33313,1
33855,1
34988,1
36936,1
37419,1
37947,1
61481,1
38685,1
39304,1
59697,1
41016,1
41055,1
41242,1
41319,1
42730,1
43836,1
44063,1
44644,1
45699,1
45879,1
47974,1
44230,1
50670,1
51147,1
52190,1
53081,1
53390,1
53562,1
58814,1
54369,1
58691,1
56761,1
57030,1
57659,1
57953,1
58362,1
58544,1
55130,1
59947,1
54754,1
60244,1
60759,1
52610,1
62971,1
63022,1
52266,1
63781,1
64212,1
66365,1
66392,1
66426,1
66693,1
67436,1
67796,1
68006,1
69139,1
69711,1
69772,1
70134,1
70169,1
70285,1
70553,1
70691,1
71586,1
71898,1
72557,1
72978,1
73599,1
73867,1
73963,1
51389,1
76248,1
50877,1
77458,1
78059,1
79014,1
80971,1
80996,1
50544,1
50407,1
83226,1
83439,1
83456,1
83642,1
84769,1
85484,1
50295,1
88102,1
88373,1
89136,1
89256,1
90123,1
90625,1
92922,1
93098,1
93253,1
93572,1
49964,1
94197,1
94425,1
94468,1
94523,1
94734,1
49892,1
95304,1
95927,1
49868,1
97192,1
97655,1
97977,1
47438,1
99444,1
46786,1
92142,1
77532,1
90066,1
7754,1
46197,1
72799,1
99657,1
4709,1
24475,1
4240,1
67050,1
71373,1
76971,1
91803,1
27316,1
84907,1
786,1
27637,1
46231,1
76982,1
79282,1
81685,1
88761,1
93436,1
39479,1
32202,1
32717,1
32827,1
58292,1
60100,1
85074,1
41937,1
44661,1
59396,1
50426,1
10667,1
36339,1
12711,1
47349,1
57216,1
1934,1
2660,1
33890,1
18724,1
33454,1
94969,1
32808,1
75711,1
7086,1
48071,1
87534,1
3561,1
17886,1
43913,1
99156,1
45195,1
61596,1
70377,1
81496,1
89913,1
92118,1
99757,1
65331,1
6211,1
53428,1
32005,1
3769,1
51794,1
8593,1
67761,1
19964,1
31958,1
95561,1
28110,1
99048,1
328,1
27787,1
1440,1
3220,1
5499,1
7212,1
7413,1
11973,1
14679,1
34541,1
37467,1
47376,1
47712,1
27586,1
60713,1
66608,1
72983,1
76321,1
77773,1
78447,1
79777,1
80760,1
84327,1
85178,1
1170,1
5268,1
35773,1
58273,1
70008,1
77026,1
79633,1
26574,1
11475,1
26364,1
62139,1
25867,1
90573,1
943,1
2600,1
3992,1
5400,1
7804,1
14245,1
14710,1
21425,1
21565,1
22701,1
34927,1
37519,1
41862,1
50419,1
52781,1
24201,1
58742,1
58888,1
59335,1
61966,1
74438,1
79506,1
86971,1
93824,1
94010,1
355,1
929,1
23405,1
1970,1
2283,1
2412,1
2633,1
2711,1
3546,1
3767,1
4990,1
6872,1
6946,1
22530,1
22444,1
7269,1
7639,1
8453,1
8655,1
9694,1
9770,1
10226,1
10624,1
10848,1
11640,1
12342,1
12457,1
12951,1
13096,1
13126,1
13280,1
13330,1
13414,1
21889,1
14642,1
14907,1
15393,1
15982,1
16118,1
17221,1
17777,1
20619,1
17960,1
18454,1
21263,1
22328,1
22638,1
20576,1
24611,1
24737,1
25248,1
25899,1
25901,1
26002,1
26558,1
26697,1
28562,1
19945,1
30028,1
30320,1
30756,1
31164,1
31540,1
31887,1
31945,1
34515,1
34525,1
35129,1
35142,1
36473,1
37664,1
18370,1
39182,1
39291,1
39293,1
39820,1
39968,1
41272,1
41371,1
42961,1
43576,1
44032,1
44048,1
44224,1
44764,1
45146,1
45517,1
17615,1
47025,1
10868,1
47733,1
47853,1
48414,1
49578,1
50197,1
51213,1
51485,1
53264,1
53759,1
53853,1
53989,1
54661,1
55283,1
57109,1
57752,1
57937,1
58289,1
59006,1
59012,1
59518,1
10681,1
62059,1
7941,1
64462,1
7739,1
65353,1
65447,1
65499,1
65719,1
65982,1
66110,1
67265,1
67328,1
67351,1
67489,1
67635,1
68146,1
68176,1
68614,1
68722,1
69399,1
69468,1
71224,1
4248,1
73247,1
74088,1
2889,1
74144,1
1366,1
75128,1
75938,1
76605,1
997,1
76956,1
77039,1
850,1
77274,1
77470,1
78699,1
79720,1
80355,1
75957,1
81909,1
82702,1
83325,1
83388,1
84421,1
84492,1
73677,1
85424,1
85438,1
85752,1
69215,1
29391,1
90617,1
92090,1
92392,1
94018,1
96206,1
96680,1
97459,1
9527,1
98403,1
98831,1
5350,1
99637,1
99803,1
4992,1
8724,1
1336,1
21633,1
47250,1
4143,1
36243,1
74267,1
85165,1
98764,1
83136,1
77886,1
26347,1
24893,1
48440,1
82005,1
41369,1
7114,1
83309,1
35300,1
84244,1
81656,1
9058,1
30807,1
44833,1
48973,1
62048,1
70100,1
73011,1
75256,1
14232,1
17376,1
54920,1
75324,1
81495,1
646,1
4100,1
9530,1
16598,1
17808,1
21515,1
22144,1
24330,1
28329,1
39269,1
40776,1
41634,1
45099,1
54182,1
62877,1
66624,1
67647,1
88640,1
93935,1
33717,1
98247,1
57983,1
88921,1
87586,1
63220,1
98277,1
85839,1
33048,1
46741,1
62494,1
99064,1
19640,1
62595,1
2003,1
10957,1
16863,1
32093,1
36545,1
48206,1
59264,1
65667,1
75131,1
81641,1
93683,1
86919,1
89158,1
89271,1
91421,1
93070,1
93191,1
12632,1
85125,1
67379,1
83080,1
26909,1
56995,1
66316,1
97179,1
88808,1
51719,1
80625,1
85007,1
581,1
19141,1
22619,1
25820,1
30095,1
43748,1
47903,1
60576,1
61256,1
66328,1
77073,1
96922,1
97306,1
97809,1
6118,1
8713,1
15609,1
16886,1
18205,1
18536,1
26650,1
27067,1
27087,1
31492,1
31807,1
40678,1
77582,1
47143,1
71375,1
59623,1
59903,1
61660,1
62589,1
63001,1
68558,1
68659,1
68801,1
70632,1
72942,1
73929,1
79237,1
82111,1
83026,1
84199,1
87105,1
97592,1
99125,1
62975,1
54181,1
46301,1
62390,1
64723,1
70845,1
75557,1
77197,1
98507,1
4812,1
4876,1
5532,1
5953,1
7010,1
8032,1
67558,1
9099,1
10823,1
10936,1
11386,1
14184,1
14441,1
17906,1
65611,1
18523,1
18754,1
20304,1
20378,1
20561,1
22117,1
64344,1
23746,1
53501,1
25513,1
26931,1
28502,1
45572,1
30318,1
36316,1
31775,1
32191,1
34706,1
35750,1
35361,1
37032,1
39665,1
39694,1
33204,1
43944,1
43955,1
44196,1
44260,1
44980,1
45412,1
46450,1
47124,1
47715,1
48142,1
32551,1
50787,1
51650,1
51867,1
52408,1
53634,1
54686,1
55648,1
57679,1
58124,1
58355,1
58882,1
59495,1
32402,1
63082,1
65098,1
66549,1
67394,1
68393,1
68827,1
69586,1
70178,1
70417,1
72211,1
74628,1
75129,1
75433,1
78412,1
79395,1
79620,1
28293,1
80779,1
81204,1
83343,1
84001,1
26534,1
84592,1
88276,1
25588,1
89586,1
89714,1
89978,1
90170,1
90177,1
90433,1
17978,1
95913,1
96099,1
2719,1
11407,1
23688,1
33154,1
36552,1
13889,1
42074,1
42489,1
45308,1
58700,1
59666,1
68054,1
90701,1
32339,1
69070,1
71731,1
92211,1
13875,1
22418,1
8602,1
13361,1
49912,1
51574,1
53157,1
66272,1
79291,1
92700,1
20907,1
9505,1
10556,1
17455,1
47910,1
48857,1
7080,1
19959,1
29657,1
81189,1
99200,1
58627,1
4487,1
33760,1
38112,1
44261,1
62893,1
78058,1
79612,1
9021,1
9396,1
10946,1
27253,1
27839,1
32286,1
32634,1
32665,1
33011,1
6489,1
50917,1
53304,1
56663,1
57379,1
59288,1
60810,1
60839,1
61289,1
62947,1
66460,1
70119,1
3793,1
73032,1
82409,1
82945,1
40,1
92893,1
93533,1
95342,1
95906,1
14950,1
15950,1
79813,1
37341,1
30839,1
23098,1
71895,1
98558,1
91537,1
5671,1
98115,1
28416,1
51321,1
55898,1
56334,1
59442,1
63200,1
69647,1
5809,1
29237,1
59411,1
7580,1
8797,1
96858,1
94618,1
58028,1
20000,1
39267,1
95354,1
32579,1
83446,1
89082,1
25641,1
45895,1
79899,1
9361,1
11401,1
75650,1
73245,1
83562,1
99210,1
18379,1
73315,1
33984,1
72195,1
81553,1
96649,1
311,1
67832,1
2606,1
4684,1
51554,1
13175,1
30297,1
33457,1
44605,1
53292,1
56717,1
58020,1
49626,1
62847,1
69728,1
71828,1
72872,1
34265,1
76275,1
79092,1
79166,1
33533,1
89376,1
91359,1
18273,1
13120,1
73424,1
60542,1
5130,1
7604,1
10307,1
43640,1
54789,1
62062,1
82358,1
99737,1
2352,1
12561,1
25680,1
16137,1
19051,1
79390,1
24600,1
29317,1
29326,1
36348,1
40715,1
42428,1
45095,1
51190,1
54539,1
64448,1
65220,1
67621,1
69591,1
71975,1
72934,1
74809,1
75484,1
78167,1
82027,1
58862,1
87665,1
94242,1
95712,1
98878,1
595,1
1048,1
1094,1
1792,1
1923,1
2679,1
2682,1
4011,1
84837,1
6433,1
7484,1
8629,1
8762,1
9761,1
10170,1
12831,1
13088,1
13090,1
13109,1
42058,1
27118,1
15944,1
16757,1
18075,1
19403,1
20527,1
21093,1
21570,1
18660,1
22940,1
24087,1
24443,1
25143,1
26313,1
28922,1
29059,1
31634,1
32173,1
32385,1
35148,1
35736,1
36112,1
38497,1
39030,1
39436,1
39882,1
40031,1
40491,1
40535,1
40725,1
42850,1
43883,1
45546,1
45878,1
94496,1
46749,1
46752,1
47304,1
48410,1
48583,1
50843,1
87917,1
55225,1
56184,1
56541,1
72909,1
59508,1
59859,1
60828,1
65268,1
65388,1
65958,1
48578,1
21052,1
11952,1
68781,1
69537,1
70365,1
71433,1
73629,1
72295,1
72389,1
72521,1
73525,1
74947,1
75437,1
75487,1
75659,1
76145,1
76459,1
77553,1
55246,1
28454,1
97019,1
79913,1
80040,1
81009,1
84437,1
84617,1
85170,1
86010,1
86339,1
87981,1
88740,1
8168,1
89142,1
89206,1
89731,1
89775,1
90616,1
90902,1
91136,1
91381,1
91502,1
92924,1
94126,1
94834,1
96504,1
96635,1
97196,1
97475,1
81160,1
99336,1
9857,1
25834,1
66336,1
74143,1
90894,1
6880,1
19733,1
30305,1
38777,1
53295,1
12,1
91540,1
60305,1
16716,1
28244,1
17428,1
55573,1
69917,1
81363,1
5262,1
37165,1
71199,1
96788,1
44774,1
82120,1
77398,1
56297,1
95326,1
57538,1
53911,1
23164,1
26797,1
35970,1
37112,1
41978,1
44171,1
45783,1
63137,1
64286,1
67178,1
68071,1
78070,1
93559,1
99051,1
4459,1
43126,1
1507,1
12453,1
86208,1
97118,1
25422,1
95258,1
8543,1
32839,1
86723,1
83077,1
67335,1
60619,1
69951,1
36633,1
51991,1
65183,1
7928,1
64370,1
94229,1
98015,1
96868,1
56236,1
80433,1
88392,1
22394,1
59614,1
58787,1
77034,1
13865,1
81191,1
11113,1
39392,1
61726,1
98212,1
1484,1
3621,1
4361,1
7291,1
20934,1
27584,1
28701,1
30697,1
35652,1
50774,1
57570,1
55875,1
74016,1
81910,1
86908,1
67102,1
4477,1
9583,1
50659,1
53505,1
70927,1
76905,1
77336,1
82749,1
83956,1
72251,1
73456,1
76018,1
1409,1
1893,1
3178,1
4190,1
5102,1
5305,1
5344,1
7978,1
13202,1
15747,1
16490,1
17678,1
18787,1
23444,1
28483,1
30002,1
55342,1
50184,1
51659,1
56141,1
58391,1
60879,1
61421,1
61714,1
62524,1
70551,1
78445,1
80112,1
47976,1
81450,1
81667,1
83731,1
83991,1
84129,1
91371,1
92087,1
94092,1
97617,1
99517,1
39818,1
3845,1
3848,1
3900,1
6310,1
6380,1
6812,1
6856,1
7636,1
11207,1
13569,1
14015,1
15028,1
15462,1
16474,1
17623,1
17735,1
17924,1
19334,1
21728,1
21587,1
22966,1
23244,1
25615,1
31355,1
33391,1
36076,1
38458,1
39802,1
42024,1
43002,1
43805,1
43972,1
46794,1
47319,1
9424,1
47838,1
3677,1
48788,1
49368,1
49647,1
3555,1
50929,1
52158,1
52251,1
53742,1
54503,1
54784,1
55307,1
57527,1
57969,1
59141,1
2966,1
59774,1
59924,1
62172,1
62491,1
65036,1
65451,1
65560,1
66458,1
67788,1
70860,1
70916,1
72905,1
74474,1
77003,1
79136,1
80039,1
81458,1
84631,1
86944,1
87106,1
87235,1
88802,1
89883,1
92643,1
98677,1
1369,1
22608,1
54927,1
99310,1
1371,1
6845,1
9105,1
14698,1
12766,1
8826,1
67948,1
15338,1
64442,1
94984,1
7306,1
11378,1
43951,1
18748,1
62515,1
69379,1
87838,1
37186,1
47771,1
8878,1
36655,1
20577,1
40207,1
40883,1
61074,1
11736,1
69122,1
78084,1
82784,1
84340,1
95054,1
31,1
407,1
3873,1
4287,1
4394,1
5470,1
6476,1
8225,1
8622,1
8633,1
8822,1
9324,1
9888,1
13167,1
13985,1
14961,1
16205,1
16369,1
32119,1
18049,1
18266,1
76788,1
19729,1
20108,1
20275,1
20917,1
23436,1
24262,1
25388,1
25854,1
26459,1
27645,1
28283,1
28680,1
29828,1
31648,1
35786,1
36881,1
68742,1
38602,1
38797,1
63327,1
40442,1
40828,1
19335,1
42134,1
77812,1
46679,1
48443,1
48463,1
48633,1
49005,1
77353,1
51683,1
51714,1
53236,1
53806,1
54310,1
47141,1
55978,1
60235,1
60965,1
61334,1
62966,1
65959,1
66936,1
68222,1
69316,1
70050,1
70638,1
71086,1
71109,1
20145,1
71917,1
72784,1
72821,1
72857,1
17734,1
74819,1
75075,1
75132,1
75707,1
76223,1
77695,1
78202,1
79304,1
79358,1
79437,1
80124,1
80876,1
81064,1
81432,1
82287,1
85259,1
85946,1
88903,1
90376,1
92955,1
93117,1
93314,1
93460,1
93699,1
94787,1
95165,1
95895,1
95947,1
97972,1
98241,1
99491,1
73155,1
47404,1
83368,1
9994,1
30969,1
31904,1
60156,1
68944,1
71911,1
46110,1
57903,1
94671,1
96725,1
17918,1
55915,1
20687,1
67516,1
29499,1
5392,1
13017,1
23990,1
28975,1
53664,1
42340,1
55917,1
65837,1
71212,1
79540,1
90458,1
97852,1
19448,1
18849,1
44959,1
47258,1
53516,1
58890,1
61952,1
99139,1
49350,1
3354,1
32801,1
34836,1
1722,1
3639,1
6581,1
7232,1
8523,1
10635,1
10827,1
11929,1
13861,1
15854,1
16090,1
16422,1
19512,1
19720,1
22534,1
23638,1
25492,1
7757,1
25935,1
26418,1
26603,1
27023,1
34261,1
35013,1
36780,1
38534,1
39885,1
40860,1
42946,1
44381,1
48794,1
50071,1
50084,1
8373,1
52492,1
52724,1
53131,1
54199,1
54261,1
55622,1
56617,1
56695,1
57537,1
59185,1
60457,1
61830,1
65709,1
68189,1
83307,1
70256,1
71184,1
72331,1
72697,1
73110,1
73148,1
73491,1
74932,1
75438,1
77981,1
78310,1
78476,1
81250,1
83608,1
84423,1
85988,1
89128,1
89653,1
89707,1
89852,1
90728,1
46681,1
94965,1
95622,1
95681,1
34338,1
95943,1
96221,1
96940,1
98797,1
98835,1
98872,1
99726,1
99939,1
2622,1
48842,1
83986,1
934,1
9813,1
14181,1
14688,1
30519,1
34110,1
34429,1
50350,1
57729,1
62745,1
62964,1
65366,1
68462,1
68705,1
75937,1
79625,1
25810,1
8729,1
85010,1
87771,1
74,1
1182,1
1705,1
1728,1
2038,1
2045,1
2324,1
3461,1
47173,1
2783,1
3320,1
3964,1
4081,1
27244,1
4581,1
4755,1
92765,1
5071,1
5320,1
5339,1
53876,1
5938,1
6580,1
32596,1
7881,1
8219,1
8504,1
8723,1
12221,1
8852,1
87298,1
9016,1
9243,1
9274,1
9932,1
81773,1
10960,1
11204,1
11634,1
12420,1
12638,1
14284,1
14462,1
14580,1
14860,1
15066,1
15757,1
15937,1
16037,1
16466,1
17129,1
51914,1
17758,1
18068,1
18153,1
18313,1
19931,1
8061,1
20396,1
21059,1
21356,1
21719,1
22393,1
22816,1
22939,1
22971,1
78797,1
23437,1
23695,1
23902,1
24638,1
24640,1
24718,1
24725,1
24755,1
25181,1
25290,1
25612,1
25819,1
26022,1
54075,1
26838,1
26875,1
27536,1
27972,1
28199,1
28482,1
29082,1
29232,1
29438,1
29471,1
29508,1
29623,1
29848,1
30243,1
30622,1
30952,1
31272,1
31301,1
31632,1
32101,1
22636,1
32530,1
33348,1
33734,1
34024,1
34242,1
34562,1
34642,1
35053,1
35268,1
35634,1
35644,1
36145,1
36364,1
36791,1
37204,1
38290,1
38393,1
38907,1
38910,1
39254,1
39597,1
40064,1
40289,1
40554,1
40996,1
41082,1
42017,1
96645,1
42485,1
42532,1
42768,1
42916,1
43048,1
43923,1
44050,1
44621,1
44965,1
82770,1
46106,1
47193,1
47269,1
47487,1
47918,1
48115,1
48221,1
48634,1
48738,1
49478,1
49526,1
50022,1
51676,1
51977,1
52774,1
80855,1
53023,1
80822,1
54553,1
54621,1
55404,1
55440,1
55636,1
55772,1
55822,1
55830,1
56201,1
56818,1
57143,1
57410,1
57557,1
77625,1
57922,1
58009,1
58345,1
58885,1
58933,1
59044,1
59078,1
59707,1
60027,1
60413,1
60752,1
60954,1
61124,1
61345,1
61616,1
61743,1
61764,1
62618,1
62758,1
63078,1
64232,1
76853,1
64433,1
64904,1
65727,1
66053,1
66194,1
66298,1
66882,1
76750,1
67910,1
68028,1
71493,1
69378,1
69576,1
69831,1
69918,1
70498,1
71079,1
71296,1
71386,1
71771,1
67574,1
72658,1
73066,1
73119,1
73368,1
73426,1
73572,1
74409,1
74565,1
60227,1
75350,1
76152,1
76338,1
76433,1
76685,1
76735,1
76763,1
77210,1
77213,1
77291,1
77375,1
77571,1
78117,1
78349,1
78806,1
79120,1
79427,1
79585,1
79662,1
80102,1
80970,1
81932,1
83660,1
57176,1
85291,1
85466,1
85521,1
85784,1
85869,1
86016,1
86505,1
87544,1
88813,1
88999,1
89441,1
89468,1
90189,1
90230,1
90258,1
90482,1
90615,1
90740,1
91632,1
91871,1
92036,1
92135,1
92606,1
55678,1
92990,1
93031,1
93584,1
43678,1
93941,1
94537,1
95191,1
95327,1
95600,1
95651,1
95797,1
41824,1
96261,1
96537,1
96792,1
96803,1
96864,1
96913,1
96975,1
99215,1
99485,1
37272,1
653,1
2467,1
2686,1
2703,1
3711,1
3916,1
4395,1
4449,1
35626,1
5712,1
5977,1
7004,1
25172,1
12097,1
7893,1
8229,1
8994,1
9136,1
9200,1
9436,1
10186,1
10799,1
10916,1
11250,1
11369,1
12423,1
12449,1
12921,1
13129,1
15653,1
9329,1
15965,1
2180,1
16179,1
16529,1
16685,1
17128,1
17732,1
18091,1
98052,1
19143,1
19909,1
21136,1
97897,1
23097,1
23776,1
23802,1
23886,1
25488,1
25604,1
26165,1
95503,1
27418,1
28639,1
31696,1
32112,1
32153,1
32746,1
34099,1
95484,1
34975,1
35019,1
35109,1
35928,1
36093,1
36681,1
36817,1
95163,1
37082,1
37281,1
37303,1
39026,1
39774,1
40199,1
41245,1
41720,1
41742,1
42865,1
45885,1
46249,1
47591,1
48097,1
48139,1
87548,1
51073,1
51460,1
51492,1
51513,1
52245,1
52330,1
52545,1
52556,1
55618,1
56439,1
87404,1
58066,1
58174,1
58729,1
58906,1
59337,1
61012,1
61105,1
61465,1
62573,1
63065,1
65943,1
66836,1
67840,1
68234,1
69927,1
70663,1
70785,1
70841,1
71393,1
72270,1
72704,1
73854,1
76730,1
77732,1
77767,1
79698,1
79794,1
80227,1
81411,1
81757,1
82162,1
82365,1
82526,1
83776,1
84857,1
85652,1
85678,1
87192,1
87354,1
87918,1
88156,1
88936,1
91017,1
91024,1
92548,1
93013,1
93099,1
93248,1
94224,1
95114,1
87096,1
95801,1
96107,1
96558,1
97976,1
23332,1
86569,1
44777,1
85734,1
2958,1
20711,1
71563,1
90432,1
26394,1
18485,1
72340,1
78005,1
84627,1
1887,1
2727,1
37217,1
84142,1
86176,1
29808,1
36163,1
69736,1
11479,1
63317,1
98592,1
13763,1
31094,1
42212,1
69893,1
75503,1
92668,1
61727,1
32069,1
55506,1
66079,1
76095,1
85111,1
15710,1
22332,1
43278,1
56496,1
76400,1
82534,1
87605,1
92880,1
94031,1
55709,1
76864,1
6713,1
41238,1
63916,1
45670,1
24017,1
98380,1
7043,1
16093,1
56740,1
95237,1
8035,1
82513,1
66325,1
85602,1
78505,1
58263,1
64741,1
74774,1
9879,1
27899,1
37991,1
51555,1
52395,1
63664,1
71307,1
91627,1
96259,1
479,1
8772,1
12210,1
21641,1
26653,1
26770,1
51661,1
74663,1
84898,1
94096,1
14938,1
67942,1
98624,1
83529,1
38892,1
62097,1
71919,1
86853,1
83442,1
23105,1
26064,1
67888,1
76736,1
93325,1
94485,1
11354,1
18499,1
38751,1
3020,1
37886,1
54196,1
66182,1
50913,1
94642,1
41406,1
94703,1
96969,1
82835,1
60511,1
67390,1
94193,1
98560,1
2208,1
6037,1
12876,1
14709,1
82809,1
73917,1
13561,1
41160,1
43233,1
66387,1
76303,1
28845,1
59895,1
73770,1
45268,1
6261,1
73037,1
26831,1
46108,1
31814,1
91943,1
72843,1
59883,1
26324,1
68178,1
10727,1
17827,1
20063,1
32636,1
53268,1
56763,1
56860,1
69769,1
76335,1
91400,1
91913,1
98008,1
1165,1
8154,1
18037,1
20508,1
26684,1
37022,1
40450,1
41769,1
51021,1
56004,1
90998,1
68128,1
53931,1
23129,1
27424,1
39816,1
57576,1
91273,1
94149,1
1071,1
5882,1
5884,1
6555,1
7190,1
11990,1
12398,1
12665,1
17046,1
20199,1
22380,1
22448,1
23969,1
24273,1
24522,1
24665,1
24941,1
25325,1
26568,1
26624,1
28729,1
32388,1
32837,1
42298,1
67601,1
66689,1
48573,1
52548,1
52749,1
55897,1
57191,1
57955,1
59286,1
61692,1
66186,1
66712,1
68112,1
73555,1
73580,1
75005,1
76953,1
77307,1
78151,1
78592,1
81308,1
83015,1
85308,1
86468,1
89599,1
93122,1
93240,1
94255,1
94536,1
98325,1
327,1
1605,1
1912,1
1993,1
2108,1
2210,1
2780,1
4390,1
4400,1
5147,1
5166,1
5601,1
6677,1
7076,1
7107,1
10072,1
64715,1
11350,1
11392,1
64031,1
62519,1
15760,1
61536,1
16616,1
17006,1
17047,1
17325,1
18601,1
18662,1
19655,1
20981,1
21901,1
22236,1
23333,1
23581,1
24535,1
25534,1
25563,1
27553,1
28177,1
28423,1
30012,1
31006,1
31956,1
32559,1
32568,1
34294,1
34944,1
61387,1
37534,1
38609,1
38840,1
40999,1
41670,1
43930,1
44132,1
44572,1
44938,1
45507,1
46019,1
46387,1
47053,1
47241,1
47570,1
47968,1
60292,1
49834,1
49864,1
49898,1
52064,1
53750,1
54344,1
54386,1
55250,1
55886,1
56020,1
56503,1
56696,1
57328,1
58670,1
59090,1
60330,1
60441,1
64654,1
65776,1
66132,1
66192,1
68965,1
68997,1
69941,1
70730,1
71069,1
54999,1
72616,1
72823,1
73571,1
74653,1
51669,1
51112,1
76371,1
76672,1
76921,1
77985,1
48278,1
81194,1
82208,1
48241,1
85501,1
85874,1
86299,1
86305,1
46867,1
88637,1
89191,1
90144,1
90710,1
91291,1
91320,1
91856,1
91967,1
92178,1
92562,1
92714,1
93021,1
93467,1
94164,1
94174,1
95157,1
97291,1
97825,1
97940,1
98348,1
99520,1
46865,1
99564,1
46658,1
3075,1
13430,1
45201,1
85279,1
6801,1
43918,1
44853,1
77330,1
10374,1
12610,1
24150,1
26939,1
34971,1
41120,1
60138,1
68518,1
73926,1
79509,1
82867,1
37511,1
38325,1
89414,1
99646,1
1572,1
71000,1
98174,1
84773,1
93770,1
70287,1
74383,1
79400,1
56784,1
61322,1
75922,1
21685,1
29889,1
79784,1
16308,1
83037,1
64816,1
38296,1
86903,1
19570,1
214,1
82590,1
82250,1
19144,1
29216,1
29335,1
40731,1
41979,1
47813,1
38203,1
58605,1
64273,1
71685,1
88662,1
97309,1
74000,1
90753,1
96774,1
1787,1
2392,1
7441,1
7630,1
8233,1
8350,1
8428,1
9606,1
13630,1
14352,1
34431,1
16388,1
16983,1
21199,1
23060,1
23347,1
34097,1
26168,1
27902,1
29250,1
35221,1
31578,1
35632,1
39806,1
39934,1
31249,1
41056,1
31243,1
44431,1
46177,1
48237,1
48355,1
30384,1
50142,1
26011,1
51910,1
53136,1
56725,1
58651,1
59127,1
59884,1
60213,1
24260,1
61442,1
61853,1
63066,1
63823,1
65047,1
65186,1
66100,1
67515,1
67866,1
68439,1
22958,1
70065,1
72333,1
72478,1
73324,1
77819,1
78456,1
80142,1
81384,1
83225,1
85325,1
85681,1
86489,1
86934,1
89728,1
90704,1
91966,1
92322,1
92396,1
21593,1
93452,1
93529,1
93600,1
93894,1
95087,1
99089,1
99319,1
11578,1
22396,1
26973,1
31427,1
62270,1
77288,1
97207,1
21966,1
53201,1
10399,1
90138,1
20869,1
12843,1
33791,1
87194,1
30619,1
51944,1
74261,1
89900,1
34716,1
75352,1
25374,1
28013,1
8665,1
11088,1
20223,1
42505,1
69358,1
215,1
51933,1
18929,1
39660,1
57948,1
71984,1
72028,1
66279,1
9558,1
37433,1
51283,1
52562,1
18876,1
39397,1
60981,1
75665,1
47044,1
63945,1
67983,1
23662,1
24937,1
73016,1
39787,1
77716,1
80128,1
22133,1
40727,1
18433,1
1763,1
7477,1
7950,1
12899,1
16260,1
25440,1
15964,1
15782,1
52543,1
54076,1
58517,1
60230,1
63055,1
53771,1
53978,1
61059,1
86320,1
12275,1
87127,1
26521,1
59578,1
88801,1
8121,1
2816,1
3756,1
4915,1
11429,1
19455,1
20546,1
21003,1
21431,1
25565,1
26134,1
27145,1
29973,1
32443,1
34310,1
41012,1
44517,1
45137,1
48233,1
60216,1
60331,1
60782,1
62518,1
64439,1
64865,1
65480,1
68668,1
69816,1
73405,1
73644,1
74487,1
75639,1
85052,1
86646,1
92335,1
93913,1
94936,1
95243,1
108,1
3432,1
4470,1
5277,1
5907,1
5923,1
6416,1
6457,1
7099,1
7161,1
7731,1
8266,1
9034,1
10826,1
11167,1
11856,1
12168,1
13074,1
13358,1
13654,1
14025,1
7237,1
14869,1
16264,1
17574,1
18455,1
7098,1
19623,1
19669,1
19687,1
20410,1
23245,1
23952,1
24167,1
25380,1
25424,1
26100,1
27043,1
27865,1
31838,1
5483,1
32499,1
33137,1
3869,1
34339,1
37027,1
37041,1
37691,1
37850,1
38774,1
40548,1
41023,1
42260,1
42804,1
43262,1
43266,1
45948,1
46043,1
3472,1
46246,1
46340,1
46352,1
47619,1
49044,1
49676,1
3231,1
49971,1
50684,1
51030,1
51725,1
52717,1
52953,1
57355,1
58416,1
59481,1
59584,1
61913,1
62870,1
65818,1
1511,1
66492,1
66993,1
67099,1
67156,1
68984,1
69098,1
69556,1
69718,1
70578,1
70805,1
71662,1
72184,1
74076,1
75237,1
75269,1
89856,1
77067,1
77109,1
77318,1
82018,1
84380,1
84694,1
84823,1
85748,1
85914,1
86418,1
86615,1
87851,1
88223,1
88772,1
89070,1
89733,1
90614,1
90916,1
91163,1
92652,1
92825,1
93185,1
93983,1
94378,1
94641,1
95198,1
95530,1
96656,1
98152,1
99489,1
31475,1
83440,1
9494,1
27192,1
37220,1
79683,1
99933,1
3025,1
19609,1
52618,1
59936,1
69450,1
99515,1
7336,1
16266,1
77869,1
10961,1
2603,1
82274,1
52524,1
81,1
74868,1
39374,1
62823,1
69997,1
11245,1
22851,1
43876,1
78667,1
80090,1
96298,1
76590,1
90805,1
90544,1
13448,1
69,1
74846,1
627,1
3282,1
3297,1
8649,1
10242,1
10261,1
11491,1
17222,1
19401,1
26404,1
33184,1
36759,1
41719,1
45660,1
47540,1
47819,1
48076,1
58635,1
58744,1
60040,1
60848,1
70431,1
76366,1
76398,1
61178,1
87811,1
94754,1
95682,1
99814,1
63094,1
29422,1
54105,1
98778,1
8604,1
5160,1
92397,1
98541,1
1879,1
25416,1
4274,1
32301,1
34575,1
40671,1
70092,1
80033,1
89154,1
91251,1
1042,1
97379,1
3556,1
46026,1
49871,1
69615,1
57989,1
47030,1
65884,1
11507,1
32181,1
318,1
976,1
8244,1
19158,1
67227,1
8433,1
18874,1
41477,1
22260,1
25342,1
26391,1
66888,1
25911,1
30790,1
70239,1
592,1
7403,1
9622,1
12617,1
12732,1
13994,1
16602,1
25249,1
27727,1
28048,1
29206,1
31292,1
34574,1
36175,1
36430,1
37182,1
53381,1
48834,1
49588,1
50847,1
52776,1
53848,1
56459,1
60351,1
63159,1
64927,1
65697,1
66018,1
74026,1
78569,1
82817,1
90804,1
92950,1
93426,1
96778,1
97482,1
98537,1
98807,1
98997,1
69225,1
77929,1
34038,1
7434,1
72982,1
79671,1
12345,1
23524,1
47132,1
23292,1
16480,1
96019,1
21,1
959,1
3512,1
5238,1
12483,1
5695,1
5957,1
7430,1
7820,1
9027,1
4506,1
12864,1
13522,1
13572,1
2843,1
14750,1
15540,1
15884,1
16062,1
19327,1
19700,1
19787,1
19970,1
20377,1
22035,1
22070,1
22462,1
22743,1
22937,1
22956,1
23351,1
23501,1
23922,1
25516,1
2022,1
25651,1
25753,1
26076,1
26340,1
27922,1
28157,1
29407,1
29903,1
30774,1
30842,1
30880,1
31339,1
31596,1
32070,1
32649,1
33409,1
33538,1
33776,1
94021,1
34167,1
34757,1
35278,1
35334,1
36616,1
36819,1
37122,1
82607,1
37328,1
37471,1
37838,1
38353,1
38595,1
39545,1
76999,1
42030,1
42128,1
50830,1
44875,1
45506,1
46653,1
47180,1
47212,1
47944,1
47963,1
48955,1
50030,1
50181,1
53869,1
53885,1
54479,1
54532,1
50023,1
29840,1
56350,1
56745,1
56946,1
56968,1
57035,1
58720,1
18582,1
59608,1
60650,1
61373,1
61868,1
62233,1
63973,1
65230,1
66759,1
66866,1
66968,1
67617,1
68854,1
70001,1
17836,1
71238,1
71449,1
72630,1
73076,1
74648,1
86065,1
75463,1
75869,1
78323,1
78491,1
80001,1
81687,1
74862,1
82417,1
82846,1
82894,1
83326,1
83927,1
84212,1
86027,1
86060,1
86128,1
86373,1
86394,1
86492,1
87391,1
87559,1
87926,1
88653,1
88699,1
89933,1
90734,1
91539,1
91697,1
92373,1
92654,1
93125,1
94594,1
3817,1
95356,1
98278,1
82862,1
98559,1
98723,1
53924,1
99368,1
99588,1
43277,1
235,1
1600,1
2169,1
2491,1
3764,1
4516,1
4531,1
4969,1
6357,1
7156,1
9142,1
9165,1
9658,1
10985,1
10993,1
11482,1
14146,1
12984,1
13347,1
77800,1
14844,1
15382,1
16885,1
17577,1
17756,1
17838,1
18932,1
18942,1
18991,1
19920,1
20243,1
20505,1
22253,1
23533,1
25062,1
25471,1
26263,1
26515,1
27048,1
27499,1
28537,1
28991,1
29244,1
30155,1
32137,1
32358,1
34025,1
34267,1
35015,1
35453,1
36239,1
36445,1
38172,1
38576,1
39512,1
39686,1
39703,1
40369,1
40985,1
41106,1
41352,1
42387,1
43823,1
44090,1
44615,1
44960,1
45262,1
45301,1
45630,1
45653,1
45757,1
45758,1
46567,1
49213,1
49449,1
49600,1
49742,1
50500,1
50628,1
51037,1
51833,1
52673,1
53448,1
53865,1
53999,1
54255,1
54274,1
54359,1
42527,1
56067,1
56583,1
58413,1
59003,1
59747,1
59970,1
60503,1
60767,1
60938,1
61763,1
62872,1
63006,1
63224,1
63424,1
64742,1
64844,1
64946,1
65882,1
66682,1
66873,1
67022,1
69054,1
70162,1
71818,1
71836,1
72460,1
72481,1
36629,1
73823,1
74064,1
75309,1
75521,1
75766,1
76213,1
76221,1
76620,1
76749,1
78360,1
4905,1
79558,1
80422,1
80520,1
81914,1
82986,1
83508,1
84061,1
84310,1
84520,1
86570,1
86579,1
86798,1
87408,1
87558,1
87979,1
88145,1
88762,1
44623,1
90690,1
91078,1
91260,1
20973,1
91509,1
92391,1
93862,1
94022,1
95014,1
95279,1
95853,1
20356,1
96151,1
96731,1
97750,1
14551,1
97957,1
98985,1
99150,1
23716,1
28603,1
76426,1
14699,1
49530,1
7753,1
16798,1
18576,1
58163,1
88918,1
44826,1
3295,1
60390,1
85196,1
1743,1
93580,1
7850,1
36523,1
57654,1
83891,1
98775,1
39384,1
56105,1
57451,1
68245,1
84362,1
46987,1
7319,1
56777,1
91460,1
52560,1
21524,1
56237,1
80104,1
30927,1
6071,1
58942,1
72093,1
39500,1
92630,1
95195,1
25060,1
38924,1
20074,1
92105,1
86058,1
87269,1
3861,1
71412,1
3015,1
96738,1
19762,1
37923,1
45345,1
48276,1
58025,1
59831,1
65910,1
69299,1
71436,1
75088,1
76060,1
77780,1
87468,1
87843,1
88608,1
90583,1
2355,1
3400,1
4553,1
7060,1
8555,1
10875,1
10894,1
11637,1
13028,1
20876,1
20892,1
30195,1
32518,1
33164,1
38258,1
45249,1
46159,1
51015,1
58758,1
81519,1
66436,1
70258,1
81005,1
88382,1
89115,1
93872,1
2813,1
3930,1
4389,1
7343,1
11149,1
11205,1
13104,1
18303,1
18563,1
19310,1
19560,1
20254,1
21411,1
22432,1
24868,1
26034,1
26655,1
28313,1
29254,1
29857,1
31078,1
32247,1
32755,1
33150,1
24084,1
33937,1
34196,1
37412,1
37466,1
37887,1
38633,1
40661,1
41061,1
43349,1
48435,1
49720,1
93004,1
54897,1
55842,1
57854,1
60934,1
61273,1
64408,1
66807,1
67030,1
70370,1
71782,1
72826,1
73124,1
75706,1
78500,1
79361,1
80836,1
19337,1
83794,1
87819,1
88652,1
88979,1
89766,1
93134,1
93320,1
94755,1
94759,1
97979,1
99129,1
4889,1
65,1
6619,1
26453,1
36644,1
61962,1
71902,1
77645,1
43058,1
9394,1
48326,1
23345,1
13790,1
16963,1
40081,1
33120,1
97947,1
79046,1
70979,1
80482,1
19376,1
28184,1
71413,1
16472,1
21144,1
14351,1
18759,1
23093,1
27457,1
73684,1
89284,1
90174,1
13435,1
40214,1
18719,1
33956,1
13327,1
36170,1
52333,1
23414,1
27385,1
12656,1
60429,1
9666,1
17258,1
41022,1
79104,1
89078,1
89180,1
91748,1
96036,1
97703,1
98020,1
308,1
17831,1
64606,1
38268,1
42300,1
94477,1
2936,1
4913,1
4985,1
5242,1
92125,1
6956,1
7734,1
11559,1
16349,1
21492,1
26970,1
27144,1
33116,1
34908,1
37784,1
38532,1
42184,1
46730,1
87569,1
49922,1
53650,1
56234,1
58410,1
61131,1
61275,1
63506,1
67451,1
70184,1
72569,1
73007,1
75560,1
76132,1
80188,1
83995,1
88219,1
92787,1
94860,1
94928,1
94941,1
98966,1
11156,1
15758,1
37119,1
38747,1
40130,1
40528,1
45460,1
46724,1
51974,1
58100,1
72923,1
72935,1
74125,1
78800,1
81905,1
87967,1
20698,1
48755,1
354,1
4704,1
12630,1
45440,1
38152,1
74503,1
79713,1
93850,1
99340,1
46201,1
92664,1
88260,1
24671,1
33738,1
54856,1
83647,1
28847,1
38478,1
52758,1
88924,1
18109,1
37065,1
66612,1
80861,1
38640,1
97938,1
19795,1
46360,1
56049,1
72084,1
31813,1
79586,1
33796,1
48175,1
73471,1
66353,1
2582,1
5227,1
70827,1
6753,1
6983,1
11877,1
97254,1
13897,1
15282,1
16893,1
57347,1
23824,1
23951,1
25596,1
26528,1
29683,1
30850,1
32398,1
35310,1
43740,1
45733,1
49169,1
49573,1
53177,1
53521,1
56153,1
57027,1
58120,1
62783,1
66896,1
69622,1
77926,1
86384,1
89771,1
97887,1
71176,1
16170,1
71121,1
76429,1
86326,1
9514,1
14433,1
16477,1
21240,1
23823,1
27082,1
31991,1
32439,1
33885,1
44190,1
46368,1
47248,1
51994,1
52739,1
54083,1
54960,1
58237,1
58525,1
58962,1
61467,1
62310,1
67273,1
72203,1
73144,1
78770,1
37602,1
86729,1
87036,1
87845,1
88765,1
25585,1
97808,1
99897,1
287,1
727,1
1476,1
2103,1
3401,1
5551,1
5673,1
7380,1
8155,1
9637,1
10106,1
10298,1
10413,1
11175,1
12731,1
96965,1
12721,1
13360,1
13951,1
14086,1
15220,1
17017,1
18083,1
20816,1
21418,1
89966,1
24148,1
24204,1
25336,1
25364,1
26029,1
27737,1
88505,1
27952,1
28837,1
29126,1
29154,1
31227,1
31668,1
35397,1
36529,1
37150,1
37568,1
37588,1
37712,1
39212,1
39232,1
41033,1
56578,1
41867,1
44849,1
46275,1
46923,1
47431,1
47527,1
52514,1
48146,1
51899,1
52113,1
52581,1
54275,1
54453,1
54859,1
55606,1
55741,1
56161,1
56341,1
56769,1
57671,1
49308,1
58891,1
60201,1
47840,1
60893,1
61310,1
61698,1
62016,1
62345,1
63756,1
64153,1
64172,1
64767,1
65255,1
67027,1
67472,1
67578,1
67981,1
70907,1
71209,1
71447,1
71687,1
72038,1
74835,1
75018,1
43534,1
41072,1
80195,1
83125,1
83593,1
38130,1
85540,1
86611,1
89123,1
90365,1
90629,1
91898,1
92434,1
92775,1
92795,1
94219,1
95305,1
95991,1
96086,1
97365,1
97484,1
99422,1
35966,1
46976,1
55219,1
57781,1
92226,1
90833,1
35521,1
535,1
79962,1
8879,1
78765,1
15692,1
34635,1
80279,1
81300,1
32292,1
99076,1
50844,1
54127,1
74885,1
11389,1
33911,1
61061,1
69838,1
31280,1
8753,1
9178,1
17706,1
24427,1
29652,1
34909,1
35561,1
51101,1
78553,1
52182,1
95236,1
6921,1
61194,1
80301,1
76115,1
80772,1
42811,1
91759,1
19624,1
20769,1
44330,1
51293,1
34183,1
57431,1
62177,1
62251,1
89816,1
90288,1
94192,1
26977,1
44700,1
53462,1
53870,1
86989,1
30168,1
52229,1
70977,1
30094,1
189,1
12363,1
84833,1
88282,1
9380,1
22777,1
43886,1
46238,1
23834,1
59459,1
61980,1
62195,1
62487,1
79865,1
95605,1
4634,1
213,1
4129,1
6029,1
6568,1
7297,1
8192,1
10558,1
13722,1
14337,1
14405,1
15054,1
17404,1
18131,1
18588,1
18611,1
19173,1
20980,1
22709,1
25482,1
28658,1
29051,1
81603,1
30782,1
31115,1
32386,1
33015,1
67696,1
34802,1
35369,1
35841,1
36238,1
37337,1
39066,1
39332,1
41490,1
42552,1
42559,1
44451,1
46080,1
46473,1
47938,1
48172,1
51349,1
53502,1
54136,1
55012,1
55214,1
55526,1
57359,1
57613,1
59545,1
60702,1
62329,1
63492,1
63927,1
66232,1
66450,1
66713,1
74510,1
74624,1
75396,1
34370,1
76806,1
77632,1
78164,1
80636,1
82249,1
83017,1
83155,1
83942,1
86215,1
86985,1
87626,1
33282,1
95746,1
10590,1
97978,1
98335,1
12540,1
32050,1
7465,1
48731,1
6553,1
81343,1
9891,1
50584,1
13323,1
13591,1
21049,1
10801,1
98306,1
45789,1
46997,1
50527,1
57773,1
60539,1
69641,1
70318,1
34141,1
46684,1
61508,1
68004,1
77694,1
71,1
517,1
764,1
1234,1
1555,1
1588,1
3651,1
82804,1
4785,1
4786,1
4879,1
4946,1
5481,1
5836,1
6097,1
7019,1
7105,1
7880,1
7951,1
91308,1
9669,1
11833,1
12272,1
12676,1
12784,1
12850,1
13046,1
13614,1
13683,1
75627,1
14650,1
78110,1
48863,1
15242,1
16364,1
17522,1
17687,1
18086,1
18208,1
18887,1
18985,1
45644,1
32811,1
19545,1
20498,1
20515,1
20604,1
23272,1
23570,1
23702,1
24844,1
25234,1
26161,1
26446,1
26463,1
26615,1
11421,1
29620,1
86960,1
30594,1
30906,1
31003,1
31860,1
32048,1
32552,1
90157,1
33907,1
34069,1
34112,1
34634,1
35000,1
35192,1
35215,1
35717,1
94649,1
36980,1
38103,1
38795,1
39339,1
39544,1
40673,1
41575,1
41661,1
42201,1
42522,1
42778,1
42964,1
44359,1
44467,1
44792,1
45441,1
46607,1
46795,1
48484,1
78270,1
58863,1
95256,1
49976,1
50212,1
50425,1
90414,1
50704,1
51069,1
43402,1
52355,1
52676,1
53124,1
53332,1
53409,1
37090,1
55511,1
56167,1
58063,1
58343,1
58400,1
58838,1
59094,1
59255,1
59291,1
59325,1
59695,1
60499,1
8705,1
61721,1
61859,1
62217,1
63116,1
64265,1
64465,1
65504,1
65723,1
65811,1
68059,1
68824,1
69268,1
69542,1
69777,1
70891,1
71272,1
72506,1
72541,1
73230,1
73903,1
75048,1
75137,1
75217,1
75470,1
75534,1
76050,1
76081,1
76334,1
77283,1
77431,1
78122,1
78977,1
79018,1
79027,1
79663,1
80429,1
81042,1
81045,1
6943,1
83079,1
55613,1
83576,1
84243,1
84263,1
84297,1
84436,1
84966,1
85572,1
86268,1
86825,1
87075,1
23047,1
87205,1
87688,1
88668,1
88693,1
88748,1
88869,1
89148,1
89846,1
89878,1
90574,1
90756,1
91461,1
93364,1
94354,1
95042,1
95228,1
95350,1
11221,1
96733,1
96790,1
97275,1
98190,1
98283,1
99530,1
3421,1
84755,1
2016,1
59874,1
413,1
70734,1
62777,1
66256,1
18717,1
56890,1
62231,1
63832,1
67711,1
83520,1
6900,1
45321,1
55582,1
89361,1
66410,1
94307,1
10039,1
14197,1
17655,1
24998,1
27571,1
37280,1
37331,1
42182,1
51453,1
56448,1
60527,1
62738,1
73122,1
91525,1
97795,1
2748,1
3089,1
3098,1
3710,1
5057,1
7905,1
7986,1
8085,1
8694,1
9374,1
10001,1
12130,1
17423,1
17494,1
19955,1
19984,1
20214,1
20239,1
21217,1
22165,1
22348,1
93329,1
23571,1
91960,1
24440,1
24456,1
24990,1
25165,1
26000,1
26933,1
27064,1
27112,1
28714,1
91390,1
29464,1
29803,1
29844,1
29900,1
30200,1
30232,1
87301,1
32601,1
32992,1
33819,1
33831,1
36331,1
36349,1
36697,1
38578,1
40682,1
40692,1
43319,1
44592,1
44944,1
45025,1
45977,1
46175,1
87247,1
47103,1
47266,1
48540,1
48700,1
48835,1
52298,1
52390,1
55389,1
55521,1
56038,1
81371,1
56605,1
56965,1
58501,1
61741,1
62095,1
62817,1
66047,1
68489,1
70062,1
72137,1
72170,1
72222,1
72546,1
75349,1
76879,1
77326,1
77801,1
77968,1
77986,1
78230,1
80077,1
82039,1
82444,1
83042,1
85927,1
70139,1
86218,1
88969,1
93283,1
94411,1
94625,1
95541,1
66030,1
97083,1
99158,1
5088,1
13996,1
25556,1
41431,1
44020,1
56485,1
66417,1
71880,1
555,1
32965,1
38236,1
62081,1
70503,1
73697,1
80285,1
89285,1
95414,1
889,1
2311,1
63410,1
2570,1
3829,1
3926,1
4135,1
5034,1
7898,1
51510,1
9008,1
9172,1
9918,1
10042,1
11843,1
12801,1
13935,1
14101,1
14655,1
14739,1
14758,1
14930,1
15052,1
16153,1
17521,1
18192,1
19034,1
19776,1
20253,1
20313,1
20366,1
20557,1
20845,1
47799,1
21489,1
21582,1
21911,1
21999,1
22372,1
23064,1
23248,1
41478,1
24984,1
25009,1
25023,1
25065,1
36846,1
27984,1
28269,1
28285,1
28633,1
28997,1
29153,1
29355,1
29855,1
30169,1
30604,1
31387,1
32189,1
32513,1
33252,1
33450,1
33785,1
34450,1
34548,1
35194,1
35305,1
35567,1
36512,1
37740,1
37768,1
38598,1
38740,1
39484,1
39594,1
34900,1
40967,1
41132,1
41270,1
42855,1
43101,1
43155,1
43447,1
43865,1
44025,1
44546,1
45151,1
45260,1
45401,1
45845,1
46277,1
46350,1
46376,1
46877,1
46985,1
47114,1
48446,1
48661,1
48890,1
49567,1
50386,1
50412,1
50436,1
50494,1
50564,1
50570,1
51060,1
52275,1
52323,1
34049,1
19078,1
52766,1
52982,1
55123,1
55255,1
56323,1
56574,1
56632,1
56792,1
57401,1
57823,1
58373,1
58713,1
59084,1
60058,1
61164,1
62383,1
62522,1
63104,1
63230,1
63304,1
63974,1
64169,1
64513,1
64909,1
65170,1
65684,1
66063,1
66611,1
66878,1
67057,1
67301,1
67738,1
68226,1
69073,1
69309,1
70796,1
71311,1
71570,1
71853,1
4607,1
71949,1
72148,1
72925,1
72967,1
73940,1
74101,1
74374,1
74521,1
75199,1
75767,1
75978,1
76950,1
77227,1
77401,1
77513,1
77702,1
79659,1
2702,1
80829,1
81315,1
83184,1
83248,1
97489,1
83827,1
84052,1
84242,1
84726,1
84786,1
84972,1
86020,1
97423,1
87400,1
87571,1
87645,1
87717,1
87718,1
87923,1
88756,1
90055,1
90179,1
90490,1
90772,1
90842,1
91313,1
91415,1
91481,1
91640,1
93307,1
94524,1
94978,1
94980,1
95108,1
95344,1
96296,1
96441,1
97600,1
97646,1
89304,1
98441,1
98724,1
99239,1
99260,1
99865,1
525,1
1537,1
1672,1
2199,1
2396,1
3217,1
3435,1
3790,1
4424,1
5028,1
5741,1
5825,1
5845,1
5948,1
6715,1
6745,1
7045,1
7196,1
7676,1
87799,1
8502,1
8867,1
10191,1
11142,1
11427,1
12824,1
14484,1
15504,1
15699,1
16469,1
16654,1
16760,1
17613,1
17722,1
18873,1
19155,1
19346,1
19929,1
20551,1
85341,1
20839,1
21005,1
22796,1
23001,1
23753,1
24899,1
25284,1
81653,1
25434,1
26968,1
27290,1
27673,1
27988,1
28708,1
29513,1
30018,1
30626,1
72081,1
31137,1
31973,1
32945,1
34107,1
34412,1
34641,1
35544,1
35687,1
35996,1
37111,1
37447,1
37494,1
37629,1
66069,1
39079,1
39239,1
40001,1
40443,1
41006,1
64547,1
63365,1
43181,1
44614,1
44905,1
45184,1
45849,1
46033,1
46556,1
48009,1
49523,1
49907,1
49917,1
51544,1
63090,1
53265,1
53714,1
53888,1
54147,1
54594,1
63081,1
57377,1
57685,1
57971,1
58837,1
59417,1
59505,1
60195,1
60196,1
60352,1
59546,1
60536,1
62499,1
62506,1
57434,1
55653,1
64252,1
64258,1
64357,1
64409,1
65334,1
65898,1
66223,1
67201,1
67362,1
67487,1
69487,1
69509,1
69968,1
71016,1
71035,1
72756,1
73857,1
74744,1
75049,1
75233,1
75449,1
75871,1
76274,1
76927,1
77098,1
77362,1
78925,1
79896,1
80605,1
80770,1
80933,1
81248,1
81855,1
82342,1
83004,1
83261,1
83843,1
84815,1
55413,1
86688,1
87650,1
88977,1
89091,1
90456,1
91397,1
92271,1
92884,1
93727,1
93728,1
95183,1
95303,1
96951,1
97051,1
97780,1
98233,1
98555,1
98653,1
99763,1
26542,1
34857,1
83393,1
84757,1
59709,1
24003,1
30499,1
5127,1
42353,1
68816,1
71619,1
94260,1
22746,1
81589,1
15419,1
16641,1
35795,1
5449,1
25917,1
61530,1
89201,1
16788,1
32706,1
56062,1
51093,1
87756,1
31780,1
10306,1
2028,1
21671,1
21377,1
58323,1
57693,1
7263,1
49162,1
70635,1
74094,1
74187,1
7607,1
19633,1
5574,1
6742,1
43418,1
96899,1
7715,1
35745,1
50831,1
49585,1
79324,1
80260,1
90847,1
96499,1
11463,1
12863,1
14224,1
18855,1
19634,1
30188,1
31008,1
45563,1
49666,1
56581,1
63281,1
63662,1
63963,1
68972,1
72212,1
88516,1
75757,1
56743,1
79530,1
15129,1
43872,1
63735,1
94548,1
49371,1
57767,1
86345,1
4441,1
58715,1
64014,1
84087,1
42672,1
59401,1
86991,1
97304,1
99424,1
985,1
1620,1
6227,1
9704,1
10782,1
40161,1
20891,1
23042,1
24317,1
37589,1
31309,1
47482,1
57530,1
63360,1
64489,1
69021,1
78901,1
83553,1
84539,1
95233,1
79990,1
1549,1
2767,1
6717,1
16535,1
21383,1
38970,1
33612,1
52195,1
66456,1
73046,1
95749,1
729,1
1466,1
31404,1
28301,1
10331,1
10677,1
11510,1
12389,1
13742,1
16322,1
16779,1
18510,1
19960,1
22243,1
23547,1
25211,1
25663,1
26694,1
27927,1
28963,1
31155,1
33622,1
24409,1
38049,1
38433,1
39517,1
42352,1
42889,1
43548,1
43957,1
44123,1
44673,1
45098,1
45332,1
45791,1
46823,1
48695,1
48820,1
49422,1
51207,1
52279,1
52349,1
52954,1
53683,1
22551,1
56803,1
56999,1
57361,1
57682,1
21386,1
17285,1
60158,1
62727,1
63190,1
63320,1
64447,1
68945,1
69271,1
69485,1
14987,1
70843,1
13826,1
72761,1
72863,1
74667,1
75002,1
75285,1
77194,1
79763,1
82562,1
9308,1
83034,1
83175,1
83809,1
85142,1
88337,1
8528,1
90016,1
90224,1
91705,1
91726,1
92823,1
94349,1
95091,1
95587,1
96870,1
97452,1
97651,1
74243,1
37841,1
65326,1
71316,1
18616,1
22865,1
22871,1
28821,1
45513,1
53009,1
55657,1
61093,1
67611,1
92848,1
71313,1
72259,1
27266,1
73463,1
76545,1
82225,1
90984,1
7963,1
7624,1
44036,1
38237,1
3810,1
6547,1
48592,1
57825,1
64030,1
72070,1
79110,1
87581,1
99221,1
17972,1
56159,1
4307,1
50944,1
51737,1
95077,1
12391,1
29091,1
10666,1
4127,1
79849,1
67333,1
35029,1
6204,1
86156,1
65212,1
177,1
17190,1
29389,1
30283,1
96944,1
43852,1
50397,1
51258,1
72485,1
76894,1
77231,1
79987,1
98171,1
819,1
85014,1
22874,1
25016,1
31598,1
55916,1
66344,1
66431,1
79565,1
71739,1
73736,1
80377,1
81674,1
85414,1
91387,1
13022,1
14273,1
16594,1
20863,1
31261,1
33610,1
40327,1
45980,1
46608,1
51988,1
52308,1
53883,1
56080,1
64436,1
67471,1
67542,1
68262,1
71489,1
60777,1
76342,1
47802,1
77656,1
84939,1
46711,1
93729,1
93785,1
35539,1
95000,1
96482,1
99916,1
46381,1
11040,1
55066,1
98506,1
20418,1
13370,1
42328,1
90496,1
98469,1
15013,1
18424,1
24418,1
25056,1
20344,1
51057,1
51733,1
67048,1
73005,1
39000,1
47070,1
91954,1
58825,1
59124,1
10909,1
34632,1
39162,1
40616,1
46820,1
46876,1
56621,1
58889,1
65935,1
68800,1
71922,1
77442,1
91472,1
2320,1
5471,1
7519,1
13342,1
14581,1
22686,1
49242,1
51136,1
52265,1
63833,1
72332,1
93187,1
95033,1
4438,1
7227,1
12204,1
30042,1
30694,1
39914,1
44671,1
53067,1
63030,1
70921,1
71012,1
67136,1
94499,1
96751,1
47003,1
27340,1
3705,1
6082,1
6623,1
6867,1
9849,1
10843,1
11027,1
11585,1
12288,1
13596,1
15231,1
17072,1
20167,1
20935,1
21822,1
24491,1
24888,1
26208,1
26591,1
65984,1
27031,1
32052,1
29004,1
29411,1
29494,1
29632,1
30489,1
30637,1
56458,1
34263,1
35227,1
35238,1
35914,1
37235,1
38742,1
40791,1
41249,1
41398,1
51340,1
43161,1
43317,1
24001,1
45092,1
45447,1
45522,1
43071,1
48742,1
50014,1
52497,1
53791,1
54030,1
54681,1
55064,1
57616,1
57923,1
59164,1
59475,1
28359,1
50815,1
64203,1
67135,1
68733,1
69502,1
69532,1
69812,1
93400,1
71026,1
71166,1
71381,1
4862,1
73041,1
73849,1
73879,1
74053,1
76098,1
76717,1
77060,1
77216,1
77703,1
77990,1
78875,1
80724,1
81942,1
82180,1
82255,1
84136,1
85456,1
86111,1
88390,1
90919,1
94048,1
95008,1
95964,1
45637,1
97171,1
98945,1
3127,1
8173,1
80334,1
84085,1
1334,1
42721,1
58681,1
82837,1
35413,1
28210,1
64082,1
34321,1
59739,1
98815,1
50614,1
66289,1
2560,1
5698,1
10691,1
11064,1
14999,1
18881,1
19946,1
21783,1
23795,1
26678,1
28907,1
31978,1
32591,1
33783,1
39340,1
41687,1
42101,1
42622,1
44549,1
47956,1
50016,1
50918,1
66835,1
67823,1
70479,1
71345,1
71407,1
80935,1
83064,1
83107,1
21571,1
85522,1
85878,1
73771,1
89772,1
92156,1
96216,1
96345,1
58032,1
23984,1
17622,1
32855,1
15148,1
54279,1
79571,1
52504,1
98133,1
48952,1
5550,1
22599,1
19247,1
25394,1
56966,1
10657,1
63068,1
74364,1
81494,1
27853,1
78442,1
1249,1
2484,1
2638,1
3128,1
4042,1
5428,1
5485,1
6510,1
8273,1
9506,1
10020,1
16709,1
18705,1
19696,1
20997,1
21762,1
22033,1
28202,1
29005,1
29610,1
29730,1
30255,1
33350,1
44555,1
47494,1
49311,1
49375,1
49703,1
51556,1
52882,1
53550,1
98479,1
56746,1
58915,1
59010,1
62184,1
64530,1
65503,1
85337,1
73339,1
73369,1
74015,1
79644,1
79956,1
83484,1
83723,1
86177,1
89745,1
95134,1
96948,1
97426,1
98620,1
99611,1
2983,1
40219,1
60223,1
71606,1
80259,1
87893,1
5661,1
9750,1
78126,1
12539,1
13315,1
13643,1
45011,1
14382,1
17417,1
17564,1
23604,1
24654,1
25561,1
27891,1
27991,1
28347,1
29090,1
88400,1
31586,1
33837,1
33993,1
34161,1
36962,1
37560,1
39306,1
43391,1
43699,1
57323,1
45754,1
46089,1
48029,1
48236,1
48721,1
48796,1
56811,1
57247,1
59907,1
60838,1
69290,1
61772,1
63118,1
67105,1
67264,1
69371,1
69430,1
69936,1
71218,1
71270,1
72047,1
72121,1
72620,1
74134,1
75311,1
81565,1
85633,1
86441,1
88391,1
89172,1
92620,1
96245,1
98956,1
99290,1
99378,1
216,1
218,1
565,1
1214,1
2932,1
3000,1
3470,1
3480,1
3484,1
3547,1
3646,1
3797,1
4001,1
4802,1
4817,1
4984,1
5312,1
5452,1
7626,1
7690,1
8316,1
9972,1
10215,1
10968,1
11276,1
11433,1
12098,1
12829,1
14573,1
14903,1
15837,1
15943,1
16091,1
17142,1
17663,1
17670,1
18200,1
18373,1
18772,1
20140,1
21940,1
22207,1
22789,1
23210,1
23395,1
23410,1
24859,1
25191,1
25668,1
25738,1
26441,1
26882,1
27131,1
27219,1
27254,1
29084,1
29349,1
29761,1
30085,1
30259,1
30481,1
31403,1
31829,1
32979,1
33002,1
33033,1
34360,1
34531,1
34606,1
36209,1
36540,1
36839,1
37355,1
38330,1
39051,1
39076,1
39189,1
40488,1
41123,1
41265,1
42421,1
42600,1
42739,1
43264,1
44402,1
44537,1
44739,1
45359,1
24768,1
47909,1
48521,1
48699,1
48762,1
49584,1
49774,1
49877,1
50839,1
53881,1
54390,1
54554,1
54641,1
55310,1
55422,1
56467,1
56729,1
56866,1
56980,1
57183,1
60473,1
60741,1
60789,1
61104,1
62253,1
62465,1
62697,1
63489,1
63736,1
63759,1
64449,1
64783,1
65029,1
65159,1
65242,1
65478,1
68125,1
68333,1
68706,1
68847,1
70959,1
71082,1
71215,1
72651,1
73372,1
73700,1
74682,1
74965,1
76222,1
76553,1
76944,1
77432,1
78157,1
78261,1
79823,1
80303,1
80316,1
80480,1
80879,1
81364,1
81659,1
82499,1
82934,1
83256,1
83303,1
83355,1
83880,1
83913,1
84155,1
84375,1
86362,1
86471,1
87014,1
88346,1
89763,1
90206,1
90477,1
91772,1
92371,1
92520,1
92713,1
94071,1
95158,1
96740,1
96985,1
97300,1
97854,1
98126,1
98453,1
98584,1
17754,1
36166,1
25164,1
96282,1
29995,1
14407,1
26233,1
43422,1
66141,1
83994,1
90891,1
17029,1
31118,1
90342,1
51433,1
53125,1
83471,1
19465,1
29663,1
33965,1
52896,1
81827,1
98681,1
67987,1
88286,1
99770,1
6512,1
77081,1
2098,1
37813,1
40168,1
43285,1
61689,1
22087,1
70404,1
80477,1
26140,1
43007,1
29643,1
31727,1
86924,1
13812,1
45123,1
63532,1
18941,1
86318,1
1638,1
26389,1
22471,1
31377,1
36185,1
39740,1
95812,1
44291,1
47734,1
59768,1
81784,1
83059,1
87635,1
43273,1
58623,1
77193,1
87764,1
7195,1
11947,1
13911,1
16206,1
25033,1
27980,1
34555,1
45568,1
46670,1
55432,1
66657,1
66922,1
69400,1
74922,1
77464,1
79508,1
84888,1
85280,1
91986,1
92164,1
93863,1
95085,1
6466,1
7600,1
10351,1
10489,1
12866,1
59276,1
14182,1
15093,1
17077,1
25015,1
27433,1
29804,1
36286,1
38239,1
42215,1
51502,1
52061,1
55577,1
55681,1
55903,1
57982,1
54531,1
66594,1
69334,1
70531,1
72077,1
78196,1
80133,1
82726,1
82803,1
83240,1
84099,1
84429,1
90876,1
91216,1
92791,1
53674,1
60281,1
68971,1
53658,1
25929,1
14440,1
32142,1
57050,1
65092,1
79211,1
28396,1
52072,1
54223,1
67819,1
74634,1
83544,1
98145,1
98670,1
13064,1
18946,1
24376,1
52304,1
62980,1
49945,1
80902,1
84720,1
6450,1
7083,1
13676,1
42712,1
55623,1
71439,1
98976,1
53276,1
93457,1
44390,1
83736,1
86813,1
68493,1
49747,1
47063,1
15411,1
29030,1
47642,1
9782,1
37037,1
86040,1
9581,1
38853,1
54151,1
66243,1
89858,1
92649,1
298,1
7466,1
16117,1
16512,1
16580,1
61773,1
63344,1
71980,1
72652,1
72748,1
77881,1
752,1
34334,1
55712,1
9019,1
10342,1
43328,1
88636,1
38269,1
13496,1
23124,1
62702,1
76661,1
76739,1
95472,1
3872,1
36831,1
36956,1
37464,1
45019,1
54053,1
22279,1
95575,1
98282,1
98730,1
14114,1
60386,1
71603,1
6214,1
66828,1
60070,1
26131,1
70899,1
71189,1
39615,1
10526,1
50848,1
80656,1
95702,1
21948,1
56888,1
6749,1
7801,1
11457,1
12973,1
23775,1
30664,1
53703,1
98564,1
99688,1
36328,1
61748,1
65448,1
66553,1
3392,1
4795,1
10098,1
20373,1
37276,1
43502,1
54607,1
55125,1
57746,1
82895,1
95869,1
2650,1
2848,1
2903,1
4398,1
4807,1
94315,1
9143,1
10143,1
10904,1
11524,1
12008,1
12755,1
14707,1
17519,1
19480,1
24332,1
25373,1
25500,1
26093,1
26249,1
27264,1
30187,1
30510,1
30799,1
31548,1
32125,1
34701,1
35112,1
35755,1
39464,1
85600,1
78371,1
41269,1
42743,1
43732,1
44714,1
46514,1
48557,1
51528,1
52283,1
53517,1
54025,1
55465,1
59654,1
59738,1
60524,1
61044,1
74135,1
62460,1
66038,1
67401,1
68159,1
69192,1
71473,1
71914,1
73224,1
73647,1
77785,1
78818,1
79035,1
80974,1
81017,1
82314,1
82932,1
84177,1
85573,1
85780,1
86401,1
89484,1
89841,1
90942,1
90990,1
91700,1
92742,1
94892,1
72753,1
72742,1
98636,1
71871,1
1731,1
77099,1
64441,1
98533,1
22129,1
67127,1
3310,1
36656,1
40090,1
60462,1
6874,1
12140,1
13158,1
15845,1
18236,1
23784,1
32522,1
36255,1
42703,1
60053,1
76617,1
95826,1
96826,1
98260,1
80271,1
94757,1
62802,1
18487,1
21886,1
23202,1
39733,1
45966,1
69508,1
83578,1
34913,1
5699,1
24891,1
33467,1
56402,1
80131,1
77331,1
24781,1
30266,1
51533,1
69426,1
73949,1
75865,1
86073,1
90417,1
99137,1
24668,1
26726,1
29731,1
54169,1
82973,1
7652,1
8824,1
31312,1
36785,1
58334,1
58998,1
59046,1
92469,1
94178,1
478,1
53436,1
1694,1
4003,1
53014,1
9502,1
15892,1
17710,1
18661,1
18707,1
19861,1
24770,1
25600,1
26729,1
27444,1
27993,1
31738,1
51636,1
32193,1
33464,1
34684,1
35763,1
35910,1
46946,1
38445,1
44473,1
44948,1
45231,1
45587,1
46258,1
47098,1
46509,1
47826,1
47842,1
48967,1
49039,1
49394,1
50098,1
51852,1
52236,1
52994,1
54406,1
55867,1
56521,1
56853,1
57578,1
60901,1
61472,1
61665,1
62316,1
64497,1
65412,1
65540,1
66792,1
68155,1
69377,1
70542,1
71078,1
73828,1
74737,1
75868,1
76166,1
77391,1
78046,1
80943,1
82198,1
83016,1
87057,1
87094,1
87446,1
88037,1
89118,1
91679,1
93104,1
94090,1
95965,1
96090,1
99626,1
29351,1
1037,1
2624,1
24832,1
44807,1
72929,1
75257,1
89413,1
18899,1
89986,1
15143,1
32030,1
32506,1
49564,1
49048,1
47387,1
13058,1
18791,1
20218,1
22836,1
32270,1
33001,1
38141,1
39226,1
46186,1
50029,1
53758,1
59646,1
89084,1
92377,1
96117,1
790,1
2006,1
2469,1
7927,1
8183,1
8547,1
8771,1
9138,1
9663,1
9995,1
11063,1
11070,1
11561,1
12405,1
13117,1
13223,1
14364,1
15271,1
16706,1
16919,1
16961,1
17322,1
18401,1
19056,1
19061,1
19137,1
21542,1
23388,1
24510,1
24980,1
25538,1
25541,1
26120,1
26172,1
42601,1
26777,1
41021,1
28595,1
29205,1
29210,1
30264,1
30290,1
32494,1
33770,1
35297,1
35341,1
36769,1
37480,1
37566,1
37746,1
38157,1
38593,1
38801,1
38875,1
39847,1
40471,1
39634,1
41250,1
41741,1
41827,1
42022,1
42253,1
45216,1
46797,1
47233,1
48568,1
38332,1
49207,1
50244,1
50740,1
50842,1
50964,1
52201,1
55840,1
57182,1
57540,1
59212,1
61905,1
62109,1
63101,1
64619,1
65095,1
65290,1
66259,1
35746,1
67100,1
68000,1
68352,1
69669,1
70237,1
71495,1
72716,1
74156,1
74752,1
75780,1
76322,1
76832,1
77015,1
81122,1
82955,1
82963,1
83364,1
84754,1
84782,1
84932,1
86015,1
89936,1
32864,1
91601,1
91929,1
92208,1
92357,1
93494,1
93965,1
94114,1
94327,1
94873,1
96274,1
96307,1
96505,1
98044,1
98210,1
98400,1
98959,1
14058,1
71624,1
52643,1
29099,1
47325,1
18559,1
59549,1
25754,1
80215,1
91972,1
96638,1
24152,1
98406,1
12476,1
49553,1
55006,1
2005,1
5704,1
5837,1
28112,1
8180,1
10858,1
11642,1
12459,1
12944,1
15926,1
17532,1
18693,1
27653,1
30779,1
32178,1
33504,1
33810,1
34901,1
39074,1
20456,1
40383,1
41338,1
42166,1
43749,1
43879,1
45609,1
46022,1
46707,1
49347,1
50011,1
51241,1
53167,1
54654,1
1268,1
58527,1
59868,1
59909,1
60726,1
64563,1
64923,1
65291,1
66098,1
68415,1
70292,1
70894,1
71651,1
74550,1
76552,1
81415,1
81957,1
84261,1
84758,1
86028,1
88432,1
88470,1
89829,1
90110,1
91964,1
93816,1
98263,1
99523,1
25645,1
79881,1
92621,1
94974,1
6036,1
10503,1
12821,1
36241,1
77423,1
791,1
32726,1
57656,1
71485,1
90563,1
150,1
2399,1
2518,1
2929,1
3081,1
3477,1
3957,1
4364,1
4502,1
4681,1
5642,1
6200,1
6854,1
80281,1
7460,1
8106,1
8988,1
9256,1
9475,1
9900,1
10193,1
10639,1
11597,1
11891,1
12118,1
12730,1
13212,1
13544,1
14331,1
14479,1
15641,1
18626,1
21205,1
22398,1
23363,1
23525,1
24571,1
25232,1
25457,1
26152,1
27013,1
27289,1
27779,1
28292,1
28896,1
29280,1
29759,1
29870,1
30116,1
30857,1
30932,1
32871,1
32976,1
36199,1
36868,1
37520,1
37538,1
38002,1
38872,1
39218,1
39270,1
39284,1
40137,1
41394,1
42040,1
43102,1
43147,1
43639,1
44629,1
45293,1
45682,1
45688,1
46692,1
49185,1
49617,1
12500,1
50866,1
97502,1
51059,1
51324,1
51731,1
97186,1
53017,1
53829,1
53996,1
54103,1
54160,1
54260,1
55395,1
56284,1
59154,1
59607,1
60036,1
60137,1
62105,1
62207,1
62779,1
63241,1
95150,1
64147,1
64472,1
65150,1
65182,1
68039,1
68347,1
69557,1
72436,1
73928,1
74602,1
74632,1
75297,1
75771,1
77198,1
77474,1
77502,1
78362,1
78687,1
79573,1
80384,1
80709,1
83131,1
83963,1
85151,1
85610,1
86003,1
86504,1
86552,1
86757,1
87503,1
88463,1
89825,1
89839,1
91995,1
93221,1
93650,1
94065,1
94419,1
95644,1
96288,1
96987,1
97226,1
97534,1
99160,1
99706,1
86555,1
1189,1
1691,1
2050,1
3161,1
3988,1
5929,1
6701,1
7431,1
7958,1
8063,1
8471,1
85875,1
9115,1
72747,1
10371,1
10598,1
10876,1
11540,1
12758,1
13617,1
13866,1
14767,1
15038,1
15176,1
15328,1
15380,1
15906,1
16127,1
17049,1
19257,1
19308,1
19353,1
59787,1
48681,1
22151,1
23654,1
24407,1
40752,1
26379,1
27660,1
27951,1
28319,1
28868,1
29061,1
29773,1
30653,1
30710,1
30824,1
32026,1
32960,1
33280,1
33588,1
35827,1
31415,1
37719,1
40766,1
41003,1
41281,1
41447,1
42765,1
42881,1
1750,1
44010,1
75247,1
44811,1
45652,1
46898,1
47331,1
47500,1
47704,1
47878,1
48294,1
48439,1
49088,1
49134,1
49265,1
50444,1
52272,1
52826,1
52962,1
55042,1
56903,1
57376,1
57910,1
60477,1
60546,1
60579,1
63600,1
64058,1
64509,1
64565,1
64583,1
65576,1
96795,1
67020,1
68066,1
69026,1
69336,1
70382,1
71340,1
71417,1
71670,1
71777,1
73043,1
73317,1
76755,1
74188,1
75097,1
75102,1
75462,1
75542,1
76252,1
72264,1
77706,1
77713,1
78021,1
79243,1
80218,1
80283,1
81639,1
81672,1
83210,1
85978,1
89747,1
92574,1
98399,1
98521,1
19304,1
32502,1
83693,1
66805,1
5887,1
53071,1
96223,1
26153,1
49767,1
2794,1
75243,1
13303,1
22049,1
41680,1
66150,1
71425,1
11434,1
16479,1
78690,1
19183,1
51603,1
64992,1
70090,1
72399,1
82675,1
94004,1
946,1
19719,1
20721,1
26465,1
65981,1
70029,1
93969,1
91905,1
14274,1
15945,1
50497,1
70615,1
83013,1
67303,1
58840,1
74638,1
17048,1
10364,1
14052,1
43660,1
73453,1
73483,1
12562,1
69244,1
72641,1
73237,1
80082,1
80404,1
61777,1
98785,1
87092,1
26052,1
32935,1
33333,1
63705,1
70766,1
76101,1
81943,1
227,1
270,1
2457,1
3291,1
3403,1
3744,1
4616,1
8570,1
10662,1
12925,1
16146,1
18544,1
18744,1
19848,1
20806,1
22130,1
23039,1
23299,1
27049,1
28751,1
33799,1
34351,1
35353,1
35518,1
35707,1
36432,1
36522,1
39185,1
42290,1
43042,1
44705,1
45177,1
47466,1
47869,1
50159,1
52458,1
53700,1
54562,1
54770,1
65466,1
66916,1
67590,1
71070,1
72080,1
73358,1
74830,1
44242,1
75400,1
77001,1
79733,1
80207,1
80497,1
81295,1
82231,1
84023,1
84513,1
85433,1
88109,1
91729,1
92359,1
92666,1
92689,1
93763,1
96254,1
96347,1
1667,1
96639,1
12184,1
54839,1
25405,1
55991,1
57417,1
57688,1
80146,1
3084,1
52629,1
13746,1
45654,1
98810,1
90531,1
6984,1
27652,1
94202,1
42924,1
48339,1
73366,1
21224,1
8005,1
20931,1
33320,1
33944,1
67503,1
38010,1
6349,1
14372,1
15548,1
32727,1
33946,1
36696,1
40938,1
47199,1
80341,1
91573,1
1714,1
2049,1
2782,1
8284,1
13477,1
17446,1
17999,1
24730,1
27710,1
41689,1
42095,1
61271,1
63574,1
71353,1
74220,1
81070,1
85812,1
87669,1
94698,1
43428,1
84476,1
95329,1
50352,1
89681,1
82751,1
97995,1
16212,1
78790,1
51048,1
58602,1
99347,1
9889,1
26570,1
69779,1
85195,1
89754,1
91283,1
83872,1
11976,1
12156,1
14300,1
25240,1
49095,1
58338,1
58973,1
67682,1
71207,1
57386,1
99673,1
268,1
529,1
746,1
5295,1
7370,1
9751,1
9855,1
11982,1
12379,1
14914,1
14989,1
15766,1
17026,1
18246,1
19770,1
20988,1
22205,1
22422,1
25209,1
28365,1
28589,1
30282,1
30752,1
31062,1
33653,1
35689,1
42190,1
42887,1
45297,1
46102,1
49613,1
50508,1
53389,1
54411,1
55215,1
55459,1
57453,1
58871,1
59919,1
60171,1
43687,1
60849,1
66052,1
68403,1
68848,1
71657,1
71820,1
72124,1
74572,1
92052,1
76035,1
76181,1
77208,1
77620,1
78242,1
78263,1
79761,1
80009,1
80891,1
88844,1
89686,1
90515,1
93313,1
94070,1
98864,1
99966,1
72066,1
66929,1
1016,1
7944,1
48068,1
59197,1
69060,1
43921,1
44433,1
53047,1
59673,1
61020,1
67037,1
88403,1
89651,1
1116,1
60479,1
82386,1
87724,1
95564,1
1579,1
11297,1
51522,1
17383,1
19859,1
22924,1
23993,1
30197,1
30509,1
31681,1
32820,1
34222,1
7444,1
46062,1
52522,1
57218,1
57551,1
65607,1
70476,1
70649,1
73566,1
79610,1
91065,1
4536,1
36205,1
49269,1
58727,1
35322,1
87916,1
56520,1
91379,1
30726,1
1298,1
52313,1
4308,1
32857,1
2250,1
2568,1
5142,1
8099,1
9484,1
13913,1
15000,1
16214,1
19374,1
19952,1
22550,1
22594,1
27036,1
27886,1
15731,1
35237,1
36061,1
42759,1
45811,1
48045,1
48936,1
53414,1
56570,1
63727,1
66815,1
68575,1
70399,1
72154,1
73214,1
74175,1
74836,1
80939,1
81506,1
13027,1
88063,1
88265,1
88985,1
89490,1
89636,1
90237,1
91558,1
91732,1
92586,1
97601,1
68782,1
2904,1
3514,1
4010,1
5146,1
5829,1
28871,1
7629,1
8576,1
14412,1
81745,1
20793,1
21450,1
23031,1
27407,1
27702,1
28415,1
29710,1
29749,1
32320,1
36536,1
37956,1
40506,1
46931,1
47306,1
66555,1
51090,1
52989,1
53397,1
55175,1
55763,1
56320,1
57164,1
57842,1
60712,1
63003,1
63019,1
64993,1
67350,1
57605,1
69794,1
50382,1
76013,1
78518,1
78819,1
82653,1
88371,1
24056,1
91054,1
91723,1
93953,1
98092,1
1517,1
4074,1
4251,1
5325,1
6996,1
7314,1
9597,1
11163,1
11374,1
11632,1
12063,1
15250,1
16520,1
16813,1
16872,1
17449,1
23963,1
18488,1
18954,1
18995,1
19177,1
19665,1
19793,1
20430,1
20923,1
21810,1
21887,1
21962,1
22105,1
22208,1
22965,1
23004,1
23504,1
25470,1
25769,1
26300,1
26868,1
27413,1
27474,1
27750,1
27798,1
27960,1
28384,1
28508,1
28882,1
29645,1
30133,1
33470,1
35293,1
35425,1
35635,1
35775,1
37894,1
73074,1
40680,1
40720,1
41888,1
41920,1
42071,1
42193,1
42687,1
43329,1
43686,1
43939,1
44016,1
44283,1
44454,1
44662,1
45125,1
45289,1
45714,1
45985,1
46021,1
46572,1
47367,1
47449,1
47751,1
50559,1
51166,1
52300,1
52583,1
54077,1
54149,1
54880,1
55889,1
57416,1
57569,1
58115,1
58380,1
58570,1
59015,1
59142,1
60128,1
60143,1
92355,1
95661,1
62598,1
65145,1
66920,1
67223,1
67484,1
69018,1
69584,1
70786,1
71020,1
71024,1
71143,1
71952,1
72811,1
73410,1
73907,1
74640,1
74664,1
74982,1
76300,1
76416,1
77205,1
77606,1
66155,1
80586,1
81195,1
81429,1
81884,1
82102,1
83092,1
83097,1
83285,1
83311,1
83386,1
83919,1
84588,1
84630,1
84822,1
84867,1
85985,1
86428,1
87009,1
87113,1
87318,1
87955,1
91169,1
91846,1
92651,1
93139,1
93959,1
94876,1
96883,1
99242,1
99664,1
9703,1
64842,1
64281,1
12333,1
65121,1
86359,1
95781,1
86135,1
86676,1
7197,1
71591,1
86021,1
8779,1
29449,1
54277,1
63032,1
6960,1
51159,1
85921,1
13802,1
29215,1
42508,1
71945,1
87667,1
93154,1
15078,1
17514,1
25750,1
26605,1
33415,1
34414,1
50091,1
51076,1
53112,1
57259,1
62190,1
63098,1
66363,1
66383,1
72831,1
74482,1
76541,1
80863,1
81550,1
82022,1
82616,1
86494,1
87928,1
89837,1
90707,1
93668,1
61578,1
1449,1
38477,1
54341,1
57051,1
68300,1
85904,1
15701,1
62882,1
13816,1
24389,1
32491,1
51086,1
73438,1
80212,1
84946,1
88570,1
88556,1
92093,1
39001,1
29039,1
50594,1
75182,1
12065,1
21374,1
56902,1
32904,1
15745,1
32287,1
59453,1
46233,1
91272,1
94417,1
2406,1
8684,1
37342,1
49018,1
59744,1
60199,1
78367,1
29616,1
50064,1
53219,1
69172,1
69427,1
97557,1
19844,1
38463,1
16027,1
51144,1
36803,1
54143,1
73158,1
23402,1
4286,1
81267,1
76775,1
39601,1
52044,1
31254,1
50947,1
77712,1
53809,1
76286,1
11920,1
18608,1
28579,1
38176,1
55403,1
69969,1
75853,1
78041,1
68976,1
16946,1
57092,1
68663,1
3303,1
13320,1
13869,1
11494,1
51879,1
43032,1
46950,1
89567,1
93153,1
43932,1
53606,1
6545,1
8400,1
16078,1
41686,1
58375,1
60970,1
68749,1
71476,1
73201,1
73858,1
81144,1
82796,1
83167,1
97707,1
99026,1
99481,1
601,1
918,1
2790,1
6072,1
7674,1
7892,1
8693,1
10343,1
11619,1
11870,1
64331,1
14876,1
16437,1
16570,1
16775,1
18636,1
19968,1
21840,1
22487,1
22604,1
25361,1
26733,1
27566,1
27576,1
28103,1
30280,1
31953,1
32230,1
33117,1
16761,1
35347,1
39418,1
42279,1
42470,1
42728,1
42969,1
43710,1
43826,1
44862,1
45784,1
62058,1
51288,1
51560,1
52737,1
54095,1
55273,1
56337,1
56501,1
56646,1
57074,1
58347,1
59007,1
33572,1
61725,1
62962,1
63056,1
63430,1
63683,1
64788,1
65875,1
67056,1
67396,1
67729,1
70554,1
71437,1
71779,1
74445,1
77262,1
78077,1
78393,1
78943,1
79476,1
80363,1
81901,1
81961,1
84145,1
88123,1
89774,1
91962,1
92925,1
27176,1
95716,1
95790,1
96720,1
98545,1
75284,1
79247,1
16351,1
92861,1
41711,1
7270,1
7649,1
36599,1
45183,1
69625,1
11785,1
36351,1
11511,1
13392,1
20902,1
78387,1
90918,1
30982,1
41751,1
80978,1
5091,1
12406,1
43764,1
67341,1
83352,1
82699,1
26897,1
75197,1
317,1
10897,1
11513,1
12484,1
31553,1
88872,1
64234,1
70769,1
89031,1
89369,1
95770,1
9244,1
38585,1
65937,1
2732,1
16171,1
66480,1
81467,1
95844,1
1924,1
4618,1
5223,1
5426,1
5616,1
6061,1
6790,1
7732,1
8383,1
9655,1
10465,1
10902,1
11074,1
11625,1
13097,1
13603,1
14208,1
14713,1
14801,1
15034,1
15644,1
16279,1
16340,1
17184,1
18116,1
18392,1
18948,1
19359,1
20664,1
23944,1
24569,1
27225,1
30554,1
30898,1
32776,1
32895,1
33081,1
33451,1
33501,1
37819,1
40015,1
41117,1
41869,1
41882,1
41934,1
42523,1
42720,1
43858,1
44153,1
44834,1
45052,1
45438,1
46846,1
47092,1
47954,1
49286,1
49298,1
49541,1
50180,1
53258,1
53445,1
54415,1
55548,1
59207,1
61745,1
63012,1
63314,1
63962,1
65367,1
66274,1
67470,1
70402,1
71033,1
72027,1
72832,1
73688,1
73739,1
73865,1
74939,1
75154,1
76933,1
77151,1
77527,1
80761,1
82290,1
85911,1
89526,1
90409,1
90934,1
90936,1
92130,1
94069,1
95321,1
97004,1
97598,1
98554,1
98742,1
98925,1
29651,1
74953,1
53331,1
23624,1
34304,1
76909,1
91396,1
92862,1
63188,1
40045,1
750,1
29518,1
36035,1
51596,1
97697,1
32450,1
51203,1
373,1
1392,1
1708,1
1846,1
3634,1
3893,1
6930,1
7691,1
7771,1
10132,1
11849,1
11902,1
13495,1
14069,1
14192,1
16035,1
17812,1
17849,1
18890,1
20227,1
20388,1
22431,1
24035,1
25679,1
25984,1
34654,1
34773,1
35468,1
39141,1
40958,1
41017,1
41213,1
41404,1
42711,1
45957,1
47574,1
47849,1
48411,1
50267,1
50371,1
50554,1
51384,1
52344,1
81473,1
53359,1
61024,1
62651,1
62938,1
63133,1
67868,1
68425,1
69644,1
69844,1
70622,1
72435,1
73411,1
73487,1
74832,1
80403,1
75571,1
77257,1
77439,1
78479,1
79224,1
79797,1
80338,1
80675,1
82297,1
84044,1
84076,1
84498,1
85891,1
86212,1
87618,1
87624,1
87766,1
89200,1
89723,1
89789,1
91494,1
92822,1
92943,1
93957,1
95454,1
95677,1
95799,1
95817,1
95908,1
96370,1
97143,1
97281,1
97506,1
97994,1
75161,1
99537,1
71944,1
57870,1
34340,1
31778,1
82764,1
89272,1
83771,1
667,1
2369,1
5421,1
5511,1
7668,1
7998,1
8024,1
8346,1
11336,1
13285,1
79253,1
14654,1
14921,1
15954,1
20362,1
20461,1
22601,1
23030,1
26075,1
29985,1
31125,1
35127,1
35282,1
42760,1
50733,1
50861,1
52415,1
54589,1
54688,1
55691,1
58128,1
73470,1
67263,1
62382,1
62593,1
65204,1
65786,1
69086,1
69219,1
69261,1
71858,1
72977,1
73390,1
75078,1
75519,1
77744,1
78007,1
78914,1
81649,1
83720,1
84292,1
84873,1
85596,1
85624,1
87126,1
91669,1
95161,1
95176,1
95808,1
99399,1
37320,1
94665,1
18706,1
64067,1
9692,1
10726,1
63362,1
15396,1
18038,1
59034,1
70413,1
83135,1
87263,1
97631,1
1575,1
3157,1
3596,1
6177,1
6730,1
7618,1
8483,1
9404,1
10418,1
11093,1
15720,1
15932,1
17565,1
20023,1
22817,1
23634,1
24567,1
24617,1
26270,1
27038,1
27247,1
28339,1
28710,1
28998,1
29572,1
30483,1
31225,1
63044,1
33020,1
33657,1
38219,1
40950,1
41989,1
42143,1
42498,1
45593,1
47730,1
51474,1
54756,1
55802,1
57844,1
58230,1
58302,1
58850,1
60098,1
39493,1
63050,1
63262,1
63399,1
63401,1
64096,1
65265,1
65385,1
65781,1
66414,1
66827,1
68214,1
69245,1
69333,1
70021,1
72486,1
75084,1
75133,1
75307,1
77577,1
78255,1
78856,1
79824,1
83395,1
83841,1
85201,1
86009,1
86961,1
87426,1
88290,1
89528,1
89793,1
96753,1
97980,1
98338,1
98514,1
2694,1
4752,1
5129,1
5411,1
9119,1
10110,1
10923,1
14717,1
16288,1
16392,1
17217,1
17605,1
19731,1
21218,1
23998,1
25595,1
25872,1
25916,1
31805,1
32581,1
34324,1
38530,1
41329,1
42335,1
47171,1
48199,1
50449,1
51629,1
52899,1
53500,1
53843,1
55091,1
58765,1
61579,1
63189,1
69310,1
72803,1
74657,1
75279,1
78079,1
78449,1
79753,1
88020,1
90699,1
99774,1
99825,1
57574,1
15567,1
95950,1
66906,1
39458,1
95101,1
12290,1
28325,1
34848,1
35427,1
47156,1
56885,1
61895,1
79901,1
90343,1
91544,1
9894,1
18155,1
35321,1
65509,1
85814,1
12526,1
22710,1
53176,1
26266,1
74909,1
30447,1
44525,1
92701,1
36683,1
16307,1
25028,1
26758,1
41700,1
58733,1
81333,1
84807,1
93250,1
95445,1
2505,1
2674,1
14163,1
14839,1
29595,1
30177,1
31402,1
36075,1
42689,1
44649,1
44895,1
47708,1
49697,1
50066,1
55049,1
55297,1
56012,1
56649,1
58938,1
60951,1
63919,1
65001,1
67769,1
69729,1
71968,1
73594,1
84017,1
88603,1
88734,1
93368,1
93514,1
93791,1
94723,1
96756,1
937,1
39845,1
69287,1
35202,1
69956,1
58719,1
47901,1
50317,1
32672,1
61033,1
73529,1
76031,1
93922,1
48653,1
63577,1
6170,1
12463,1
21957,1
27537,1
55655,1
82104,1
89338,1
20154,1
59360,1
62575,1
26437,1
94209,1
7603,1
14632,1
45815,1
80578,1
95226,1
20183,1
93519,1
94189,1
3584,1
38235,1
51772,1
85941,1
86140,1
57273,1
89517,1
93029,1
7475,1
78630,1
6115,1
88981,1
57365,1
67343,1
80618,1
85320,1
99199,1
50399,1
90711,1
90035,1
56382,1
89821,1
87820,1
91198,1
86596,1
62563,1
84426,1
739,1
753,1
17459,1
18692,1
22559,1
7376,1
7411,1
9960,1
11681,1
16023,1
18167,1
18249,1
20165,1
22172,1
31015,1
32350,1
36573,1
39841,1
55178,1
55497,1
56082,1
65714,1
72608,1
74414,1
78546,1
80096,1
89092,1
94410,1
97590,1
14646,1
51001,1
1098,1
17818,1
29820,1
94321,1
86990,1
88824,1
49658,1
3888,1
5508,1
6370,1
10643,1
14481,1
16849,1
19138,1
31665,1
61796,1
76465,1
88330,1
18771,1
74670,1
3792,1
4272,1
6429,1
18214,1
20781,1
35857,1
42616,1
43520,1
44495,1
67721,1
73252,1
73957,1
74738,1
76704,1
85204,1
90205,1
91240,1
40911,1
40653,1
6913,1
4217,1
9668,1
17525,1
17592,1
17900,1
28776,1
29437,1
35855,1
42223,1
46399,1
49889,1
65214,1
68289,1
70393,1
74513,1
74908,1
77191,1
79272,1
80410,1
81696,1
87240,1
90748,1
92296,1
98858,1
2714,1
4962,1
5647,1
6043,1
6699,1
6870,1
94790,1
10206,1
11349,1
12175,1
12994,1
13071,1
15373,1
16054,1
18688,1
18836,1
20069,1
21511,1
12592,1
22854,1
24435,1
25150,1
25895,1
81568,1
28120,1
30082,1
30568,1
30672,1
34466,1
36812,1
37162,1
39400,1
42638,1
45666,1
47255,1
48830,1
49594,1
50491,1
51217,1
53283,1
54065,1
54114,1
56048,1
58187,1
61740,1
63105,1
63586,1
64116,1
64774,1
65810,1
66000,1
66280,1
67826,1
68887,1
69193,1
69847,1
70121,1
72265,1
73707,1
73955,1
74970,1
75365,1
76199,1
76535,1
77463,1
81526,1
48562,1
82380,1
82465,1
84619,1
46134,1
89645,1
90904,1
92332,1
94812,1
95365,1
97794,1
98937,1
31106,1
96280,1
5090,1
62590,1
26401,1
95432,1
64534,1
82204,1
46078,1
84262,1
94760,1
41110,1
97549,1
8375,1
10431,1
11829,1
42951,1
66195,1
69652,1
70422,1
70784,1
80554,1
99886,1
17124,1
48148,1
9678,1
10814,1
39637,1
56790,1
79411,1
13497,1
60306,1
1982,1
6055,1
10049,1
18483,1
24842,1
42813,1
42949,1
51570,1
54325,1
57039,1
57879,1
63582,1
64718,1
71320,1
74395,1
82286,1
97930,1
77961,1
76511,1
3785,1
15375,1
34590,1
43550,1
83402,1
35469,1
4300,1
31032,1
38473,1
10130,1
79099,1
33176,1
36560,1
11957,1
21985,1
24977,1
26264,1
46499,1
51264,1
56230,1
71929,1
87497,1
26852,1
39174,1
39730,1
15137,1
82098,1
83876,1
96807,1
89235,1
44591,1
65690,1
80875,1
48545,1
40525,1
74949,1
4429,1
77519,1
84559,1
90407,1
1120,1
28987,1
29843,1
42684,1
54142,1
61478,1
88038,1
88420,1
7216,1
10329,1
11451,1
14422,1
15921,1
15979,1
16665,1
16875,1
17014,1
17582,1
18727,1
18807,1
18833,1
21145,1
24541,1
25617,1
25786,1
26480,1
30355,1
33935,1
35185,1
35806,1
37757,1
39827,1
39884,1
40276,1
41253,1
41637,1
42945,1
44415,1
45290,1
46993,1
47429,1
47946,1
48025,1
49959,1
51039,1
37565,1
51777,1
52066,1
57228,1
57509,1
59294,1
60399,1
60439,1
61158,1
62093,1
62859,1
63688,1
63821,1
63983,1
64716,1
65397,1
67846,1
68405,1
68877,1
69733,1
70708,1
71034,1
72856,1
73427,1
75700,1
77385,1
77581,1
77745,1
79815,1
79993,1
80821,1
81959,1
81973,1
82597,1
36453,1
87268,1
88016,1
90333,1
91032,1
91174,1
93365,1
24248,1
70282,1
23898,1
79807,1
80322,1
98228,1
10833,1
48471,1
53382,1
45681,1
87727,1
89502,1
4549,1
57736,1
57331,1
6292,1
14453,1
16395,1
22034,1
34104,1
48473,1
50209,1
60880,1
69921,1
2562,1
4037,1
6595,1
6744,1
6844,1
7085,1
7856,1
8224,1
8401,1
9444,1
11659,1
10913,1
13705,1
13846,1
15689,1
17018,1
17099,1
17115,1
17729,1
17995,1
19589,1
21343,1
22580,1
30669,1
32182,1
35333,1
37061,1
37270,1
38954,1
40474,1
41713,1
43038,1
45181,1
46978,1
50573,1
53903,1
54952,1
56433,1
57119,1
57662,1
59271,1
59521,1
59809,1
62683,1
63707,1
63934,1
64111,1
64637,1
66543,1
66872,1
70612,1
71668,1
72350,1
78678,1
81851,1
83619,1
84322,1
84581,1
85027,1
85367,1
85725,1
87996,1
89017,1
89095,1
89434,1
91339,1
93257,1
94191,1
96013,1
96572,1
99884,1
93315,1
14711,1
20646,1
54429,1
70208,1
84203,1
94062,1
18712,1
65241,1
39138,1
41609,1
51604,1
79875,1
98005,1
98463,1
977,1
5201,1
8082,1
9226,1
9715,1
9768,1
11913,1
14684,1
15671,1
21635,1
22091,1
22180,1
25124,1
25461,1
28021,1
33420,1
35931,1
36431,1
40463,1
41427,1
42044,1
42696,1
42808,1
44810,1
46501,1
46825,1
47709,1
49429,1
49551,1
51268,1
51429,1
51626,1
52885,1
53678,1
54326,1
54708,1
56311,1
58246,1
59234,1
64161,1
6513,1
65816,1
68102,1
69964,1
70483,1
72003,1
77805,1
85906,1
86578,1
87861,1
93525,1
95311,1
24230,1
19495,1
33803,1
83795,1
19520,1
92186,1
57114,1
75742,1
82793,1
2316,1
4359,1
8595,1
10115,1
20968,1
28090,1
28590,1
29566,1
35825,1
36377,1
36504,1
38674,1
39559,1
42423,1
42960,1
50290,1
50307,1
55624,1
56841,1
57553,1
46117,1
63519,1
64944,1
72229,1
76107,1
76402,1
77843,1
78691,1
81635,1
83499,1
83911,1
86539,1
86751,1
89729,1
90251,1
91391,1
93628,1
93659,1
94943,1
95737,1
96243,1
96502,1
97094,1
99513,1
19572,1
20555,1
26810,1
44515,1
66954,1
78023,1
99965,1
1233,1
2175,1
2221,1
4806,1
5940,1
6563,1
8840,1
11335,1
11528,1
15016,1
15600,1
17498,1
17967,1
21213,1
21446,1
23543,1
23809,1
24957,1
27008,1
27143,1
28334,1
28504,1
28692,1
28979,1
29601,1
31643,1
32619,1
32876,1
33375,1
88703,1
35207,1
35690,1
35898,1
36396,1
60881,1
37430,1
38305,1
39487,1
39775,1
40105,1
40893,1
44274,1
46061,1
47296,1
58007,1
51690,1
53161,1
53740,1
54912,1
55621,1
58259,1
58881,1
59553,1
60283,1
61329,1
61898,1
43299,1
63325,1
64738,1
67597,1
68040,1
71844,1
72061,1
39648,1
22268,1
81187,1
81327,1
82372,1
82565,1
82960,1
83265,1
87593,1
87896,1
89719,1
90279,1
13575,1
93478,1
93914,1
94046,1
94951,1
95375,1
96429,1
97414,1
735,1
2692,1
3205,1
9036,1
9523,1
12502,1
17271,1
18026,1
20122,1
20315,1
23044,1
25691,1
26065,1
27081,1
31893,1
34111,1
34422,1
34931,1
35050,1
36994,1
11121,1
41244,1
41936,1
43982,1
45058,1
47370,1
51526,1
54368,1
55753,1
59166,1
59555,1
59812,1
60986,1
70982,1
72131,1
72442,1
75456,1
78912,1
88200,1
92063,1
93356,1
93441,1
96265,1
17020,1
15615,1
78075,1
59454,1
69646,1
97244,1
5139,1
11087,1
31128,1
10473,1
2086,1
10963,1
29734,1
67922,1
22330,1
52041,1
57399,1
61575,1
90172,1
1304,1
35214,1
65064,1
75157,1
95569,1
73461,1
7061,1
12974,1
62098,1
63558,1
64888,1
70339,1
73745,1
95036,1
18217,1
30553,1
67148,1
93471,1
33932,1
62235,1
74223,1
57140,1
37294,1
68541,1
2949,1
12172,1
14812,1
23896,1
52710,1
91699,1
19017,1
34079,1
51842,1
53959,1
59351,1
62533,1
6220,1
49479,1
89391,1
1339,1
10978,1
18398,1
18668,1
25790,1
29898,1
34935,1
35079,1
48310,1
49059,1
62313,1
70394,1
72660,1
72712,1
97662,1
84184,1
76020,1
89167,1
14621,1
30120,1
20768,1
57497,1
46517,1
304,1
1614,1
30021,1
93999,1
45661,1
72186,1
72432,1
30011,1
97629,1
32977,1
53751,1
60530,1
52939,1
62166,1
8288,1
46597,1
82430,1
26564,1
73820,1
97119,1
69714,1
43994,1
76837,1
99910,1
64869,1
79208,1
4617,1
59559,1
29608,1
78836,1
95735,1
1352,1
69974,1
50369,1
16601,1
59525,1
91614,1
6373,1
12285,1
14054,1
17939,1
19777,1
22079,1
22442,1
28302,1
32002,1
39113,1
40821,1
51482,1
52081,1
57101,1
58572,1
60394,1
63150,1
68780,1
76514,1
76677,1
77868,1
79548,1
80747,1
82013,1
86103,1
89786,1
90263,1
91563,1
95175,1
95975,1
37181,1
83988,1
31085,1
33625,1
27375,1
40152,1
90505,1
74221,1
13130,1
13962,1
41789,1
46489,1
51236,1
69317,1
88332,1
10245,1
29517,1
3601,1
18691,1
27006,1
33143,1
35535,1
41763,1
45676,1
56796,1
79368,1
81024,1
88480,1
93347,1
97198,1
1742,1
1943,1
2760,1
8427,1
5943,1
9817,1
14175,1
14241,1
18002,1
20594,1
23150,1
23185,1
23752,1
23766,1
27021,1
33275,1
39312,1
39763,1
48682,1
48801,1
49279,1
50909,1
55694,1
56693,1
64101,1
67077,1
68186,1
69032,1
71488,1
67230,1
73709,1
76934,1
77544,1
77816,1
82054,1
83755,1
85183,1
87560,1
94598,1
94613,1
96220,1
96513,1
31206,1
66190,1
21170,1
50390,1
52227,1
67309,1
36737,1
64242,1
10977,1
44084,1
55274,1
79834,1
19674,1
44059,1
84818,1
25452,1
49289,1
63971,1
26003,1
56556,1
34098,1
54431,1
87062,1
43604,1
53603,1
94802,1
74747,1
69300,1
2347,1
30051,1
46663,1
14660,1
17301,1
18223,1
21742,1
24631,1
30222,1
60321,1
62915,1
67177,1
72949,1
77839,1
88504,1
91298,1
15998,1
62244,1
14417,1
72319,1
94963,1
69826,1
86750,1
11435,1
20451,1
40870,1
41873,1
62868,1
72628,1
84182,1
88446,1
91082,1
59206,1
62281,1
79853,1
83653,1
6362,1
56608,1
5240,1
14339,1
81255,1
81185,1
58040,1
32982,1
33500,1
47805,1
65063,1
72545,1
89886,1
99227,1
45419,1
82660,1
9674,1
429,1
7616,1
35631,1
36195,1
64839,1
76278,1
96076,1
43399,1
254,1
1101,1
2224,1
2334,1
2563,1
4147,1
9420,1
9425,1
10975,1
11268,1
15017,1
16246,1
17840,1
17908,1
29086,1
20514,1
21924,1
23277,1
23457,1
24684,1
27069,1
27140,1
27304,1
28377,1
29891,1
33279,1
35578,1
35712,1
36970,1
38228,1
38447,1
39048,1
39658,1
40346,1
41383,1
42348,1
42890,1
42971,1
43204,1
47217,1
47307,1
47315,1
50008,1
50130,1
52532,1
54761,1
55256,1
56727,1
57794,1
58613,1
13621,1
59760,1
8136,1
64007,1
67704,1
69443,1
69834,1
70873,1
72731,1
74155,1
75703,1
76407,1
78761,1
78788,1
82285,1
82654,1
89525,1
89648,1
90460,1
91215,1
94426,1
95146,1
96059,1
47195,1
29772,1
5799,1
37605,1
48868,1
62189,1
79108,1
209,1
6088,1
17130,1
21243,1
28799,1
95531,1
5414,1
13405,1
54013,1
2205,1
2975,1
3383,1
5466,1
5516,1
5628,1
8508,1
8609,1
13031,1
15165,1
15515,1
16577,1
18632,1
87236,1
27715,1
29062,1
29727,1
30257,1
30530,1
30563,1
32531,1
34731,1
35365,1
38537,1
40918,1
41216,1
42640,1
42660,1
46854,1
47823,1
52159,1
54740,1
55696,1
55853,1
59366,1
62903,1
63333,1
63937,1
64463,1
66781,1
68552,1
69689,1
72353,1
72378,1
73314,1
75523,1
82496,1
82940,1
83189,1
83971,1
87406,1
88138,1
88189,1
91160,1
91307,1
92358,1
92580,1
94205,1
97005,1
97612,1
98102,1
99069,1
56314,1
39321,1
23769,1
62049,1
64751,1
5739,1
6926,1
7679,1
10632,1
12497,1
16531,1
82591,1
21206,1
24712,1
53155,1
32952,1
38776,1
40741,1
52575,1
54493,1
56369,1
56660,1
49653,1
59987,1
61460,1
65406,1
65712,1
68591,1
71363,1
82133,1
82537,1
84528,1
88997,1
90393,1
91244,1
91600,1
21669,1
97111,1
25950,1
4760,1
29158,1
35145,1
61470,1
14835,1
21551,1
28529,1
91349,1
95692,1
9469,1
98311,1
97106,1
120,1
2265,1
7678,1
11533,1
12103,1
23307,1
26258,1
27530,1
30319,1
33960,1
34782,1
36847,1
41088,1
42271,1
43916,1
44823,1
46807,1
47168,1
48049,1
70083,1
50261,1
51248,1
59476,1
60003,1
60318,1
61532,1
64411,1
64792,1
66914,1
70833,1
70911,1
71161,1
71208,1
71494,1
71852,1
72838,1
73062,1
74262,1
76693,1
81850,1
86695,1
87646,1
87946,1
88005,1
90579,1
91241,1
98026,1
98091,1
99999,1
74348,1
37802,1
10778,1
818,1
831,1
7262,1
7587,1
12078,1
14354,1
18207,1
19148,1
20025,1
20861,1
21849,1
22941,1
23392,1
23756,1
26201,1
26545,1
27197,1
28575,1
32104,1
32762,1
33384,1
34193,1
34608,1
4199,1
35315,1
36849,1
37087,1
37791,1
39699,1
42133,1
42812,1
43563,1
44213,1
45776,1
46615,1
47481,1
47843,1
48264,1
53086,1
53937,1
54491,1
55198,1
61614,1
62103,1
64004,1
64224,1
64504,1
66746,1
68452,1
69703,1
71106,1
71888,1
71918,1
73972,1
74582,1
75941,1
77134,1
77789,1
95664,1
80835,1
80870,1
80955,1
82284,1
83852,1
87795,1
87860,1
92350,1
95507,1
97064,1
97894,1
98074,1
98597,1
6866,1
7596,1
15320,1
20638,1
31559,1
33327,1
34405,1
35748,1
41455,1
44083,1
45531,1
48247,1
49961,1
52116,1
52732,1
60008,1
70520,1
79303,1
85116,1
88746,1
91807,1
95768,1
98107,1
98269,1
92460,1
52985,1
2141,1
20195,1
1293,1
68025,1
25358,1
34568,1
20244,1
6915,1
14444,1
31750,1
41493,1
55775,1
60268,1
80744,1
85938,1
24669,1
91041,1
25046,1
36619,1
54671,1
92829,1
75188,1
79611,1
17823,1
23116,1
9447,1
99066,1
63402,1
8285,1
65721,1
89976,1
20144,1
25262,1
30209,1
34611,1
40940,1
52547,1
55038,1
71910,1
82254,1
83372,1
84926,1
90001,1
95805,1
96367,1
98612,1
59137,1
27767,1
75953,1
10009,1
39158,1
88518,1
5370,1
89461,1
18511,1
52367,1
1088,1
40685,1
36703,1
59362,1
59767,1
73036,1
53525,1
7982,1
15037,1
24348,1
49997,1
63210,1
30149,1
37364,1
97241,1
28745,1
53534,1
4974,1
95548,1
15186,1
30468,1
44817,1
54917,1
55983,1
75554,1
83555,1
84074,1
12101,1
29058,1
68547,1
1027,1
52146,1
53756,1
86220,1
73250,1
30557,1
95113,1
3881,1
30820,1
34053,1
41588,1
64483,1
92386,1
3165,1
20675,1
36184,1
63178,1
82756,1
3398,1
11953,1
12263,1
14168,1
15553,1
17487,1
21328,1
22627,1
25781,1
27218,1
28854,1
30925,1
31429,1
32456,1
39409,1
41529,1
47608,1
52345,1
59734,1
60082,1
63316,1
64542,1
66146,1
68503,1
48406,1
79998,1
81076,1
87296,1
92035,1
94845,1
95745,1
98477,1
99788,1
28296,1
77871,1
47995,1
6650,1
238,1
13111,1
16010,1
22220,1
22775,1
30805,1
44346,1
47885,1
48605,1
50255,1
67859,1
68228,1
74516,1
79668,1
87402,1
6989,1
11234,1
20847,1
98995,1
27559,1
27897,1
28867,1
36130,1
47513,1
52269,1
59150,1
64684,1
66028,1
66978,1
75511,1
81695,1
97721,1
49820,1
68406,1
77340,1
4382,1
25906,1
42194,1
58105,1
99084,1
843,1
31850,1
35865,1
55773,1
11796,1
36480,1
42406,1
51141,1
13273,1
62732,1
33554,1
80909,1
86952,1
93458,1
96843,1
97033,1
575,1
45382,1
6682,1
17922,1
34688,1
56667,1
81511,1
84356,1
87277,1
1111,1
1558,1
3441,1
5990,1
9304,1
11728,1
11805,1
11876,1
11901,1
13098,1
14219,1
14992,1
16695,1
16996,1
17174,1
17336,1
17822,1
18148,1
18560,1
18968,1
19830,1
20375,1
20574,1
20819,1
21534,1
21768,1
24211,1
24289,1
24625,1
26654,1
26786,1
27575,1
27633,1
28295,1
28383,1
30937,1
33095,1
33305,1
33830,1
35014,1
35272,1
36565,1
37772,1
37814,1
39298,1
39732,1
41345,1
43963,1
44228,1
44560,1
45227,1
46259,1
48269,1
51990,1
52270,1
52379,1
53088,1
53333,1
53538,1
54462,1
54915,1
55117,1
55277,1
55552,1
55575,1
56107,1
56205,1
56739,1
57817,1
58886,1
62215,1
62932,1
67911,1
68219,1
70042,1
71287,1
71626,1
72987,1
95840,1
74715,1
76266,1
76488,1
94956,1
79067,1
79127,1
79184,1
80671,1
81608,1
82599,1
82650,1
83525,1
85066,1
85625,1
85960,1
86715,1
86981,1
89038,1
89654,1
90050,1
90400,1
92225,1
92945,1
94332,1
94784,1
94850,1
96311,1
97021,1
98071,1
98159,1
98253,1
98474,1
99027,1
6567,1
47510,1
53802,1
45968,1
64102,1
18740,1
88143,1
40902,1
53275,1
83139,1
90691,1
88128,1
75474,1
75968,1
18193,1
58642,1
2811,1
83278,1
19071,1
53571,1
1992,1
4006,1
4563,1
5250,1
5830,1
6288,1
7073,1
7100,1
7373,1
84287,1
9843,1
14266,1
14916,1
17030,1
17921,1
18326,1
22064,1
71498,1
23106,1
23887,1
24588,1
27778,1
62032,1
29570,1
30798,1
31786,1
34822,1
34960,1
35308,1
36927,1
38127,1
38316,1
38620,1
39107,1
42677,1
43164,1
43539,1
45669,1
47530,1
48395,1
51379,1
51634,1
54606,1
57498,1
57940,1
60565,1
65750,1
66771,1
68063,1
69562,1
71766,1
73744,1
80592,1
82391,1
83782,1
85581,1
88672,1
90774,1
91271,1
91881,1
92619,1
96238,1
97237,1
97532,1
99269,1
2536,1
8326,1
12534,1
14223,1
26491,1
31220,1
32278,1
32327,1
37016,1
40433,1
44356,1
50263,1
54516,1
57402,1
72268,1
77794,1
84886,1
87312,1
90826,1
41787,1
12995,1
72210,1
97289,1
30013,1
58268,1
23660,1
23865,1
24147,1
25297,1
27837,1
36901,1
40573,1
43314,1
44314,1
57795,1
79892,1
85184,1
29557,1
37072,1
39606,1
95126,1
23735,1
67461,1
74052,1
400,1
446,1
914,1
1457,1
2901,1
4524,1
12482,1
12489,1
17134,1
18656,1
20569,1
20735,1
21672,1
22261,1
22421,1
23907,1
52276,1
24404,1
24872,1
26030,1
27579,1
28068,1
29724,1
31561,1
34877,1
36929,1
39599,1
40949,1
41163,1
41690,1
44107,1
44567,1
44911,1
45078,1
45673,1
46913,1
47260,1
48288,1
48548,1
49275,1
50062,1
50134,1
51129,1
51770,1
52365,1
52478,1
56515,1
57400,1
57571,1
58668,1
60435,1
60859,1
62555,1
63452,1
64084,1
64108,1
66685,1
67130,1
67830,1
69886,1
70345,1
70850,1
71970,1
72377,1
72484,1
74131,1
76259,1
77041,1
80705,1
80853,1
82213,1
83514,1
84855,1
85200,1
85614,1
87495,1
90636,1
49913,1
92191,1
92817,1
92910,1
94821,1
97097,1
98955,1
1687,1
5528,1
13704,1
20483,1
21664,1
22464,1
22928,1
27670,1
30823,1
31842,1
32205,1
40216,1
43228,1
48048,1
49043,1
49939,1
53298,1
54024,1
55284,1
57809,1
57851,1
58952,1
59315,1
63282,1
67608,1
67939,1
72221,1
76954,1
77974,1
81022,1
81710,1
83823,1
84253,1
84691,1
90005,1
98543,1
98589,1
39641,1
96391,1
19251,1
59882,1
7201,1
11508,1
8479,1
13871,1
38423,1
2390,1
4413,1
10010,1
28560,1
35025,1
49740,1
51595,1
93244,1
54542,1
76502,1
3047,1
83390,1
29498,1
39137,1
81268,1
15754,1
24492,1
42915,1
23068,1
17690,1
56217,1
66057,1
80522,1
92611,1
40898,1
44056,1
46541,1
58320,1
73705,1
45623,1
40235,1
86673,1
29687,1
34403,1
8657,1
26745,1
27848,1
34512,1
41138,1
94721,1
54725,1
85197,1
42438,1
86839,1
7121,1
22803,1
61799,1
26373,1
32633,1
37571,1
41972,1
46016,1
89994,1
24874,1
68525,1
74090,1
71293,1
19897,1
41552,1
54179,1
60261,1
61928,1
88843,1
76086,1
30171,1
1104,1
34786,1
41262,1
19586,1
54217,1
81824,1
85644,1
7110,1
35045,1
63328,1
69499,1
86935,1
9535,1
10163,1
14396,1
19015,1
28610,1
33859,1
39742,1
60898,1
86007,1
96331,1
24370,1
309,1
29354,1
49891,1
89934,1
8077,1
8540,1
43969,1
11456,1
39920,1
22083,1
29376,1
65250,1
77652,1
81246,1
23668,1
57906,1
79876,1
23891,1
3642,1
74818,1
66753,1
80144,1
91664,1
44327,1
97353,1
17983,1
38804,1
41590,1
60666,1
66231,1
84095,1
75370,1
19088,1
19625,1
23910,1
32141,1
40379,1
42952,1
49184,1
53784,1
55236,1
57079,1
63310,1
78419,1
81111,1
85318,1
86037,1
86817,1
87885,1
60032,1
16948,1
38156,1
50606,1
93474,1
74614,1
62315,1
64955,1
1025,1
5009,1
5255,1
10582,1
11309,1
13609,1
20082,1
23176,1
24381,1
31820,1
34569,1
36628,1
43788,1
52205,1
57130,1
61150,1
64213,1
65612,1
66823,1
68076,1
75986,1
76163,1
90298,1
90607,1
94399,1
94756,1
95059,1
95791,1
96971,1
13619,1
19325,1
33552,1
74801,1
90162,1
83814,1
25349,1
36329,1
93943,1
76414,1
58914,1
64980,1
65791,1
408,1
7175,1
8328,1
8970,1
9347,1
15814,1
17113,1
18921,1
21927,1
27116,1
93462,1
32323,1
38138,1
43541,1
48552,1
50226,1
57221,1
59301,1
63140,1
63770,1
67637,1
72248,1
75177,1
80019,1
80350,1
81241,1
84123,1
84840,1
95039,1
92547,1
259,1
765,1
773,1
1029,1
2925,1
4478,1
6487,1
7792,1
8636,1
10071,1
12238,1
13261,1
21127,1
22676,1
88190,1
24385,1
25448,1
27923,1
28215,1
31171,1
32314,1
40852,1
45199,1
45892,1
48072,1
50858,1
53058,1
57506,1
61142,1
63087,1
65140,1
69762,1
71869,1
76759,1
79081,1
84933,1
85607,1
92720,1
94748,1
96368,1
98838,1
99461,1
24329,1
26185,1
24135,1
82617,1
28795,1
63940,1
66550,1
96920,1
5208,1
76182,1
21639,1
87311,1
87082,1
53967,1
1641,1
15099,1
17291,1
47562,1
78359,1
55946,1
59311,1
62192,1
82060,1
82844,1
98324,1
27925,1
59200,1
48879,1
16387,1
20273,1
32938,1
45152,1
64229,1
65148,1
65251,1
82096,1
85755,1
48935,1
20381,1
86922,1
65799,1
75252,1
4431,1
22870,1
39584,1
62140,1
24529,1
27567,1
92529,1
48492,1
82414,1
83383,1
39840,1
42321,1
21244,1
39092,1
55728,1
69820,1
87933,1
2101,1
6691,1
7181,1
9549,1
22547,1
25799,1
26190,1
26393,1
28746,1
42043,1
42871,1
45963,1
55023,1
69095,1
93383,1
96706,1
96775,1
274,1
54813,1
8056,1
53918,1
59053,1
62825,1
68912,1
73374,1
77020,1
94513,1
26,1
58537,1
71712,1
85825,1
37002,1
44160,1
68813,1
2823,1
59478,1
53753,1
94779,1
8491,1
18977,1
78506,1
84690,1
32696,1
40542,1
41691,1
44183,1
49826,1
66009,1
67752,1
74098,1
5791,1
6693,1
7656,1
15105,1
16766,1
21549,1
25674,1
27473,1
29885,1
35132,1
38838,1
44280,1
46933,1
49738,1
50668,1
52641,1
51251,1
60093,1
66857,1
70425,1
71515,1
73894,1
80011,1
91130,1
95513,1
97859,1
40415,1
87693,1
9613,1
28438,1
51135,1
61554,1
73947,1
22072,1
32729,1
40135,1
59304,1
1818,1
2128,1
2441,1
10439,1
10453,1
17442,1
17747,1
18445,1
20319,1
22518,1
26197,1
33017,1
34942,1
35099,1
35815,1
49708,1
51609,1
52380,1
63379,1
40266,1
64966,1
70195,1
72994,1
74615,1
75446,1
75996,1
76588,1
76868,1
79473,1
80716,1
86283,1
89410,1
89836,1
33311,1
95372,1
97606,1
29896,1
97921,1
6589,1
61028,1
98669,1
24765,1
63737,1
29577,1
13776,1
34051,1
39087,1
57456,1
65879,1
28695,1
75140,1
22591,1
89397,1
59391,1
1363,1
4650,1
5197,1
5686,1
7316,1
8131,1
9106,1
9317,1
11649,1
13992,1
17262,1
19803,1
22388,1
27050,1
32670,1
36666,1
37277,1
40619,1
43193,1
44031,1
48957,1
51415,1
56770,1
57174,1
12924,1
63676,1
72023,1
78137,1
81041,1
84319,1
84659,1
90822,1
96483,1
96637,1
97388,1
4016,1
5084,1
6165,1
8524,1
8893,1
12496,1
13008,1
17770,1
21340,1
22284,1
32969,1
35023,1
37153,1
40714,1
41436,1
45136,1
46178,1
47174,1
48037,1
48774,1
53315,1
54580,1
57192,1
58319,1
59344,1
61673,1
64872,1
65715,1
66582,1
66987,1
70262,1
70930,1
72034,1
72290,1
73111,1
74878,1
80058,1
80192,1
90558,1
92027,1
94207,1
94897,1
99193,1
59548,1
68355,1
84252,1
18732,1
42799,1
48920,1
52743,1
18517,1
16247,1
46526,1
47450,1
75762,1
79965,1
81849,1
19716,1
37218,1
56945,1
73140,1
187,1
10967,1
21175,1
29604,1
34425,1
39785,1
42967,1
58913,1
66849,1
97911,1
22908,1
31863,1
86228,1
21647,1
44953,1
52941,1
84316,1
91861,1
11258,1
31037,1
85621,1
70228,1
86054,1
37984,1
85928,1
3781,1
80172,1
94463,1
7573,1
11595,1
20467,1
26355,1
32080,1
47817,1
72879,1
82717,1
83665,1
4341,1
5886,1
6933,1
7097,1
8858,1
8954,1
10930,1
16067,1
24645,1
28208,1
28709,1
33276,1
33281,1
36253,1
36904,1
41534,1
42188,1
42816,1
5001,1
43850,1
49127,1
54168,1
54698,1
60570,1
61822,1
68408,1
80957,1
81190,1
81523,1
84088,1
84734,1
84925,1
85155,1
85646,1
89241,1
92803,1
93739,1
93938,1
94020,1
96114,1
97296,1
97840,1
98188,1
98476,1
98786,1
99901,1
598,1
56023,1
69423,1
19280,1
28788,1
29185,1
2851,1
36577,1
39180,1
40946,1
82468,1
95684,1
37269,1
48346,1
54935,1
41778,1
57000,1
59830,1
70669,1
7271,1
19234,1
11403,1
19728,1
29861,1
37671,1
43347,1
46138,1
47083,1
59030,1
62471,1
4725,1
63404,1
65659,1
69682,1
74995,1
79415,1
80183,1
85517,1
93225,1
29409,1
7226,1
93752,1
4859,1
4917,1
14359,1
17363,1
18427,1
25044,1
25366,1
25537,1
27391,1
30657,1
31438,1
32149,1
32646,1
33627,1
34810,1
38965,1
41628,1
42754,1
47776,1
54303,1
58947,1
62733,1
63095,1
64008,1
66121,1
73192,1
74305,1
75949,1
81570,1
87348,1
89268,1
92104,1
99387,1
37570,1
31162,1
1760,1
3946,1
9453,1
15430,1
21318,1
2800,1
25983,1
27265,1
30608,1
32635,1
33941,1
35340,1
35951,1
36060,1
38531,1
39987,1
45026,1
49611,1
53367,1
57463,1
64026,1
68306,1
75236,1
79075,1
80676,1
84804,1
85441,1
85867,1
91279,1
92561,1
94231,1
94659,1
95957,1
97683,1
98577,1
99619,1
9331,1
515,1
1916,1
47833,1
90873,1
96729,1
22040,1
11722,1
20062,1
93143,1
44478,1
19296,1
33874,1
42217,1
71708,1
83793,1
89879,1
36309,1
54853,1
73452,1
73,1
3593,1
3686,1
4991,1
5852,1
5875,1
5984,1
8861,1
12174,1
13193,1
20669,1
21027,1
21844,1
31149,1
32788,1
39248,1
44488,1
46312,1
47330,1
48368,1
48831,1
49531,1
51404,1
56056,1
58462,1
61390,1
64094,1
72644,1
73063,1
81227,1
82311,1
82355,1
82432,1
84503,1
86964,1
88965,1
91345,1
91686,1
92071,1
93180,1
97076,1
7240,1
10760,1
13123,1
14265,1
16218,1
26698,1
31989,1
36419,1
48074,1
58031,1
64591,1
70018,1
73260,1
73479,1
73891,1
74256,1
85083,1
94110,1
18498,1
16975,1
9774,1
29936,1
99677,1
69786,1
28540,1
40116,1
22764,1
93897,1
24754,1
45364,1
90419,1
4347,1
48466,1
49845,1
53627,1
61445,1
70826,1
72922,1
83944,1
86925,1
7213,1
19707,1
39952,1
81176,1
82762,1
20778,1
21681,1
71010,1
74126,1
49627,1
47299,1
38662,1
20719,1
40484,1
43695,1
60731,1
40428,1
42196,1
58925,1
61818,1
70789,1
81396,1
40368,1
28355,1
38495,1
136,1
1915,1
14138,1
54833,1
24743,1
41839,1
59175,1
76057,1
98170,1
3640,1
54590,1
62304,1
64957,1
84920,1
4471,1
6463,1
8036,1
10578,1
10675,1
30084,1
31729,1
32921,1
38312,1
42403,1
44533,1
53334,1
65938,1
69097,1
69653,1
72062,1
75015,1
77181,1
83239,1
84680,1
93971,1
95795,1
97497,1
98149,1
55565,1
98182,1
8098,1
6836,1
59544,1
72339,1
11478,1
21091,1
18268,1
87085,1
24467,1
12341,1
12966,1
18004,1
22823,1
27455,1
35411,1
41505,1
47119,1
69198,1
77328,1
88225,1
86164,1
41714,1
60464,1
86698,1
92896,1
97129,1
54061,1
51999,1
70852,1
38717,1
70144,1
21433,1
4663,1
5814,1
9773,1
19766,1
23713,1
27732,1
3503,1
38953,1
41927,1
45312,1
47028,1
52372,1
55407,1
60844,1
62757,1
66346,1
72092,1
78817,1
87654,1
98471,1
648,1
2280,1
44305,1
12674,1
13408,1
28789,1
96074,1
33098,1
52141,1
63587,1
5274,1
17750,1
22152,1
23934,1
24079,1
31357,1
70072,1
71259,1
90048,1
90557,1
92837,1
94254,1
96891,1
98034,1
48497,1
75834,1
82040,1
3649,1
82117,1
14094,1
16856,1
21704,1
24736,1
26656,1
30342,1
31979,1
37780,1
49195,1
49734,1
52252,1
68791,1
70924,1
74100,1
12717,1
633,1
6316,1
9642,1
10060,1
20932,1
22573,1
24338,1
25665,1
28138,1
30379,1
31970,1
35913,1
39286,1
41495,1
41985,1
44768,1
57317,1
57562,1
61163,1
63461,1
65124,1
65559,1
66044,1
67195,1
67205,1
71576,1
78116,1
78662,1
78666,1
81772,1
88627,1
88717,1
91111,1
94628,1
96781,1
16644,1
20770,1
36911,1
46326,1
47253,1
47566,1
49452,1
54549,1
57175,1
57744,1
63507,1
70390,1
78472,1
79055,1
79988,1
80456,1
89996,1
90077,1
98493,1
83934,1
37260,1
86888,1
63175,1
9646,1
25864,1
19992,1
31792,1
34509,1
6269,1
86590,1
50089,1
30579,1
73967,1
11053,1
10119,1
31263,1
69547,1
954,1
70777,1
43090,1
46648,1
61473,1
75980,1
61902,1
3258,1
20234,1
30129,1
60771,1
76104,1
75553,1
2465,1
22528,1
25824,1
47643,1
80400,1
91314,1
3046,1
6120,1
23947,1
34948,1
37973,1
38367,1
45765,1
54060,1
57696,1
75709,1
77611,1
78281,1
84158,1
94881,1
95798,1
60035,1
67518,1
44366,1
49196,1
49439,1
54781,1
68154,1
85713,1
88809,1
60582,1
52880,1
53818,1
6494,1
11630,1
26033,1
27004,1
29811,1
31966,1
65137,1
67913,1
82437,1
86340,1
7677,1
10547,1
13313,1
16455,1
17353,1
19630,1
21743,1
22658,1
27210,1
33750,1
37760,1
48584,1
51153,1
55188,1
56506,1
59864,1
66094,1
71718,1
72431,1
75147,1
79866,1
80398,1
81399,1
84527,1
92858,1
93054,1
93332,1
93995,1
99109,1
11066,1
11347,1
64765,1
17917,1
45622,1
62681,1
90024,1
24978,1
48754,1
82701,1
10688,1
14456,1
25622,1
34639,1
1622,1
8027,1
10167,1
11473,1
14549,1
21970,1
23072,1
24480,1
26819,1
28141,1
28191,1
28341,1
36495,1
38364,1
39012,1
39168,1
39761,1
43425,1
46740,1
46992,1
55037,1
57263,1
62787,1
64445,1
66234,1
67715,1
69368,1
72188,1
73978,1
75624,1
78133,1
91330,1
94333,1
98780,1
46496,1
6776,1
31589,1
34437,1
35667,1
49159,1
8875,1
2397,1
19377,1
45056,1
45692,1
46476,1
72385,1
7057,1
18627,1
6161,1
11442,1
49292,1
55073,1
62144,1
10370,1
14673,1
31840,1
31931,1
32214,1
33222,1
36885,1
43406,1
48378,1
52807,1
59535,1
60177,1
68319,1
85531,1
97464,1
3826,1
5224,1
6091,1
9929,1
13513,1
15334,1
31825,1
32380,1
38848,1
41642,1
43238,1
43527,1
51472,1
51975,1
53484,1
53781,1
54609,1
59147,1
64935,1
69789,1
78210,1
81485,1
83838,1
89108,1
93115,1
94714,1
99104,1
99384,1
28391,1
53003,1
73243,1
46237,1
64857,1
82236,1
90517,1
50141,1
4955,1
45281,1
87048,1
37686,1
58870,1
70421,1
84906,1
87580,1
89021,1
29909,1
21963,1
54697,1
3966,1
14506,1
21229,1
23906,1
32345,1
33242,1
35854,1
38527,1
41875,1
65181,1
70683,1
71474,1
72566,1
72708,1
85881,1
90538,1
91135,1
97503,1
32373,1
38845,1
28368,1
53250,1
60551,1
82173,1
93890,1
25635,1
3387,1
42897,1
65940,1
82086,1
94044,1
34770,1
57966,1
232,1
530,1
2336,1
5636,1
7106,1
7142,1
8484,1
15813,1
16910,1
23512,1
34182,1
41624,1
45133,1
46307,1
47597,1
48756,1
50117,1
52969,1
54559,1
56825,1
58417,1
59960,1
99527,1
66586,1
68491,1
69389,1
74452,1
75491,1
77552,1
78439,1
84657,1
85326,1
86503,1
86855,1
90457,1
92073,1
93131,1
93858,1
94101,1
95629,1
16213,1
56953,1
79541,1
41458,1
23935,1
33875,1
34945,1
45029,1
49489,1
50044,1
51432,1
59918,1
66645,1
73589,1
85181,1
95398,1
98586,1
24214,1
84924,1
6452,1
20918,1
35332,1
36365,1
37263,1
49707,1
52387,1
12304,1
22115,1
39687,1
82431,1
1261,1
5196,1
9670,1
10777,1
17475,1
21248,1
24633,1
91247,1
49488,1
50435,1
52907,1
56312,1
58262,1
74116,1
82889,1
88121,1
88409,1
89066,1
90961,1
92468,1
92662,1
98790,1
35721,1
22932,1
39431,1
74079,1
10702,1
13289,1
55509,1
59208,1
37775,1
25326,1
67735,1
51691,1
81552,1
39633,1
80184,1
87315,1
88786,1
97439,1
45143,1
2285,1
48684,1
5004,1
24877,1
45282,1
26527,1
96780,1
4575,1
35377,1
40854,1
45619,1
53062,1
56238,1
23418,1
23454,1
88728,1
4453,1
52814,1
5517,1
9445,1
20685,1
28466,1
29096,1
39467,1
52305,1
74270,1
76216,1
76236,1
79288,1
81325,1
87966,1
93163,1
98339,1
46453,1
21628,1
91115,1
6923,1
12697,1
13377,1
21119,1
21322,1
25805,1
63644,1
77144,1
78805,1
3386,1
18983,1
19118,1
20587,1
22669,1
24865,1
35090,1
36258,1
41300,1
44026,1
52931,1
57060,1
69763,1
73191,1
48926,1
134,1
447,1
1067,1
5116,1
5220,1
12919,1
14353,1
16487,1
25121,1
28681,1
29339,1
29940,1
35869,1
36955,1
38991,1
41909,1
42249,1
46241,1
47795,1
53635,1
58104,1
61520,1
63848,1
64430,1
64674,1
65481,1
67295,1
73526,1
77781,1
78853,1
87777,1
89155,1
93769,1
94035,1
49624,1
66413,1
67708,1
2351,1
10123,1
13806,1
66723,1
69926,1
76973,1
78217,1
87093,1
90568,1
10234,1
14633,1
14833,1
25241,1
36951,1
41964,1
47454,1
50452,1
64090,1
67583,1
71950,1
84762,1
89037,1
97236,1
8782,1
9599,1
18309,1
21493,1
47139,1
58633,1
62321,1
85272,1
88639,1
18,1
98875,1
38605,1
46765,1
83100,1
89286,1
52430,1
26015,1
70990,1
2270,1
8951,1
19780,1
39588,1
25883,1
40733,1
43508,1
63112,1
67318,1
68587,1
84986,1
99632,1
10601,1
37683,1
66856,1
19559,1
23933,1
9526,1
37861,1
12349,1
6974,1
35645,1
54904,1
22721,1
64889,1
47022,1
2276,1
10612,1
14995,1
15057,1
16424,1
25947,1
31836,1
33318,1
39433,1
39681,1
47693,1
48991,1
49772,1
59543,1
61695,1
78951,1
85894,1
90283,1
95614,1
9023,1
29234,1
32042,1
35588,1
36094,1
36526,1
38461,1
43183,1
47924,1
48219,1
63237,1
72461,1
95656,1
7948,1
31269,1
49209,1
1659,1
7527,1
7544,1
9922,1
19500,1
20166,1
21599,1
27062,1
33726,1
36507,1
37735,1
40421,1
40971,1
39044,1
43378,1
43596,1
46342,1
50498,1
52173,1
60470,1
61498,1
62248,1
64307,1
64524,1
65486,1
70609,1
73018,1
73385,1
75965,1
76283,1
77046,1
80018,1
84892,1
89627,1
93950,1
94053,1
94527,1
97446,1
97914,1
98992,1
26818,1
1749,1
2631,1
2654,1
6530,1
8800,1
35065,1
35758,1
39524,1
48137,1
49252,1
50788,1
53101,1
53362,1
53957,1
55391,1
57525,1
60562,1
61415,1
62351,1
73406,1
76846,1
78796,1
81431,1
89379,1
99914,1
47078,1
19544,1
24726,1
69614,1
71531,1
167,1
16831,1
21773,1
30627,1
38430,1
43054,1
53309,1
57021,1
50630,1
74596,1
78035,1
721,1
7864,1
8240,1
9898,1
13578,1
18252,1
27609,1
29955,1
31558,1
43393,1
57741,1
60312,1
66193,1
73991,1
76147,1
78614,1
81896,1
85817,1
90791,1
27420,1
30505,1
65482,1
61176,1
31359,1
51402,1
78271,1
89784,1
11284,1
15362,1
17803,1
40398,1
73045,1
83361,1
86808,1
99363,1
1658,1
24071,1
33173,1
89929,1
61169,1
24030,1
81691,1
87191,1
87653,1
59376,1
64154,1
8357,1
16522,1
22856,1
48107,1
50792,1
51099,1
54967,1
57187,1
58442,1
60869,1
61833,1
64555,1
76751,1
77760,1
81437,1
84193,1
94200,1
96734,1
35393,1
41142,1
72429,1
49515,1
54126,1
48806,1
7013,1
16797,1
29594,1
48811,1
67171,1
76362,1
78698,1
88334,1
89827,1
95934,1
96002,1
97706,1
85658,1
43421,1
80929,1
40179,1
74005,1
37148,1
43348,1
22523,1
37581,1
80587,1
73383,1
2604,1
51008,1
79017,1
2500,1
20801,1
27592,1
35283,1
38590,1
54278,1
61140,1
77077,1
81578,1
87321,1
93902,1
96503,1
96675,1
18548,1
12131,1
68138,1
10069,1
71716,1
76480,1
93391,1
96785,1
6735,1
69633,1
83180,1
38350,1
48782,1
47940,1
28712,1
80728,1
91848,1
8574,1
10738,1
12535,1
12783,1
13528,1
17916,1
18600,1
20160,1
20912,1
21162,1
22540,1
23515,1
23755,1
25875,1
30701,1
30938,1
33801,1
35105,1
42480,1
43062,1
43305,1
46848,1
75680,1
51952,1
53954,1
57306,1
63261,1
64049,1
67949,1
69166,1
70473,1
71206,1
74927,1
75241,1
76047,1
84111,1
84247,1
86846,1
87276,1
87663,1
88726,1
95783,1
96285,1
6251,1
3389,1
4027,1
18031,1
27046,1
33445,1
37880,1
53713,1
57907,1
61797,1
64825,1
73890,1
78686,1
2466,1
38119,1
65764,1
9282,1
37687,1
48972,1
52124,1
47324,1
89292,1
7335,1
20458,1
22262,1
24886,1
31572,1
42155,1
51403,1
53956,1
73477,1
76129,1
77372,1
96804,1
7129,1
20848,1
21718,1
33136,1
42840,1
46761,1
51580,1
57292,1
64407,1
71734,1
75558,1
79935,1
81732,1
56901,1
93346,1
57336,1
98924,1
73381,1
31473,1
20361,1
29375,1
12364,1
32897,1
43568,1
98900,1
99806,1
68987,1
23878,1
7308,1
5719,1
44704,1
46292,1
65371,1
6329,1
1574,1
15071,1
17925,1
30090,1
49873,1
94796,1
87570,1
44610,1
90022,1
1518,1
5789,1
16970,1
35741,1
40378,1
47261,1
89321,1
26903,1
37548,1
38570,1
27522,1
35021,1
84703,1
88004,1
11343,1
55805,1
45480,1
4605,1
14343,1
16967,1
61992,1
42119,1
17859,1
29456,1
62084,1
74282,1
92209,1
9792,1
41704,1
74345,1
76769,1
276,1
28569,1
31876,1
5394,1
12115,1
8231,1
10149,1
73869,1
49601,1
27879,1
28613,1
38264,1
54487,1
55579,1
69442,1
71504,1
91190,1
815,1
3385,1
38667,1
57663,1
78675,1
84296,1
23601,1
76256,1
2061,1
64138,1
77200,1
78260,1
82738,1
87352,1
3806,1
4393,1
75109,1
41048,1
48426,1
80789,1
85909,1
15586,1
89106,1
1434,1
15386,1
98144,1
37043,1
42126,1
57088,1
58698,1
60941,1
75810,1
80991,1
99830,1
13773,1
10610,1
12823,1
46589,1
82144,1
97210,1
6706,1
37055,1
58948,1
89611,1
2845,1
9287,1
43061,1
50446,1
57445,1
76966,1
79418,1
90094,1
12693,1
4255,1
29072,1
31925,1
48451,1
57697,1
63527,1
25048,1
38874,1
75274,1
67674,1
48859,1
70739,1
88268,1
94201,1
72373,1
6718,1
44464,1
85141,1
26224,1
29634,1
39764,1
47756,1
56886,1
87784,1
88675,1
10852,1
12649,1
57766,1
92616,1
98199,1
9925,1
54579,1
14511,1
7372,1
57644,1
59609,1
72189,1
67564,1
46242,1
77674,1
33867,1
38839,1
1034,1
82777,1
3082,1
4241,1
8865,1
20323,1
25031,1
78637,1
34727,1
10074,1
28857,1
19486,1
14487,1
38102,1
55421,1
83331,1
36449,1
72190,1
7095,1
33553,1
45919,1
48369,1
53890,1
78265,1
85216,1
92570,1
95657,1
90401,1
54515,1
6953,1
36501,1
247,1
78352,1
483,1
18532,1
30869,1
54198,1
55003,1
59180,1
70597,1
1135,1
22039,1
12295,1
20752,1
21566,1
78072,1
83861,1
5151,1
10764,1
18531,1
75490,1
87701,1
98948,1
12641,1
34846,1
22251,1
63096,1
70976,1
86426,1
87907,1
91294,1
99753,1
61047,1
29846,1
34427,1
15778,1
20910,1
43869,1
59378,1
1944,1
87479,1
346,1
2548,1
82087,1
99791,1
83358,1
89074,1
93542,1
1303,1
3149,1
9460,1
33214,1
39908,1
49016,1
68836,1
74028,1
75958,1
84285,1
86187,1
32885,1
40312,1
35629,1
15817,1
40880,1
44690,1
46643,1
87599,1
28687,1
33896,1
68021,1
25202,1
65600,1
72649,1
23020,1
81749,1
19198,1
52231,1
16795,1
68481,1
86779,1
17078,1
42319,1
88035,1
6068,1
42394,1
361,1
7115,1
33335,1
44896,1
62724,1
92008,1
65363,1
90886,1
75183,1
66309,1
9174,1
29879,1
45691,1
73791,1
87810,1
16187,1
16845,1
5462,1
19860,1
38937,1
36384,1
365,1
22397,1
40211,1
55460,1
79257,1
5489,1
31683,1
37318,1
76636,1
78771,1
89748,1
3200,1
85458,1
68963,1
56936,1
72939,1
93011,1
11260,1
67988,1
69397,1
73842,1
91392,1
26138,1
17630,1
94679,1
6062,1
23677,1
54801,1
74511,1
21148,1
37660,1
86142,1
78795,1
94591,1
10073,1
12157,1
30350,1
47779,1
48524,1
64626,1
69115,1
73840,1
83961,1
86766,1
88055,1
91403,1
94526,1
98659,1
11168,1
84550,1
75395,1
20435,1
45620,1
79626,1
15389,1
92533,1
96224,1
12382,1
54055,1
9807,1
25447,1
5081,1
16600,1
63557,1
67129,1
9632,1
16419,1
38279,1
80706,1
86876,1
92260,1
89210,1
76623,1
15012,1
93067,1
41993,1
34258,1
75064,1
46743,1
12158,1
22712,1
24545,1
38693,1
79647,1
82467,1
20640,1
28971,1
62209,1
63011,1
53474,1
9270,1
14257,1
17144,1
45491,1
26848,1
43292,1
23213,1
62678,1
54008,1
58431,1
61010,1
48483,1
51756,1
66884,1
71246,1
94680,1
80197,1
34987,1
230,1
36014,1
37580,1
53902,1
55030,1
58892,1
64813,1
71242,1
93198,1
74465,1
85896,1
15728,1
25182,1
32779,1
54943,1
8969,1
10922,1
38989,1
61129,1
70781,1
28305,1
37595,1
59889,1
69940,1
48679,1
68212,1
22707,1
58692,1
999,1
3500,1
6848,1
75678,1
79098,1
65094,1
79206,1
33676,1
96777,1
45392,1
37967,1
2697,1
21139,1
89510,1
2033,1
58185,1
7983,1
32929,1
58022,1
19646,1
96688,1
45086,1
99408,1
6643,1
91331,1
25780,1
73950,1
81075,1
67556,1
94199,1
66919,1
87700,1
95842,1
49499,1
72783,1
76651,1
75409,1
52286,1
94617,1
39504,1
69396,1
80445,1
87673,1
523,1
4717,1
24164,1
26863,1
55285,1
73393,1
74138,1
89336,1
92751,1
95878,1
48085,1