user_id,revenue
24275,1260.53
81964,1188.45
61229,1165.5
71197,1163.95
70147,1106.32
85725,1089.99
77948,1072.95
12340,1062.99
17333,1029.97
6020,1029.0
99934,1007.99
9224,999.0
20171,990.0
53268,982.14
2016,977.99
58777,972.99
58842,965.0
38995,959.98
49052,942.94
66996,927.99
18319,927.99
85975,923.85
17438,921.95
9037,911.98
50096,911.0
283,909.99
97268,908.0
95938,903.0
61480,903.0
84887,903.0
93284,903.0
4734,903.0
7285,903.0
82489,903.0
78292,903.0
9859,903.0
77675,903.0
12176,903.0
13403,903.0
17053,903.0
64509,903.0
18993,903.0
53517,903.0
34006,903.0
89785,903.0
38867,903.0
39054,903.0
90057,903.0
43456,903.0
64120,903.0
45737,903.0
52354,903.0
58369,903.0
96834,892.44
6837,886.97
97998,875.64
31151,834.99
39867,833.5
31172,832.97
11163,830.52
2148,825.67
64960,825.0
44211,817.99
26103,811.99
29777,804.26
17804,798.0
4934,796.93
91742,795.0
55298,795.0
73068,795.0
77342,788.98
36371,786.68
75488,786.44
9565,783.89
41536,783.39
43960,779.96
21605,766.38
73840,763.46
85890,759.99
89377,758.0
18882,758.0
56054,751.98
16723,750.0
10975,749.99
70805,744.5
27364,737.89
98277,733.95
93213,733.0
16985,731.38
23700,730.54
29539,711.1
323,707.99
16822,704.5
47748,703.45
39197,699.0
76496,698.44
56548,698.0
87796,698.0
90258,696.5
37994,695.48
15,695.0
96626,691.0
47817,684.95
28188,684.39
12421,683.44
59006,677.97
75993,669.94
51411,664.25
19731,662.99
49439,650.0
31696,650.0
13981,648.98
27234,645.0
85763,644.77
31206,640.93
85474,636.99
19494,634.45
39249,630.97
88654,629.97
29161,629.95
57306,628.61
19233,627.98
60119,625.85
75306,623.0
16035,622.0
76116,620.93
41703,620.55
62556,618.0
10185,618.0
13576,615.89
56713,615.0
33304,613.99
11096,613.72
83758,612.0
17757,609.58
77847,609.56
79854,609.55
93894,604.43
61513,602.95
74398,602.59
51077,600.83
86757,600.0
71593,600.0
26683,599.5
38825,599.0
45450,598.0
15840,598.0
26861,598.0
53114,598.0
53776,598.0
47959,596.99
86888,595.0
4297,594.98
91199,592.98
87802,588.94
19179,586.03
20145,584.72
69685,583.24
57452,574.08
21252,572.95
29010,571.98
3325,571.24
87645,571.0
55611,569.88
57173,568.49
59680,568.27
66444,568.25
2620,567.85
76657,566.69
53296,565.66
29271,565.45
81454,564.04
13092,563.95
64367,561.94
18868,561.69
13746,559.43
89481,556.75
16090,553.0
78827,548.07
42791,546.87
61067,546.45
73249,545.99
8338,544.0
32428,543.64
59828,542.98
77893,541.99
19993,541.83
56214,540.95
30608,538.88
12344,537.94
81361,537.73
45227,536.95
66486,536.39
78340,535.49
72648,535.48
55877,535.45
99502,533.55
17306,532.99
23355,532.49
88843,531.99
31667,530.49
9133,529.94
80256,528.94
93195,528.81
34121,528.81
93608,528.8
28855,527.95
72303,526.98
72571,526.98
6868,526.95
74333,525.99
17791,525.98
51067,525.5
22513,525.0
11602,523.99
8345,522.94
63335,522.36
44794,520.89
66403,520.47
79734,520.0
92060,519.99
5894,518.24
48004,517.0
75148,516.95
17911,516.49
36666,513.72
86095,512.98
21350,512.42
89991,510.09
8264,507.99
1510,507.55
66039,506.83
27564,506.81
9741,505.99
43515,505.99
12750,505.49
43763,504.83
85842,503.5
57621,503.0
69569,501.94
34692,501.6
62088,499.99
88921,499.93
7848,499.0
27785,499.0
33251,498.99
87844,498.99
99874,498.97
36975,498.97
42018,497.98
2103,496.95
52137,496.94
92040,495.96
35820,495.94
61796,495.88
22487,495.0
59155,495.0
34118,494.39
20808,493.99
64177,493.93
37547,491.05
5554,490.95
44476,490.58
94647,486.4
96967,484.9
64476,484.0
58287,484.0
83509,484.0
72141,482.94
99435,481.4
32961,481.0
7858,479.89
32468,479.59
61338,479.38
52086,479.0
89679,478.49
70054,477.64
32701,477.0
65075,476.99
6377,475.56
82033,475.44
24744,475.0
59895,475.0
56233,474.99
88215,474.98
46277,474.71
42820,474.55
49981,472.77
38842,472.48
25943,471.99
23412,471.11
43150,471.07
37273,470.95
96715,470.8
46541,470.49
56090,469.92
56727,469.9
76416,468.99
7243,468.68
80103,467.99
26253,467.76
51883,467.54
74487,467.5
85919,466.59
18575,465.95
33347,465.0
57609,465.0
23632,464.34
15277,463.74
66568,460.98
60501,459.96
10730,459.29
89515,458.48
43644,458.15
25269,457.99
42515,457.0
91811,456.99
26408,456.5
51033,456.0
43746,455.26
47043,454.89
27885,454.35
82857,453.94
49019,453.54
89601,452.89
31552,452.57
5695,452.19
99644,452.0
75764,451.82
89360,451.5
13521,450.93
42077,450.77
34879,450.73
32167,450.49
91174,450.38
95895,450.34
25320,450.22
67307,450.0
32899,449.26
6574,449.0
4262,449.0
19559,448.99
80173,448.98
78506,447.99
5858,447.65
45031,447.5
66859,447.49
68590,446.26
93807,445.86
79849,445.0
11441,444.47
82595,444.45
40526,444.0
53152,443.99
58827,443.99
54057,443.98
59720,443.9
31154,443.53
86106,442.99
66929,442.95
72574,442.77
83978,441.9
45126,439.99
55851,438.95
86117,438.62
41765,438.5
64805,437.99
50974,437.75
52921,437.55
2715,437.28
80599,437.0
60557,434.5
62298,434.08
45724,433.96
17114,433.49
74551,432.96
57785,432.48
16431,431.0
26686,430.51
19724,429.99
73967,429.98
5043,429.93
685,429.54
96128,429.42
56598,429.0
95547,429.0
91884,429.0
54415,429.0
48960,428.95
94825,428.49
16736,428.24
7646,428.0
90530,427.49
33692,427.39
84554,427.25
28369,426.97
13220,426.51
21257,426.2
88400,426.0
55555,426.0
37042,425.9
98358,425.76
61601,425.45
43322,425.19
94455,425.01
7118,425.0
88451,424.99
22565,424.98
24569,424.68
68866,424.5
47439,424.5
92882,424.5
89795,424.5
70907,424.5
36196,424.07
54145,424.0
59314,423.41
13506,422.94
32355,421.84
30848,421.55
87666,421.48
59018,420.98
75653,420.28
70256,420.0
12013,419.95
38754,419.5
54767,419.49
48630,419.18
5563,419.0
18552,418.99
28683,418.96
18721,418.87
485,418.5
48173,418.5
87536,417.99
36569,417.49
17031,417.29
70872,417.09
36062,417.0
75434,417.0
75705,417.0
2319,416.97
90655,416.5
56002,415.49
3769,415.43
75598,415.37
40197,415.01
59491,415.0
50195,414.95
608,414.72
59784,414.5
54494,413.97
80123,413.93
56106,413.56
75789,413.0
57935,413.0
65146,412.64
66254,412.59
54483,412.53
45360,412.39
76512,412.0
81005,412.0
90475,412.0
31180,411.99
24856,411.99
49511,411.5
67765,411.49
93250,411.47
91496,411.17
60865,410.82
11185,410.49
67411,410.1
18839,410.0
40294,409.95
25091,409.95
22291,409.24
25596,408.99
25705,408.99
32784,408.98
4307,408.77
71804,408.49
87092,408.48
32780,408.0
66905,408.0
32679,407.61
14916,407.5
56442,407.49
81766,406.98
23613,406.44
38724,406.43
64953,405.99
9245,405.26
47933,404.95
48680,404.93
65213,404.91
45873,404.5
61478,404.34
66228,403.42
78488,402.99
17346,402.99
63174,402.99
83686,402.99
15592,402.95
78990,402.91
4672,402.49
53500,401.93
33315,401.35
42817,401.01
84676,400.59
61881,400.12
4403,400.0
85594,399.95
19885,399.95
81845,399.95
91458,399.93
77956,399.89
77815,399.67
49271,399.43
59117,399.21
17421,399.0
25361,399.0
89300,399.0
71119,399.0
57399,399.0
1097,399.0
46241,399.0
26583,399.0
43424,399.0
91636,398.99
6331,398.94
67942,398.54
53213,398.0
79334,398.0
10310,397.99
78041,397.99
92096,397.95
64030,397.47
35376,396.99
9791,396.86
95999,396.6
47625,396.45
90613,396.28
14238,396.24
55557,396.1
72418,396.0
42549,395.0
80761,395.0
67701,395.0
58518,395.0
21101,395.0
4210,395.0
85562,394.95
44901,394.5
71297,394.28
38225,394.22
58932,394.13
35952,393.5
90155,393.46
77428,393.39
22903,393.17
26154,392.84
95831,392.62
43672,392.45
72129,391.99
30036,391.58
84394,390.99
748,390.98
91875,390.88
86554,390.75
76516,390.13
94093,389.98
66922,389.9
80039,389.75
19586,389.0
90958,389.0
35823,388.0
52963,387.99
79368,387.84
58710,387.48
66748,387.0
99613,386.84
14913,386.83
57197,386.72
97029,386.5
16257,386.49
85377,386.48
20304,386.29
79609,386.27
87598,386.0
81616,385.2
99728,384.99
95100,384.83
1606,384.69
1819,383.94
19401,383.84
40409,383.8
84163,383.48
57378,383.36
3174,383.14
31773,382.98
83168,382.93
62143,382.91
64355,382.66
58857,382.02
16324,381.98
19826,381.95
53543,381.73
81384,380.99
99545,380.98
51498,380.94
83884,380.49
13300,380.21
12238,380.0
69633,379.95
64612,379.92
5372,379.88
27853,379.6
94383,379.0
1852,378.95
48725,378.0
63226,378.0
23699,377.99
59453,377.98
65952,377.97
66328,377.8
18427,377.73
25301,377.59
99525,377.49
21194,377.36
58433,377.18
85441,376.99
97175,376.5
1152,376.45
78662,375.99
70565,375.94
98484,375.93
61453,375.64
98941,375.61
24612,375.6
35930,375.5
33976,375.49
80031,375.0
27621,375.0
98554,375.0
31100,375.0
37519,375.0
48142,375.0
94058,374.99
85509,374.39
43383,374.0
21622,373.99
45291,373.93
88767,373.83
40875,373.77
6794,373.44
70763,372.95
8362,372.94
52932,372.67
59132,372.0
67794,371.98
74840,371.86
21432,371.84
37855,370.98
71809,370.94
64826,370.78
49382,370.14
44,370.1
68293,369.99
30692,369.99
43825,369.95
37672,369.89
67108,369.88
45302,369.78
15793,369.7
9671,369.63
68286,369.5
79120,369.49
46699,369.35
45316,368.59
40961,368.39
23990,368.27
94052,368.2
60670,367.49
3632,367.45
83756,367.39
40996,367.24
45974,367.16
63354,367.0
70652,366.44
68027,366.44
23196,366.25
93354,366.0
60814,366.0
8783,365.99
4668,365.97
94209,365.94
5579,365.7
8492,365.13
77811,364.99
13685,364.98
28685,364.74
93185,364.73
37539,364.64
37447,364.49
27989,364.0
79961,363.96
47235,363.88
20490,363.45
84130,363.36
90376,363.11
59681,362.75
60811,360.99
53913,360.93
91214,360.88
32823,360.74
29790,360.59
96054,360.48
97066,360.45
5301,360.38
12579,359.99
33344,359.99
88263,359.98
49604,359.95
869,359.81
53778,359.49
68201,359.36
79928,358.6
38811,358.0
15129,358.0
71619,357.97
26778,357.96
84724,357.95
50793,357.95
11553,357.93
86084,357.56
14065,357.48
81842,357.0
61492,357.0
53611,356.99
30569,356.48
70084,356.09
89401,355.99
74202,355.77
40860,355.5
29701,355.38
97726,355.11
39208,355.03
62913,355.02
18773,355.0
23840,354.99
86398,354.95
22817,354.95
66108,354.89
97519,354.54
68767,354.15
57502,354.05
69441,353.99
9784,353.95
29706,353.94
90979,353.42
13277,352.95
14743,352.89
74427,352.49
12093,352.22
59250,352.09
11023,351.99
3960,351.49
15716,351.49
57699,351.0
48932,350.99
54060,350.97
35147,350.93
11479,350.9
82475,350.47
97146,350.32
4189,350.3
87072,350.16
26907,350.0
83468,350.0
28408,350.0
93186,350.0
60880,350.0
30139,350.0
31131,350.0
20985,350.0
24112,350.0
42915,349.98
72280,349.98
3369,349.95
25137,349.95
39227,349.95
5045,349.85
76711,349.36
47290,349.22
41267,349.0
5001,349.0
7080,349.0
87795,349.0
84202,348.99
91756,348.99
71945,348.97
86847,348.77
92947,348.64
21047,348.44
43724,348.2
55934,348.11
1817,348.1
81791,348.0
14681,348.0
42760,348.0
30361,348.0
73642,348.0
59530,348.0
45475,347.98
85854,347.96
71091,347.61
3245,347.54
33441,347.09
74062,346.95
14466,346.19
34807,346.0
52355,346.0
69930,346.0
93399,346.0
58482,345.99
66640,345.97
61717,345.94
61023,345.54
42927,345.39
34269,345.31
46386,345.0
33127,344.99
92324,344.97
2671,344.93
91106,344.92
3430,344.66
76675,344.02
10024,343.99
41018,343.99
46982,343.98
75494,343.96
84673,343.95
21180,343.63
22247,343.49
55268,343.48
87618,343.47
71826,343.33
45852,343.01
97673,342.99
18316,342.48
67373,342.02
54070,341.99
58888,341.99
57037,341.99
77768,341.88
18952,341.86
90818,341.64
69430,341.15
82880,341.0
17772,341.0
47917,340.99
87514,340.95
49756,340.69
91516,340.67
87665,340.59
48718,340.5
79463,340.48
94925,340.43
31642,340.2
81323,340.06
32124,340.0
12580,339.98
32199,339.97
73196,339.94
5085,339.9
6173,339.45
88223,339.23
52056,339.17
52609,339.0
24409,339.0
37852,339.0
68823,338.99
61342,338.98
59253,338.98
4405,338.95
19836,338.93
13589,338.37
83944,338.06
27913,338.0
63058,337.98
46267,337.98
30758,337.94
86892,337.87
25057,337.8
7167,337.73
98423,337.47
31931,337.4
29274,336.97
56452,336.5
46095,336.09
63941,336.06
42408,335.94
71113,335.75
16988,335.54
98724,335.08
93097,335.0
24517,334.99
45336,334.99
41362,334.95
72607,334.95
67905,334.92
43469,334.88
86086,334.85
11261,334.81
50184,334.26
63015,334.18
8023,334.13
69693,334.0
80157,334.0
17599,334.0
59126,333.97
13683,333.89
58963,333.49
23960,333.35
44037,333.3
82547,332.99
20205,332.99
36983,332.89
99899,332.5
65035,332.47
99725,332.4
30664,332.19
64309,332.16
97808,332.0
68408,331.99
29561,331.99
17712,331.75
23146,331.6
39854,331.59
13774,331.11
73763,330.94
50124,330.85
25804,330.44
79117,330.26
35028,330.0
54280,329.99
38525,329.99
84553,329.99
78431,329.98
95611,329.95
42149,329.7
30000,329.38
18529,328.98
94487,328.92
8088,328.2
91589,328.07
48113,328.0
94844,328.0
17605,328.0
12638,328.0
49050,328.0
12585,327.97
62776,327.95
19358,327.92
49237,327.89
64521,327.78
46575,327.75
95865,327.5
4378,327.44
23794,327.38
68887,327.0
31615,326.99
43072,326.98
28056,326.97
39574,326.0
34691,326.0
16267,326.0
51537,325.94
59226,325.0
41958,325.0
79291,325.0
91373,325.0
1327,325.0
9401,325.0
89467,325.0
78491,325.0
52738,325.0
61832,325.0
8083,324.95
7994,324.9
87864,324.83
23415,324.57
13714,324.45
38346,324.39
65090,324.0
11922,324.0
16945,323.97
68045,323.95
12809,323.94
73257,323.59
7739,323.52
64421,323.0
21575,323.0
19382,323.0
19876,322.99
7055,322.98
6655,322.9
87669,322.87
84223,322.79
4419,322.69
58863,322.5
12880,322.34
21503,322.16
6687,322.0
14051,321.99
31415,321.98
12430,321.91
38317,321.58
83029,321.49
58608,321.49
44408,321.49
81583,321.38
8455,321.31
41185,320.99
946,320.97
83230,320.95
11233,320.94
35207,320.93
72402,320.59
41660,320.0
14448,320.0
20399,320.0
76893,320.0
13236,319.99
7462,319.99
72734,319.99
53382,319.98
10184,319.97
87892,319.95
64229,319.94
19514,319.55
66702,319.49
74766,319.0
15380,318.99
96585,318.95
50668,318.92
29232,318.57
45582,318.34
64148,318.0
56319,318.0
50783,318.0
19453,317.99
10268,317.99
28266,317.99
65214,317.98
83383,317.95
16316,317.77
52558,317.75
60527,317.63
83663,317.5
24269,317.49
88928,317.19
21824,317.0
18755,316.79
36976,316.74
80451,316.6
67996,316.6
19087,316.6
88776,316.5
55349,316.43
75981,316.37
12379,316.0
31550,316.0
97580,315.5
43664,315.47
68246,315.35
98648,315.25
83519,315.2
77522,315.13
57066,314.99
50278,314.97
16605,314.95
9832,314.6
35811,314.55
2860,314.41
85719,314.35
54073,314.27
3568,314.05
58368,314.0
40830,314.0
82939,313.99
87831,313.99
84399,313.98
84255,313.98
45188,313.95
94421,313.58
39026,313.5
30192,313.45
46573,313.37
81658,313.23
91399,313.16
7525,313.14
32359,313.0
95926,313.0
21021,312.99
60274,312.91
56698,312.88
7852,312.52
91731,312.34
45470,312.06
10936,311.99
47176,311.97
26064,311.96
68206,311.95
74237,311.93
37170,311.91
53023,311.85
12411,311.85
3821,311.49
30833,310.99
1140,310.95
64231,310.94
27718,310.26
20998,310.16
67314,310.0
81250,309.99
96891,309.43
1513,309.31
49622,309.03
71953,309.0
46355,309.0
39560,308.9
40260,308.88
60251,308.88
48997,308.76
7251,308.05
40370,308.0
56374,308.0
7924,307.99
25258,307.98
5672,307.96
81289,307.95
96653,307.94
86747,307.82
87428,307.49
35830,307.0
36250,307.0
37961,306.99
94497,306.99
19212,306.98
11497,306.49
57530,306.48
34246,306.38
69997,306.0
81251,306.0
91327,306.0
52347,305.99
84663,305.5
35275,305.48
11743,305.4
56994,305.0
91891,304.98
32601,304.98
29718,304.9
70022,304.87
64614,304.73
98190,304.65
11207,304.58
87368,304.48
31139,304.45
68774,304.42
30174,304.28
71124,304.0
88745,303.99
49244,303.99
66337,303.99
96254,303.98
93228,303.98
31669,303.94
55712,303.71
18290,303.53
62087,303.47
72117,303.31
6036,303.21
65143,303.17
2629,303.16
59191,303.0
4104,303.0
73863,302.99
63913,302.98
71964,302.95
62194,302.92
6616,302.8
82078,302.7
73112,302.56
31648,302.55
64574,302.4
9554,302.0
88879,302.0
41010,301.99
29723,301.89
60109,301.25
90926,301.19
98148,301.15
23471,301.0
30607,300.98
32326,300.98
74543,300.98
43448,300.97
97189,300.96
35484,300.94
36626,300.87
16893,300.85
9075,300.75
68528,300.45
49846,300.45
5557,300.33
74484,300.0
86295,300.0
55164,300.0
92858,300.0
34889,300.0
52121,300.0
38738,300.0
35388,300.0
31809,300.0
28642,300.0
64935,300.0
59776,299.99
77415,299.99
90896,299.99
96068,299.99
96399,299.99
51198,299.98
94491,299.98
41768,299.95
88280,299.95
10991,299.95
94715,299.95
22896,299.94
3188,299.49
49600,299.49
28655,299.49
33934,299.47
89653,299.19
51379,299.06
5303,299.0
7200,299.0
16887,299.0
25363,299.0
31702,299.0
55964,299.0
5540,298.99
78843,298.99
55800,298.98
82901,298.98
81634,298.97
98791,298.97
61942,298.84
3645,298.7
93686,298.43
81614,298.42
65824,298.31
52758,298.11
46342,298.0
12507,298.0
65606,298.0
70571,298.0
68477,298.0
11857,297.99
82799,297.98
47727,297.97
72358,297.9
83898,297.89
16223,297.84
38579,297.71
4131,297.52
99888,297.5
17908,297.23
78387,297.15
92895,297.14
89762,297.0
54436,297.0
72999,297.0
26981,297.0
68775,297.0
9698,297.0
3093,297.0
27975,296.95
44430,296.86
31658,296.61
11574,296.5
18338,296.45
29688,296.36
24539,295.99
65733,295.95
34842,295.93
40994,295.93
94061,295.9
80400,295.74
70224,295.58
33857,295.5
882,295.2
49896,295.0
78378,295.0
81169,295.0
3097,295.0
50527,295.0
44766,294.99
31946,294.99
69964,294.97
42113,294.9
43509,294.88
57216,294.88
51729,294.72
53325,294.66
98107,294.48
74676,294.45
97295,294.0
5701,293.99
26666,293.95
24249,293.91
43936,293.8
16061,293.68
58225,293.5
89217,293.33
53454,293.33
84776,293.0
15120,293.0
56094,292.99
5782,292.99
59755,292.99
63857,292.98
68585,292.94
17978,292.88
19763,292.64
46539,292.64
72166,292.28
79034,292.05
48773,291.89
89452,291.86
25102,291.67
19226,291.53
20600,291.13
13567,291.0
47076,290.99
95729,290.99
79185,290.98
21467,290.24
89836,290.0
6563,290.0
58781,289.99
38499,289.99
48623,289.99
54398,289.98
86503,289.96
57156,289.95
77358,289.95
74031,289.5
44218,289.5
14891,289.45
51133,289.18
51738,289.16
86428,289.09
66192,289.0
36261,288.99
97278,288.98
82993,288.98
38354,288.94
90813,288.8
28030,288.5
61451,288.49
33339,288.48
32297,288.46
4615,288.38
85477,288.12
89756,288.0
99411,288.0
84564,287.99
54744,287.98
98569,287.93
24151,287.86
28498,287.69
91594,287.64
33006,287.64
45648,287.64
52396,287.61
25249,287.5
27482,287.5
1622,287.49
69521,287.49
92871,287.47
10250,287.43
86414,287.28
49416,287.24
23799,287.24
51697,287.22
36839,287.0
53981,286.98
68790,286.98
11009,286.95
43067,286.95
97180,286.95
59423,286.75
10200,286.74
81011,286.74
68691,286.62
86345,286.6
4439,286.5
2549,286.33
40265,286.28
28468,286.01
5590,286.0
29084,286.0
16345,286.0
94629,286.0
30893,286.0
12086,286.0
40111,286.0
25872,285.99
53624,285.99
74944,285.95
70597,285.78
4767,285.6
79520,285.53
1366,285.48
59541,285.44
44848,285.16
77407,285.0
1548,285.0
47324,285.0
1253,285.0
71445,285.0
71734,285.0
60817,284.99
79810,284.99
57765,284.98
37212,284.97
70257,284.96
43843,284.96
43500,284.95
44257,284.94
42790,284.88
84697,284.64
24243,284.5
52784,284.49
80707,284.4
39971,284.37
73569,284.19
15055,284.17
89791,284.03
16028,283.99
16486,283.98
6966,283.98
66563,283.96
4159,283.68
19347,283.48
27444,283.45
23859,283.34
27214,283.31
55528,283.23
34487,283.0
35683,283.0
13099,282.99
59413,282.95
66029,282.94
90717,282.83
36052,282.71
81996,282.64
1095,282.49
19295,282.39
5482,282.29
98833,282.24
96753,282.01
34072,282.0
31792,282.0
4472,282.0
47875,281.99
68511,281.99
16572,281.98
46168,281.96
12465,281.95
98864,281.95
26507,281.95
20958,281.94
48529,281.93
13956,281.91
76920,281.72
30867,281.59
22554,281.49
44842,281.44
95065,281.0
58676,281.0
409,281.0
59518,280.97
10793,280.97
39422,280.85
68877,280.67
55572,280.43
99236,280.36
71239,280.18
60091,280.08
10522,280.0
21207,280.0
67582,280.0
52416,280.0
3664,280.0
98789,279.99
12328,279.99
62240,279.98
52541,279.97
68993,279.95
49037,279.95
11944,279.94
29408,279.9
51152,279.9
88513,279.89
70624,279.86
83007,279.85
21660,279.75
91701,279.63
28044,279.61
82633,279.48
273,279.46
83772,279.43
1879,279.4
15319,279.03
41726,278.99
56702,278.99
77412,278.99
83186,278.99
74072,278.98
74058,278.97
86763,278.97
73855,278.81
23525,278.79
789,278.71
58205,278.58
26740,278.58
81072,278.57
98466,278.47
59621,278.45
25927,278.4
15525,278.38
3928,278.37
89354,278.33
53869,278.11
38405,278.1
1988,278.09
93352,278.0
24258,278.0
39920,278.0
70495,277.99
41942,277.99
41701,277.98
51660,277.97
71560,277.95
67893,277.9
19190,277.58
82069,277.52
60980,277.51
78781,277.5
22499,277.45
5198,277.39
26559,277.15
3602,277.0
61785,277.0
76357,276.99
91335,276.94
26695,276.92
58569,276.9
13984,276.49
12999,276.49
81995,276.4
76993,276.19
92151,276.0
337,276.0
5924,276.0
72036,275.99
61260,275.95
94258,275.94
79435,275.89
47759,275.84
48784,275.49
98693,275.41
19097,275.36
47132,275.21
59999,275.0
14738,275.0
85790,275.0
55756,274.98
3996,274.98
30037,274.97
77954,274.94
37936,274.93
13840,274.89
89999,274.84
24236,274.81
9314,274.49
28871,274.47
28403,274.43
51751,274.34
15841,274.13
51913,274.0
71587,274.0
25968,274.0
35268,273.99
78791,273.97
22644,273.95
35217,273.83
69859,273.55
75016,273.48
36383,273.46
49999,273.44
98501,273.27
28743,273.23
13732,273.06
63940,273.03
60614,273.02
34829,273.0
88628,272.99
88155,272.98
17431,272.94
36048,272.89
50794,272.89
97288,272.64
84047,272.62
56382,272.5
68681,272.49
44290,272.31
32014,272.15
48993,272.02
10000,272.0
55168,271.99
42461,271.99
92459,271.99
18789,271.95
80335,271.87
37818,271.83
23042,271.64
32598,271.5
68265,271.49
31787,271.25
25590,271.15
54299,270.77
45646,270.5
60609,270.5
18397,270.49
80830,270.45
84919,270.28
29756,270.0
71796,270.0
93408,270.0
4181,270.0
74284,270.0
98867,269.99
81685,269.99
65089,269.99
32353,269.96
54039,269.96
97235,269.95
86292,269.9
47172,269.68
79906,269.58
84562,269.54
45426,269.52
35178,269.51
23740,269.5
85671,269.5
48224,269.47
51695,269.39
45040,269.39
20837,269.39
87627,269.28
35857,269.27
42539,269.05
28700,269.0
34877,269.0
15375,269.0
5809,269.0
95141,269.0
2778,268.99
25810,268.95
54617,268.94
64391,268.89
37920,268.82
88908,268.79
9595,268.43
34057,268.29
78276,268.18
62723,268.0
54144,268.0
61344,268.0
61915,268.0
14231,268.0
84995,268.0
78011,267.99
82777,267.99
58040,267.99
52425,267.99
40449,267.95
6977,267.95
4560,267.94
75372,267.71
70823,267.6
68475,267.5
69272,267.5
53231,267.03
99551,266.96
55979,266.94
83871,266.89
35072,266.69
85492,266.66
13763,266.54
54044,266.18
28169,266.1
68964,266.0
9542,266.0
3165,266.0
34812,265.99
37192,265.99
25196,265.99
87261,265.98
10987,265.96
11517,265.9
87446,265.89
7729,265.73
63060,265.67
72084,265.56
94889,265.24
94853,265.24
35127,265.0
69256,265.0
65602,265.0
50563,265.0
50351,265.0
37810,265.0
40290,265.0
86268,264.99
9084,264.99
40099,264.97
80598,264.94
10117,264.94
41888,264.9
54348,264.75
1755,264.67
64495,264.56
58427,264.5
74514,264.49
44484,264.47
40786,264.45
11131,264.45
53802,264.39
45238,264.36
52384,264.15
96077,264.0
95151,264.0
45154,264.0
25586,264.0
9474,264.0
65451,264.0
16875,264.0
16772,263.98
38872,263.98
76454,263.96
53957,263.94
31308,263.89
35454,263.84
93770,263.83
77332,263.82
43251,263.72
73631,263.58
49543,263.49
82815,263.49
24625,263.48
5281,263.47
63851,263.44
31008,263.39
91980,263.27
55018,263.19
69671,263.15
23137,263.07
4198,263.04
32750,263.0
80058,262.98
35211,262.95
81869,262.94
75116,262.8
68855,262.62
73556,262.58
25945,262.49
43362,262.24
34296,262.24
37083,262.0
89224,262.0
48679,261.84
40070,261.84
90237,261.74
61460,261.73
93336,261.63
93509,261.6
77681,261.53
5479,261.49
48897,261.49
91002,261.47
15014,261.45
95952,261.4
44125,261.39
43141,261.29
29043,261.07
38362,261.02
37108,261.0
92594,261.0
47419,261.0
25775,261.0
4428,261.0
64723,261.0
85388,260.98
99490,260.97
20712,260.94
29378,260.93
34402,260.75
60347,260.48
36931,260.45
49954,260.37
64151,260.34
3598,260.1
56591,260.0
55510,260.0
49737,260.0
46560,260.0
42099,260.0
70581,260.0
34173,260.0
49486,260.0
26074,260.0
59368,260.0
10473,260.0
14139,259.99
34675,259.99
38992,259.99
6299,259.97
24553,259.96
43030,259.95
73453,259.94
59262,259.94
69158,259.85
21325,259.78
21318,259.67
56574,259.65
33577,259.5
76982,259.5
43569,259.49
31611,259.45
93407,259.44
15185,259.13
78060,259.1
72444,259.0
85308,259.0
50944,259.0
2611,259.0
16282,259.0
36547,259.0
68948,259.0
66801,258.99
1268,258.99
66819,258.99
73173,258.99
35891,258.99
90064,258.99
81336,258.99
18752,258.95
96081,258.89
64334,258.89
29425,258.74
35647,258.61
70130,258.61
4020,258.6
43741,258.58
97006,258.51
62418,258.49
11598,258.4
50322,258.39
50414,258.16
86201,258.11
22391,258.0
37740,258.0
81209,258.0
42545,258.0
82354,258.0
76092,258.0
76807,258.0
47649,257.99
17941,257.98
74281,257.95
6504,257.95
44349,257.95
1595,257.94
73447,257.9
53551,257.86
77077,257.57
96673,257.44
96760,257.4
6765,257.38
20126,257.19
16994,257.07
46314,257.0
68299,256.97
20040,256.89
61573,256.81
81888,256.75
14843,256.5
41612,256.49
12786,256.4
88604,256.33
96708,256.23
60890,256.2
25314,256.15
25160,256.0
91209,256.0
70209,255.99
6161,255.98
49146,255.98
51901,255.97
80609,255.95
47213,255.95
13025,255.93
73608,255.92
40056,255.9
87930,255.9
27183,255.87
44436,255.86
12121,255.7
77436,255.58
94510,255.5
18009,255.49
54628,255.49
51000,255.48
66285,255.48
43266,255.37
3451,255.35
6601,255.29
84560,255.13
26261,255.0
33405,255.0
56611,255.0
30382,255.0
65079,255.0
43436,254.99
9891,254.99
55042,254.99
75379,254.98
92139,254.98
86898,254.98
14465,254.97
80446,254.95
64397,254.95
6187,254.94
78959,254.9
90328,254.89
60038,254.88
54975,254.79
56533,254.68
91018,254.61
80313,254.51
37694,253.99
32009,253.99
81560,253.95
12257,253.95
75371,253.79
65679,253.69
93372,253.56
28646,253.51
10923,253.51
62068,253.49
89,253.45
60464,253.37
61234,253.16
54518,253.15
28786,253.11
17359,253.0
19369,253.0
36305,253.0
54146,253.0
56221,253.0
70882,252.99
57181,252.99
60101,252.9
21405,252.89
18505,252.83
14532,252.75
6782,252.73
75273,252.63
84930,252.49
13080,252.48
38435,252.42
78663,252.12
85824,252.0
3252,252.0
17248,252.0
35431,251.99
26304,251.99
16254,251.99
51547,251.98
68114,251.95
57341,251.95
64899,251.94
27001,251.92
39701,251.88
56832,251.77
69154,251.75
35337,251.7
23139,251.69
28150,251.67
22207,251.58
78100,251.26
36897,251.18
17129,251.0
36726,251.0
29524,250.99
92932,250.98
99184,250.98
39520,250.88
76161,250.76
31565,250.64
4096,250.62
74619,250.43
21922,250.39
13631,250.0
75011,250.0
82136,250.0
60969,250.0
11674,250.0
53408,250.0
98685,250.0
63631,250.0
51432,250.0
72368,250.0
21002,250.0
88554,249.99
82080,249.99
41725,249.99
82277,249.99
41915,249.97
24885,249.97
40863,249.97
44744,249.95
13784,249.95
94546,249.95
23851,249.95
48226,249.95
46794,249.94
88884,249.94
72011,249.94
79757,249.93
86694,249.89
49636,249.89
80863,249.74
57632,249.68
88293,249.66
2072,249.5
65177,249.48
10891,249.34
20677,249.16
25812,249.07
68146,249.0
85100,249.0
73056,249.0
18031,249.0
87585,249.0
17640,249.0
35763,249.0
78500,248.99
9153,248.99
99850,248.99
4206,248.98
76465,248.97
8676,248.93
15126,248.9
95176,248.66
49085,248.64
3969,248.55
76302,248.54
70766,248.5
73446,248.49
97176,248.38
80143,248.08
20450,248.0
24028,248.0
64735,248.0
83716,248.0
2256,248.0
37526,247.99
8494,247.98
92685,247.97
31333,247.9
79377,247.88
78184,247.85
26264,247.78
76470,247.77
31124,247.74
27396,247.5
24123,247.5
90115,247.49
44067,247.39
92362,247.38
77925,247.2
51233,247.17
50802,247.16
99211,247.0
71530,247.0
97188,246.99
20242,246.98
10760,246.96
92841,246.92
80237,246.8
38882,246.62
8161,246.59
82976,246.48
41998,246.42
63347,245.97
40755,245.95
11303,245.94
23073,245.94
56848,245.93
71510,245.75
24547,245.67
56569,245.56
1639,245.55
27339,245.52
34262,245.5
94145,245.48
25569,245.17
11102,245.07
50457,245.05
41864,245.0
78875,245.0
62356,245.0
8630,244.99
50219,244.99
84764,244.99
65498,244.99
45512,244.99
51452,244.97
48871,244.97
91183,244.95
51260,244.95
76012,244.95
63219,244.95
56062,244.95
7773,244.94
82826,244.94
84818,244.91
99442,244.89
61017,244.85
52983,244.8
693,244.57
65942,244.4
43180,244.31
5923,244.25
87257,244.1
81546,244.0
54056,244.0
61652,244.0
35085,244.0
87161,244.0
96167,243.99
26516,243.98
66609,243.95
81366,243.95
56722,243.95
44265,243.94
66854,243.9
62415,243.9
66536,243.86
64558,243.78
16972,243.65
63469,243.56
83860,243.5
68888,243.38
30633,243.3
30962,243.25
898,243.21
2926,243.21
39765,243.14
79114,243.0
84912,243.0
28992,243.0
97404,242.99
7447,242.99
99965,242.97
91857,242.97
61155,242.95
32049,242.9
10801,242.5
21658,242.49
84172,242.29
20866,242.29
89176,242.12
34791,242.05
61031,242.0
39077,241.99
85450,241.99
53452,241.99
90975,241.97
31784,241.96
94480,241.94
58570,241.93
33812,241.93
88373,241.89
61533,241.64
48313,241.59
89038,241.3
73477,241.24
94108,241.15
63186,241.0
46147,240.99
30965,240.99
11168,240.98
89111,240.98
96809,240.85
98753,240.75
7550,240.75
87617,240.71
54058,240.65
18334,240.65
34156,240.49
74817,240.46
79228,240.42
53401,240.4
48093,240.38
12094,240.35
20293,240.35
80848,240.01
11317,240.0
6963,240.0
28583,240.0
41519,240.0
77523,240.0
88311,240.0
99952,240.0
57121,239.99
99989,239.99
97082,239.99
26076,239.99
21961,239.99
34510,239.99
96013,239.99
9530,239.99
57969,239.99
89986,239.98
90933,239.97
60170,239.95
38123,239.95
25545,239.95
21472,239.95
21073,239.95
76972,239.94
97579,239.82
58166,239.8
35362,239.71
65957,239.7
65193,239.61
21167,239.5
79440,239.5
28191,239.5
13095,239.49
66167,239.48
16472,239.44
60864,239.4
69262,239.3
71352,239.15
53109,239.0
20734,239.0
77304,239.0
94911,239.0
81425,239.0
37754,239.0
54961,238.99
76053,238.99
4794,238.98
89206,238.98
80510,238.97
6415,238.97
67984,238.95
13016,238.95
54921,238.95
53476,238.94
46151,238.81
81450,238.71
61815,238.68
7392,238.56
38981,238.55
23312,238.5
5103,238.0
69168,238.0
56720,238.0
19489,238.0
48471,238.0
16072,237.99
76432,237.99
99646,237.98
32083,237.89
8183,237.87
97913,237.65
39398,237.63
78693,237.5
48394,237.5
57543,237.48
537,237.45
47278,237.45
91570,237.35
59407,237.19
40103,237.1
53627,237.0
25883,237.0
41780,237.0
98880,236.99
12771,236.99
56177,236.99
81581,236.98
14536,236.98
10160,236.98
46767,236.98
31380,236.96
3569,236.96
64715,236.9
26327,236.87
87073,236.84
29102,236.84
76301,236.75
72428,236.66
56766,236.64
37422,236.6
16685,236.5
68705,236.44
69982,236.39
26492,236.31
219,236.26
79315,236.12
40663,236.06
58461,236.06
38223,236.05
68992,236.0
39566,235.99
51089,235.99
59742,235.95
35185,235.9
23655,235.74
64447,235.58
55912,235.51
98036,235.48
36382,235.47
18598,235.44
34182,235.43
24048,235.37
2146,235.22
7045,235.2
87817,235.17
72932,235.06
75521,235.0
88233,235.0
11766,235.0
3113,234.99
24774,234.99
10945,234.99
37194,234.97
54075,234.96
96438,234.96
51245,234.93
70177,234.92
43792,234.92
57741,234.9
22419,234.9
70033,234.81
49463,234.72
40389,234.64
2948,234.62
80152,234.52
4932,234.4
4128,234.2
87714,234.19
97633,234.18
75457,234.03
72671,234.01
41429,234.0
97194,233.99
11135,233.99
7794,233.99
48375,233.95
86218,233.95
26853,233.95
78159,233.86
26741,233.63
21006,233.59
44011,233.5
86776,233.44
94065,233.43
47715,233.08
73269,233.06
27280,233.0
40827,233.0
33388,233.0
96942,232.99
55598,232.99
53694,232.99
72754,232.99
9924,232.99
72928,232.98
49030,232.97
69583,232.94
59091,232.94
69745,232.93
9700,232.83
5586,232.79
66455,232.74
51143,232.7
92314,232.59
34964,232.52
96443,232.48
86918,232.48
57127,232.48
76472,232.4
86746,232.33
63508,232.17
96174,232.13
88636,232.0
55161,232.0
57117,231.99
64043,231.95
27037,231.93
48745,231.72
55766,231.66
41086,231.51
8653,231.5
79482,231.42
24876,231.42
73759,231.4
98887,231.37
44241,231.34
92013,231.13
75614,231.11
36780,231.08
52294,231.0
79578,231.0
57827,230.99
50012,230.97
85982,230.97
28881,230.95
18542,230.9
58580,230.85
6998,230.82
24092,230.75
87433,230.69
1224,230.68
68586,230.68
15335,230.64
97653,230.49
96555,230.48
42012,230.36
93376,230.25
19033,230.19
23952,230.14
41572,230.0
49229,230.0
66161,230.0
58805,230.0
96771,230.0
56288,230.0
81731,229.99
88898,229.99
41075,229.99
94328,229.99
87599,229.99
13565,229.99
16346,229.99
44889,229.99
59124,229.99
66736,229.99
80818,229.99
92498,229.99
91515,229.98
8094,229.95
51895,229.94
53553,229.94
39605,229.83
52573,229.81
42406,229.75
12863,229.5
89406,229.5
76094,229.5
2986,229.45
20130,229.41
71366,229.41
69687,229.35
49472,229.03
62568,229.0
57876,229.0
89838,229.0
48929,229.0
20618,229.0
45262,229.0
30441,229.0
74048,228.99
74403,228.99
14745,228.99
38456,228.98
11619,228.95
32981,228.9
82441,228.86
34578,228.75
63522,228.69
31853,228.69
26011,228.58
98478,228.5
61424,228.44
17139,228.39
75884,228.14
40412,228.09
37198,228.0
31445,228.0
85487,228.0
38570,228.0
25128,228.0
22127,228.0
79728,228.0
27616,228.0
10033,228.0
39885,228.0
19077,228.0
53306,228.0
76000,228.0
10551,227.99
88316,227.99
58292,227.99
22876,227.97
41867,227.95
26398,227.94
84951,227.94
69426,227.93
11499,227.89
63678,227.88
56019,227.78
61891,227.78
18977,227.54
77221,227.49
54015,227.46
18254,227.45
50220,227.4
42331,227.24
27409,227.22
27751,227.13
47111,227.0
94730,227.0
63818,227.0
42552,226.99
81823,226.99
21457,226.98
87342,226.95
88689,226.94
30332,226.93
13551,226.89
12283,226.83
88405,226.68
26277,226.48
74387,226.45
97493,226.45
3845,226.43
41561,226.33
7933,226.21
60834,226.04
82573,226.0
52920,225.99
10436,225.99
8100,225.99
26628,225.89
14710,225.8
94221,225.78
39292,225.75
65435,225.58
7173,225.57
69237,225.49
95087,225.44
17595,225.44
8433,225.39
74657,225.36
8647,225.27
61198,225.27
19342,225.17
25445,225.12
88444,225.09
96732,225.05
31504,225.03
13617,225.0
54177,225.0
93080,225.0
26029,225.0
87879,225.0
36943,225.0
43951,225.0
73398,225.0
75616,225.0
35273,225.0
9057,225.0
69474,225.0
78549,225.0
55224,225.0
56102,224.99
75075,224.99
7960,224.99
41379,224.99
39201,224.99
73827,224.99
67573,224.99
75056,224.96
80156,224.95
29281,224.95
51313,224.95
8098,224.95
72290,224.95
36752,224.95
27362,224.88
82290,224.8
82962,224.69
42483,224.65
60870,224.53
2897,224.45
51451,224.44
34891,224.44
34274,224.4
10140,224.2
12458,224.0
5548,224.0
8467,224.0
38670,224.0
41934,224.0
83564,223.99
89236,223.97
84277,223.97
35190,223.95
84672,223.95
33372,223.95
74677,223.95
50696,223.94
88191,223.92
6747,223.71
1615,223.67
10074,223.63
57607,223.56
95213,223.53
21526,223.45
38084,223.45
48627,223.45
31262,223.43
33955,223.36
53274,223.34
92661,223.0
55498,223.0
73625,223.0
38104,223.0
43234,222.99
26872,222.99
82460,222.98
81096,222.95
19838,222.9
97718,222.9
55259,222.9
55269,222.8
46700,222.78
23764,222.76
38919,222.72
74654,222.59
32783,222.55
22517,222.5
38751,222.5
40966,222.48
99506,222.44
80027,222.41
44216,222.34
46584,222.23
80542,222.21
41352,222.17
32821,222.16
93404,222.07
7331,222.0
72789,222.0
88129,222.0
56070,221.99
2559,221.99
8352,221.98
11085,221.98
11515,221.98
32073,221.94
50255,221.94
78692,221.94
14063,221.94
55590,221.83
57352,221.8
11371,221.77
66364,221.72
93402,221.64
51836,221.59
57274,221.55
96468,221.44
2770,221.28
78288,221.22
14896,221.11
10779,221.08
42017,221.0
82512,221.0
63196,221.0
93748,220.99
41658,220.99
67487,220.95
35517,220.85
92105,220.82
22253,220.73
17062,220.59
86024,220.49
2522,220.34
93892,220.32
10967,220.09
61444,220.0
73932,220.0
4427,220.0
44745,220.0
61033,220.0
16442,220.0
38222,219.99
35611,219.99
60255,219.99
32286,219.99
23745,219.99
36460,219.98
55568,219.98
37030,219.97
45782,219.97
39171,219.97
43440,219.94
96437,219.93
21078,219.93
33888,219.9
89939,219.9
48556,219.5
22284,219.5
3467,219.5
38430,219.5
10497,219.5
56204,219.49
30025,219.49
97187,219.45
33293,219.39
34553,219.27
30658,219.05
31197,219.0
61562,219.0
97599,219.0
31189,219.0
85208,219.0
32084,219.0
35533,219.0
39065,219.0
36399,218.99
17879,218.99
72144,218.99
84573,218.99
58196,218.98
36984,218.98
45575,218.97
60423,218.95
88385,218.94
53461,218.88
56618,218.87
86948,218.86
81295,218.78
66991,218.6
97987,218.55
12385,218.52
64931,218.5
49369,218.5
25157,218.49
8726,218.49
2280,218.49
84341,218.38
31202,218.38
85637,218.34
99761,218.32
90800,218.2
83443,218.16
90679,218.06
57190,218.0
52624,218.0
46957,218.0
83219,218.0
80828,217.99
57233,217.99
27604,217.99
45417,217.99
10264,217.97
15493,217.95
18,217.94
67205,217.84
43156,217.79
66856,217.78
77375,217.68
36168,217.5
73484,217.5
46512,217.48
60089,217.44
64031,217.38
28351,217.37
20042,217.33
41953,217.28
45077,217.18
72438,217.15
91597,217.05
49960,217.03
91011,217.01
12186,217.0
10751,216.97
24362,216.97
74968,216.96
7913,216.95
5661,216.95
29794,216.94
99151,216.94
13173,216.8
91989,216.6
86284,216.46
70248,216.32
18050,215.97
15615,215.97
99853,215.94
21053,215.93
65448,215.92
25587,215.9
71862,215.9
19215,215.86
56225,215.85
92258,215.8
3846,215.79
20432,215.72
93801,215.69
8074,215.53
54458,215.5
12840,215.49
76315,215.49
45872,215.48
97849,215.44
69931,215.2
35311,215.06
60366,215.0
48017,215.0
22031,215.0
54899,215.0
26882,215.0
74263,215.0
20921,215.0
55833,215.0
49397,215.0
59982,215.0
81818,215.0
17915,215.0
76197,215.0
74220,215.0
19325,214.99
74055,214.99
36554,214.99
26207,214.99
12343,214.99
38106,214.99
95199,214.98
30930,214.95
94940,214.95
9621,214.93
37858,214.92
37950,214.87
10671,214.8
47492,214.79
61056,214.62
53323,214.61
80337,214.56
74085,214.5
84654,214.49
88758,214.49
83592,214.48
33972,214.47
68255,214.45
54795,214.42
18852,214.4
68936,214.38
47586,214.32
6771,214.21
22908,214.2
57549,214.18
53840,214.15
26146,214.09
51891,214.0
46702,214.0
10325,214.0
85663,213.99
59230,213.99
60280,213.96
83915,213.95
44615,213.95
26812,213.95
88346,213.94
57202,213.81
13666,213.81
64000,213.79
24985,213.71
92475,213.7
53248,213.67
96575,213.63
42976,213.6
31959,213.5
92815,213.49
34122,213.45
86430,213.39
17691,213.28
30772,213.19
6023,213.0
26095,213.0
22113,212.99
6338,212.99
56321,212.98
42004,212.97
49335,212.95
39943,212.88
31948,212.87
59569,212.59
37999,212.5
63759,212.5
36046,212.49
43962,212.44
81520,212.43
96601,212.18
82100,212.15
79075,211.99
24126,211.98
18218,211.95
4387,211.94
79596,211.74
33879,211.66
47385,211.59
59347,211.5
89315,211.49
3345,211.49
64490,211.49
71724,211.46
85768,211.46
35677,211.34
84878,211.22
98234,211.19
30160,211.18
2313,211.0
91278,211.0
91420,210.99
75655,210.95
53272,210.94
39157,210.94
53016,210.94
53070,210.9
94673,210.88
9140,210.82
14885,210.5
91825,210.5
59462,210.47
62835,210.42
12406,210.36
88724,210.32
1,210.23
80811,210.22
70187,210.14
19473,210.13
16489,210.0
94807,210.0
50570,210.0
31926,210.0
9693,210.0
37537,210.0
77046,210.0
92326,210.0
92818,210.0
30622,210.0
6043,209.99
24566,209.99
63733,209.99
48812,209.99
40142,209.99
61113,209.98
88547,209.98
23850,209.98
16888,209.95
75415,209.95
55230,209.94
7876,209.93
11786,209.89
91506,209.88
77029,209.79
34131,209.74
43918,209.49
32354,209.48
22310,209.47
91470,209.47
87642,209.45
91045,209.41
61232,209.4
99781,209.3
10842,209.25
11739,209.15
48806,209.05
15634,209.0
9930,209.0
1814,209.0
47095,209.0
93038,209.0
85674,209.0
92306,209.0
65102,209.0
87113,209.0
77668,209.0
60193,208.99
99339,208.99
27373,208.98
47301,208.95
4928,208.95
40285,208.95
421,208.94
92417,208.93
15148,208.91
37316,208.89
68252,208.89
34937,208.82
47666,208.72
99764,208.5
47610,208.49
34682,208.48
20300,208.47
7250,208.47
88673,208.42
97588,208.4
31581,208.34
88041,208.3
91152,208.25
4566,208.24
23074,208.24
10684,208.14
71789,208.12
98782,208.0
73787,208.0
13090,208.0
60633,208.0
49131,208.0
86950,208.0
78633,208.0
81912,207.99
89484,207.99
96915,207.99
28918,207.99
10759,207.99
93233,207.98
4972,207.98
18270,207.96
66734,207.94
36124,207.5
19085,207.5
39136,207.49
33314,207.49
80967,207.49
55232,207.48
60627,207.47
15422,207.47
11800,207.37
33964,207.28
26058,207.05
7510,207.03
12825,207.0
45231,207.0
95594,207.0
19103,206.99
44438,206.99
7598,206.98
14558,206.98
8734,206.95
57211,206.95
83387,206.82
94192,206.78
77647,206.5
77192,206.49
56049,206.49
72977,206.48
16247,206.38
22970,206.24
74781,206.08
8669,206.06
37931,206.0
37634,205.99
97310,205.98
72183,205.97
97827,205.95
74522,205.93
94740,205.82
41439,205.8
38325,205.56
21573,205.5
5313,205.49
68507,205.49
3607,205.49
84874,205.46
5406,205.44
99672,205.43
39997,205.36
82750,205.25
91819,205.13
29237,205.0
53190,205.0
83677,205.0
53311,205.0
29485,205.0
29802,204.99
4665,204.99
30515,204.99
70108,204.99
72501,204.98
24831,204.98
97271,204.98
5748,204.98
4882,204.97
91268,204.96
48039,204.95
58081,204.95
10208,204.95
26934,204.94
75676,204.9
52859,204.89
96688,204.87
16278,204.87
52538,204.87
7180,204.68
67077,204.66
40622,204.58
30427,204.49
42667,204.44
47754,204.28
41347,204.12
94048,204.03
88559,204.0
30802,204.0
92542,204.0
88080,203.99
95536,203.99
35330,203.99
4285,203.96
68922,203.95
82223,203.94
84313,203.94
86306,203.94
48992,203.92
41099,203.7
7702,203.61
45474,203.57
14285,203.55
94371,203.5
77209,203.44
95467,203.33
53123,203.27
16041,203.03
49401,203.0
73246,203.0
21997,203.0
30100,203.0
71177,203.0
34428,203.0
239,202.99
86185,202.99
29347,202.99
41791,202.99
965,202.99
99654,202.98
90609,202.95
7604,202.94
72060,202.94
70193,202.91
53990,202.9
18607,202.75
25480,202.73
14397,202.68
49596,202.67
86307,202.61
35686,202.55
91712,202.51
45064,202.49
64502,202.45
50936,202.4
35794,202.4
20630,202.4
39565,202.4
61777,202.35
50513,202.23
85002,202.23
84602,202.2
95047,202.09
14780,202.0
63607,202.0
29086,202.0
67135,202.0
94746,202.0
48735,202.0
82239,201.99
94958,201.99
35280,201.99
71311,201.99
947,201.99
32117,201.98
29374,201.97
34722,201.97
14442,201.95
60705,201.95
44760,201.95
91203,201.94
99586,201.94
63625,201.9
77297,201.89
58284,201.89
94573,201.78
30669,201.69
40665,201.69
3212,201.65
98303,201.55
91441,201.5
49384,201.5
52402,201.49
81771,201.43
29345,201.22
7326,201.2
14497,201.15
95095,201.0
94340,201.0
29714,201.0
30685,200.99
48290,200.99
58247,200.97
13813,200.95
40136,200.91
92458,200.91
16970,200.9
59896,200.87
67417,200.7
76182,200.65
36231,200.6
75734,200.58
66253,200.44
84779,200.36
17101,200.31
16937,200.27
99418,200.25
99214,200.21
31872,200.2
17713,200.15
50363,200.02
13002,200.0
19032,200.0
59463,200.0
89441,200.0
46581,200.0
62278,200.0
38259,200.0
76317,200.0
83963,200.0
41059,200.0
82625,200.0
76688,200.0
79446,200.0
93795,199.99
12822,199.99
99784,199.99
5325,199.99
50189,199.99
14580,199.99
50535,199.99
2052,199.99
9575,199.99
14788,199.99
29707,199.99
70647,199.99
51468,199.99
63107,199.99
6447,199.99
49055,199.99
91261,199.98
5408,199.98
76649,199.97
82174,199.96
1781,199.95
72325,199.95
77474,199.95
33625,199.95
98475,199.95
85297,199.95
72629,199.95
74815,199.95
30694,199.94
90010,199.94
9117,199.93
50949,199.91
98861,199.9
96075,199.86
47042,199.76
53375,199.75
3834,199.68
41525,199.68
65060,199.57
8116,199.5
43851,199.5
52719,199.49
76766,199.45
29509,199.06
88897,199.04
71765,199.0
22181,199.0
89930,199.0
66408,199.0
88333,199.0
72390,199.0
87241,199.0
75795,199.0
73660,199.0
3401,199.0
20545,199.0
99739,199.0
42163,199.0
42833,199.0
23784,199.0
31074,199.0
92747,199.0
21090,199.0
47036,199.0
63594,199.0
96637,199.0
30539,199.0
58934,199.0
52685,199.0
49018,199.0
36148,199.0
64564,198.99
9167,198.99
5545,198.99
20534,198.98
97586,198.96
88123,198.95
33673,198.95
87726,198.94
66835,198.94
51431,198.94
36888,198.94
25627,198.93
48132,198.9
58520,198.81
65063,198.8
63388,198.75
4449,198.63
68429,198.5
80874,198.49
54926,198.48
88597,198.43
73722,198.33
39603,198.08
19438,198.0
38000,198.0
94326,198.0
90622,198.0
86408,198.0
77514,198.0
95063,198.0
95606,198.0
96457,198.0
43824,198.0
29692,198.0
15801,198.0
97688,198.0
98379,198.0
85518,198.0
42999,198.0
31073,198.0
64482,198.0
17736,198.0
43371,198.0
49015,198.0
41204,198.0
14702,198.0
16357,198.0
75765,198.0
26134,198.0
71426,198.0
68509,198.0
49421,198.0
52603,198.0
724,198.0
12126,198.0
7317,198.0
54644,198.0
21236,198.0
25266,198.0
67800,198.0
79342,198.0
66979,198.0
65562,198.0
61919,198.0
2136,198.0
35614,198.0
1383,198.0
61690,198.0
56201,198.0
56823,198.0
6733,198.0
61531,198.0
41036,198.0
40005,198.0
24318,198.0
30372,197.99
3374,197.99
36755,197.99
65065,197.98
39393,197.98
72403,197.95
56716,197.95
57799,197.94
45171,197.92
41436,197.88
87372,197.88
73783,197.74
24915,197.63
20726,197.6
87185,197.52
14119,197.5
41688,197.5
85649,197.5
98408,197.5
65933,197.45
14677,197.37
19618,197.37
69059,197.2
86192,197.2
56982,197.17
42591,197.15
84720,197.13
37718,197.12
25203,197.0
37049,197.0
51855,197.0
76352,197.0
92287,196.99
1943,196.99
2003,196.98
47987,196.95
58765,196.94
33379,196.93
60740,196.89
8170,196.8
71489,196.74
32138,196.66
54815,196.6
62044,196.6
81362,196.48
13911,196.43
64294,196.43
25888,196.43
51914,196.41
79295,196.33
56784,196.21
44355,196.18
44702,196.18
30422,196.18
70354,196.18
90222,196.18
62986,196.17
53439,196.0
60889,196.0
55846,196.0
56746,196.0
20544,196.0
56424,196.0
69037,195.99
21160,195.99
18458,195.99
24766,195.99
73507,195.99
58121,195.99
8277,195.99
81116,195.95
69281,195.9
25694,195.87
87451,195.75
93054,195.72
2354,195.56
63049,195.0
88864,195.0
22829,195.0
17696,195.0
1921,195.0
7662,195.0
93068,195.0
93651,195.0
37804,195.0
30103,195.0
44968,195.0
63374,195.0
46913,194.99
99256,194.99
28193,194.98
69585,194.97
7808,194.97
88957,194.95
51170,194.94
59449,194.92
89815,194.9
69760,194.87
843,194.86
38478,194.84
86580,194.82
15566,194.75
16519,194.6
47379,194.52
63528,194.5
73689,194.5
92699,194.49
82997,194.47
94933,194.45
33724,194.45
76486,194.44
75416,194.31
17202,194.27
91055,194.16
32057,194.15
48286,194.11
54939,194.06
73348,194.01
95576,194.0
34637,194.0
86031,194.0
47684,194.0
94033,194.0
23690,194.0
34011,194.0
92340,194.0
56485,194.0
81240,194.0
71099,194.0
48195,194.0
67625,194.0
21112,193.99
36691,193.99
50639,193.99
76666,193.98
22853,193.96
11496,193.96
63345,193.95
91628,193.95
8292,193.95
88429,193.95
12356,193.95
48759,193.95
49577,193.93
26419,193.9
78327,193.9
31791,193.7
43533,193.6
18006,193.56
80402,193.52
88715,193.5
31176,193.49
68982,193.45
72024,193.42
20082,193.4
6957,193.39
83858,193.28
74336,193.27
46797,193.11
25358,193.1
36745,193.08
92631,193.0
8070,193.0
80606,193.0
78245,193.0
77637,193.0
65647,192.99
52429,192.99
90118,192.99
41109,192.99
34567,192.99
61819,192.98
46663,192.97
59023,192.95
12387,192.95
54814,192.93
14337,192.9
49429,192.74
17251,192.74
90038,192.72
11973,192.63
97601,192.48
96338,192.44
47520,192.35
96192,192.19
37300,192.12
9504,192.09
1642,192.0
9630,192.0
79215,192.0
3358,192.0
20859,192.0
50383,192.0
62309,191.99
66551,191.99
99458,191.98
8109,191.95
10145,191.94
74641,191.93
81077,191.89
94516,191.75
16353,191.71
49614,191.69
94836,191.65
32974,191.63
28848,191.6
95259,191.54
84161,191.5
76960,191.43
86082,191.37
65958,191.37
57250,191.35
39381,191.32
84259,191.25
68400,191.16
35973,191.09
3261,191.09
5815,191.0
57577,191.0
50373,190.99
41770,190.98
94016,190.96
41854,190.96
16215,190.9
6904,190.78
49907,190.76
68324,190.71
77692,190.61
50830,190.61
69322,190.58
35779,190.42
24310,190.37
10018,190.22
48717,190.2
11988,190.16
45950,190.08
52195,190.01
76274,190.0
86326,190.0
48574,190.0
995,190.0
88332,190.0
39947,190.0
95795,190.0
67977,190.0
55752,190.0
4448,190.0
88013,190.0
96110,190.0
21141,190.0
42711,190.0
7555,190.0
37193,190.0
29998,190.0
37708,189.99
52298,189.99
99172,189.99
37175,189.99
67833,189.99
79965,189.99
11770,189.99
80260,189.98
93472,189.98
60595,189.96
7490,189.95
97539,189.95
71667,189.95
21411,189.95
9950,189.95
77833,189.94
80300,189.94
67063,189.94
74953,189.94
56008,189.94
45373,189.89
30831,189.89
70238,189.88
5139,189.87
95935,189.87
99745,189.68
77181,189.52
78916,189.5
91671,189.5
35762,189.5
95972,189.5
63778,189.5
52357,189.48
74956,189.28
75424,189.25
85586,189.15
22200,189.01
7202,189.0
56480,189.0
7888,189.0
92983,189.0
24522,189.0
6237,189.0
60584,189.0
4694,189.0
52711,189.0
55452,189.0
38198,189.0
82482,189.0
72617,189.0
39723,189.0
43567,189.0
59129,189.0
39974,189.0
71528,189.0
94590,189.0
76002,189.0
63152,189.0
94357,189.0
54211,189.0
80723,189.0
59335,188.99
86532,188.99
4599,188.99
58397,188.99
970,188.98
71326,188.98
3957,188.97
28785,188.97
86351,188.96
75410,188.95
65317,188.94
73524,188.92
70024,188.9
21728,188.9
32902,188.88
18969,188.75
64396,188.68
54385,188.64
75284,188.62
25250,188.59
67630,188.59
87502,188.56
51903,188.49
5415,188.47
73426,188.42
76332,188.42
82499,188.4
61763,188.35
2115,188.25
83467,188.14
93584,188.03
27787,188.0
95686,188.0
95109,188.0
78905,188.0
76943,188.0
70856,188.0
72083,188.0
61640,188.0
55996,188.0
25175,188.0
52446,188.0
17620,188.0
97011,188.0
54900,188.0
49904,188.0
17584,187.99
1147,187.99
80718,187.99
34119,187.99
35144,187.98
49806,187.98
18636,187.98
69440,187.95
29159,187.95
10255,187.95
50449,187.94
22812,187.92
9719,187.92
99954,187.85
1774,187.8
45079,187.8
74949,187.74
19280,187.74
30491,187.6
79335,187.6
48433,187.52
18693,187.5
50108,187.49
52495,187.45
67247,187.45
14372,187.41
21097,187.33
8489,187.25
2832,187.25
98552,187.22
27355,187.21
51305,187.16
20554,187.1
23393,187.0
49373,187.0
76362,187.0
5524,187.0
24319,186.99
37642,186.99
87031,186.98
17124,186.97
72164,186.95
86864,186.95
88500,186.93
93418,186.9
72095,186.85
14982,186.85
68920,186.82
79518,186.74
93955,186.6
16388,186.54
80284,186.5
84074,186.37
24339,186.37
6884,186.3
44158,186.24
24492,186.0
19383,186.0
69590,186.0
48986,186.0
92744,186.0
25935,186.0
96223,186.0
40519,186.0
71846,186.0
20649,185.99
61758,185.99
10977,185.98
90590,185.98
39455,185.95
4722,185.93
9631,185.89
65797,185.75
6958,185.72
6570,185.67
53082,185.58
86102,185.5
6638,185.44
20823,185.42
48743,185.41
88951,185.39
60070,185.19
47589,185.16
8016,185.09
54551,185.05
99589,185.0
37039,185.0
35426,185.0
26650,185.0
47280,185.0
24667,185.0
50404,185.0
83922,185.0
27874,184.99
6633,184.99
98228,184.99
90394,184.99
83123,184.99
36850,184.98
18147,184.98
59545,184.97
27596,184.95
90961,184.94
92205,184.93
35291,184.93
72323,184.9
19642,184.9
52792,184.74
37205,184.73
94387,184.72
16356,184.72
15979,184.63
69385,184.61
19368,184.55
37157,184.53
40553,184.49
32098,184.49
74592,184.45
34266,184.41
16164,184.38
29617,184.37
55,184.18
9294,184.14
15210,184.08
13836,184.02
22664,184.0
5223,184.0
87901,184.0
13185,184.0
52761,183.99
39073,183.99
16892,183.99
76854,183.99
38244,183.99
62491,183.99
22117,183.99
25150,183.99
32615,183.98
8834,183.97
11448,183.95
38026,183.95
68614,183.94
4291,183.92
17012,183.91
89524,183.91
67463,183.75
65181,183.75
73387,183.75
91963,183.75
80269,183.63
69517,183.43
6873,183.43
68202,183.39
93036,183.37
14296,183.12
26307,183.06
81409,183.0
47599,183.0
98324,183.0
71665,183.0
71616,183.0
41996,182.99
49080,182.99
45159,182.99
21639,182.98
45791,182.98
84214,182.96
22953,182.95
76584,182.95
12285,182.95
3302,182.73
9365,182.71
17249,182.54
82029,182.5
57562,182.49
30861,182.45
41085,182.44
24361,182.44
36503,182.39
37504,182.38
61455,182.35
50694,182.3
13395,182.24
6085,182.22
82915,182.17
43988,182.1
38656,182.0
79209,182.0
76293,182.0
8110,182.0
32051,182.0
55095,182.0
33823,182.0
69103,182.0
65779,182.0
92099,181.99
377,181.99
36262,181.99
48880,181.99
72927,181.95
57762,181.94
58521,181.91
31734,181.85
36429,181.75
45776,181.68
40865,181.51
2829,181.5
62673,181.5
8898,181.5
39379,181.44
93069,181.4
3129,181.24
17528,181.17
97444,181.13
81206,181.01
40521,181.0
2960,180.99
34914,180.99
86356,180.99
78795,180.99
12104,180.97
47621,180.95
3441,180.91
41238,180.72
63943,180.63
84025,180.49
59324,180.49
14042,180.48
19145,180.45
27184,180.45
31758,180.44
85230,180.43
10280,180.43
16634,180.41
15736,180.33
32141,180.29
9405,180.2
2133,180.1
91868,180.03
88812,180.03
26951,180.0
92676,180.0
73500,180.0
81018,180.0
68690,180.0
95526,180.0
98663,180.0
5947,180.0
65043,180.0
58852,180.0
54208,180.0
12780,180.0
40021,180.0
82247,180.0
47281,180.0
50848,180.0
40427,180.0
37197,180.0
53939,179.99
13996,179.99
38160,179.99
45142,179.99
74142,179.99
84743,179.99
78202,179.99
50476,179.99
24666,179.99
26173,179.98
15928,179.98
86225,179.98
46001,179.97
46922,179.96
41399,179.96
75858,179.96
5796,179.95
12914,179.95
71180,179.95
43454,179.95
51250,179.95
37995,179.95
29611,179.95
12273,179.95
29381,179.94
33361,179.94
23380,179.9
71551,179.9
6740,179.64
54822,179.5
29155,179.5
35241,179.5
83140,179.5
56680,179.49
28980,179.49
52476,179.49
79154,179.49
29341,179.45
18174,179.44
76501,179.4
7647,179.25
33309,179.25
48425,179.21
41948,179.21
59960,179.21
99175,179.12
70010,179.1
43943,179.1
79202,179.06
91326,179.0
28942,179.0
59121,179.0
59055,179.0
7140,179.0
31405,179.0
72851,179.0
15638,179.0
16880,179.0
77666,179.0
8572,179.0
3461,179.0
9518,179.0
10561,179.0
35966,179.0
82771,179.0
37984,179.0
87095,179.0
30007,179.0
18938,179.0
48552,179.0
97023,179.0
28970,179.0
19308,179.0
42599,179.0
37093,178.99
85863,178.99
67000,178.98
51937,178.97
94128,178.97
43646,178.96
73501,178.95
82110,178.95
43078,178.92
90384,178.9
93388,178.8
41528,178.79
41898,178.76
98608,178.7
4264,178.59
7934,178.5
62527,178.5
43449,178.49
78021,178.35
50280,178.3
32449,178.25
31970,178.25
66764,178.19
11267,178.12
75512,178.12
89566,178.09
18753,178.0
83893,178.0
57661,178.0
39251,178.0
62896,178.0
57311,178.0
9465,178.0
55388,178.0
29100,178.0
99529,178.0
62638,178.0
4332,178.0
12805,178.0
97089,178.0
1266,178.0
86094,178.0
19279,178.0
71966,178.0
25581,178.0
98754,178.0
26346,178.0
69653,178.0
81254,178.0
21648,178.0
56100,178.0
51626,178.0
20079,177.99
51238,177.99
10055,177.99
30253,177.99
94773,177.99
61466,177.99
63125,177.99
8398,177.97
96244,177.95
61085,177.95
20825,177.94
66930,177.93
45023,177.86
15001,177.84
79959,177.69
84856,177.63
52827,177.57
99816,177.5
56494,177.5
50843,177.49
15685,177.49
58501,177.48
29134,177.47
3778,177.46
85834,177.44
9028,177.42
54380,177.41
99872,177.37
72147,177.36
175,177.35
70076,177.25
56573,177.23
33134,177.2
56868,177.16
22619,177.07
57744,177.04
4873,177.01
67481,177.0
89526,177.0
14458,176.99
92558,176.99
5907,176.98
62125,176.98
4644,176.98
84294,176.97
90864,176.97
87395,176.95
6792,176.95
12848,176.95
85522,176.94
33798,176.89
63141,176.89
28190,176.89
25996,176.88
16606,176.87
20413,176.83
49494,176.63
88177,176.58
43185,176.58
28379,176.56
34237,176.56
35197,176.56
51710,176.52
75857,176.51
30487,176.5
85169,176.5
66601,176.48
39514,176.44
46345,176.44
30267,176.39
77035,176.31
25023,176.17
14346,176.17
49153,176.05
6934,176.0
26793,176.0
99687,176.0
73835,176.0
43309,176.0
70266,176.0
69145,176.0
61474,176.0
27219,176.0
59043,176.0
89973,176.0
1125,176.0
17567,176.0
20046,175.99
52549,175.98
20154,175.95
79451,175.94
39848,175.9
31795,175.9
46733,175.9
57067,175.88
89149,175.87
17535,175.87
35237,175.71
54514,175.68
58042,175.55
18325,175.51
58028,175.5
3733,175.49
63206,175.48
95035,175.44
1612,175.37
52458,175.33
90390,175.24
2725,175.24
27953,175.08
50004,175.08
67721,175.02
13234,175.0
1683,175.0
45704,175.0
63924,175.0
20338,175.0
70678,175.0
56603,175.0
38821,175.0
20967,175.0
23002,175.0
88175,175.0
33143,175.0
24867,175.0
99791,175.0
12961,175.0
89189,175.0
99460,175.0
28057,175.0
99665,175.0
3200,174.99
64800,174.99
3234,174.99
35056,174.99
99341,174.99
24372,174.99
6696,174.99
8896,174.99
77943,174.99
53061,174.98
3179,174.98
78945,174.98
22269,174.98
30740,174.98
60565,174.97
18984,174.95
41299,174.95
32011,174.95
83374,174.95
90912,174.94
78865,174.94
21478,174.93
19285,174.92
77225,174.88
75255,174.86
95700,174.85
67377,174.78
4445,174.78
70126,174.75
4207,174.63
35218,174.5
83928,174.5
41878,174.48
97429,174.45
47539,174.45
22840,174.45
29194,174.44
85482,174.28
32792,174.14
7297,174.12
57061,174.0
90964,174.0
71739,174.0
3313,174.0
51627,173.99
65228,173.99
49370,173.99
97046,173.97
27353,173.95
77880,173.95
391,173.95
42132,173.94
32747,173.94
82891,173.94
64188,173.94
91514,173.92
92731,173.85
10423,173.73
80285,173.72
90799,173.5
60545,173.5
54457,173.45
21114,173.35
93138,173.17
49804,173.04
29765,173.01
27251,173.0
45595,172.99
9512,172.99
89128,172.99
74206,172.98
62536,172.98
7950,172.94
2159,172.89
45009,172.87
62061,172.81
28747,172.78
23589,172.75
85257,172.58
14846,172.5
79713,172.42
31974,172.41
48417,172.36
46780,172.3
10547,172.28
41220,172.22
63866,172.22
59725,172.2
12729,172.2
67334,172.2
75166,172.17
6590,172.16
50846,172.13
47855,172.12
54443,172.11
82864,172.05
66787,172.0
65909,172.0
19143,172.0
70361,172.0
17498,172.0
72122,172.0
16800,172.0
9733,172.0
11646,172.0
97550,172.0
48683,172.0
68644,172.0
33055,172.0
3504,172.0
92537,172.0
40964,172.0
24826,172.0
28054,171.99
84506,171.99
63408,171.99
14158,171.99
92896,171.98
95220,171.96
73690,171.96
11454,171.95
60679,171.94
40612,171.9
83812,171.89
38173,171.89
76484,171.87
92540,171.85
25413,171.84
18309,171.81
50036,171.7
14956,171.64
90738,171.5
95894,171.5
66302,171.49
73874,171.48
60968,171.37
14008,171.3
59378,171.16
81031,171.11
79950,171.09
17883,171.09
40280,171.0
11306,171.0
84315,171.0
79325,171.0
23154,171.0
72861,171.0
6122,171.0
34505,170.99
25979,170.99
24021,170.99
60428,170.98
58376,170.98
28295,170.98
55217,170.98
612,170.98
19168,170.97
28041,170.96
31097,170.95
40758,170.95
1963,170.92
67523,170.9
35650,170.8
93334,170.79
8247,170.57
9532,170.5
81654,170.5
39547,170.5
21764,170.48
49567,170.46
37915,170.44
34410,170.43
72908,170.32
90957,170.3
96227,170.25
87532,170.25
49321,170.25
44958,170.22
25937,170.17
9695,170.1
2877,170.01
1199,170.0
1401,170.0
68642,170.0
23316,170.0
86020,170.0
46621,170.0
14571,170.0
56108,170.0
12768,170.0
63134,170.0
81487,170.0
467,170.0
54328,170.0
97211,170.0
35953,170.0
79343,169.99
98796,169.99
33963,169.99
59317,169.99
38204,169.99
66092,169.99
31447,169.99
39148,169.99
37503,169.99
92533,169.99
25212,169.99
16762,169.99
34150,169.99
13869,169.99
15322,169.99
63606,169.99
7423,169.99
3948,169.99
19816,169.99
90727,169.99
41491,169.99
15458,169.98
12027,169.98
19054,169.98
64857,169.97
53691,169.96
68698,169.95
95757,169.95
89100,169.95
69823,169.95
50504,169.95
30356,169.95
83745,169.95
96274,169.95
98718,169.94
71362,169.93
31781,169.71
25201,169.58
3427,169.54
13279,169.53
5739,169.5
33607,169.5
91672,169.5
82700,169.5
38743,169.5
27,169.5
68435,169.5
74374,169.49
33086,169.49
27925,169.49
15076,169.49
84219,169.48
42413,169.45
80325,169.45
81308,169.45
76659,169.4
63694,169.38
8035,169.34
59672,169.24
75767,169.23
46571,169.18
54848,169.17
45172,169.15
30373,169.09
20949,169.09
74590,169.0
60286,169.0
72123,169.0
104,169.0
96562,169.0
3409,169.0
95243,169.0
93344,169.0
92748,169.0
90354,169.0
86986,169.0
79685,169.0
79640,169.0
6770,169.0
78141,169.0
77055,169.0
13985,169.0
75159,169.0
20402,169.0
74643,169.0
20538,169.0
21703,169.0
71375,169.0
67569,169.0
27920,169.0
66686,169.0
29239,169.0
66515,169.0
30794,169.0
34432,169.0
65759,169.0
37241,169.0
59738,169.0
58443,169.0
44880,169.0
58240,169.0
47575,169.0
50087,169.0
50172,169.0
55357,169.0
57408,169.0
25604,169.0
55738,169.0
34536,169.0
82942,168.99
28844,168.99
60972,168.99
65392,168.98
68041,168.98
91070,168.98
25865,168.98
39839,168.96
4513,168.95
357,168.95
27667,168.95
64974,168.95
34725,168.94
2583,168.93
61233,168.92
28957,168.89
46183,168.87
20555,168.84
27753,168.83
19486,168.78
92726,168.73
5158,168.7
21868,168.68
10425,168.56
23503,168.52
58439,168.51
1283,168.5
8862,168.49
10627,168.48
82661,168.45
37796,168.37
60690,168.24
54598,168.21
31401,168.2
87890,168.19
49879,168.19
49205,168.17
22710,168.1
60645,168.08
74880,168.06
32858,168.0
98064,168.0
65692,168.0
24098,168.0
57678,168.0
52800,168.0
41077,168.0
78243,168.0
30294,168.0
29772,168.0
88778,168.0
16695,168.0
86323,168.0
22149,168.0
88725,168.0
96971,168.0
62590,168.0
37437,167.99
12938,167.98
80091,167.97
62532,167.97
54225,167.95
27120,167.95
15994,167.95
46447,167.94
93409,167.88
35887,167.88
61349,167.64
51203,167.59
11049,167.5
38502,167.49
19715,167.49
67253,167.46
30409,167.44
98289,167.27
50891,167.25
75452,167.13
41961,167.0
72441,167.0
53925,167.0
63921,167.0
76863,167.0
34351,167.0
1244,167.0
92823,167.0
84175,167.0
75100,167.0
44111,166.99
44959,166.99
34145,166.99
39817,166.98
10718,166.98
31683,166.97
55391,166.95
44479,166.94
79072,166.94
34667,166.94
30596,166.92
76350,166.92
68222,166.91
774,166.89
21485,166.73
66638,166.63
73473,166.58
2383,166.5
36568,166.5
28447,166.49
10788,166.49
17274,166.47
68820,166.45
6645,166.45
65579,166.44
64351,166.41
12541,166.3
38569,166.12
82203,166.11
49011,166.1
37188,166.05
7967,166.0
89586,166.0
99498,166.0
38512,166.0
81388,166.0
43493,165.99
89075,165.99
28332,165.99
34830,165.99
91831,165.99
79134,165.98
45984,165.98
57320,165.96
26217,165.95
42084,165.94
49109,165.9
28759,165.8
75275,165.6
28149,165.46
17617,165.46
44731,165.36
61470,165.24
32397,165.22
94742,165.16
95503,165.16
59364,165.12
58905,165.11
45941,165.11
46114,165.1
97398,165.07
87053,165.06
25894,165.02
52989,165.0
6452,165.0
99830,165.0
96008,165.0
92234,165.0
5645,165.0
8239,165.0
8312,165.0
10433,165.0
13781,165.0
26856,165.0
42314,165.0
64435,165.0
65960,165.0
84462,165.0
89112,165.0
91620,165.0
84982,164.99
75547,164.99
42445,164.99
97770,164.99
58849,164.99
13895,164.99
85371,164.99
26983,164.98
28613,164.98
17125,164.95
92622,164.95
3366,164.95
88135,164.95
38837,164.95
21617,164.95
13205,164.95
22703,164.94
40560,164.94
5875,164.94
14237,164.94
38883,164.93
90043,164.93
42109,164.93
36339,164.92
50929,164.92
47406,164.85
69615,164.81
28075,164.69
83881,164.64
7845,164.5
86333,164.5
57523,164.5
61719,164.5
19749,164.49
95533,164.41
51723,164.3
41691,164.3
21282,164.29
23462,164.27
41215,164.06
41420,164.0
75859,164.0
18784,164.0
71147,164.0
54181,164.0
6599,164.0
45876,164.0
91688,164.0
75522,164.0
58686,164.0
55341,163.99
2386,163.99
11686,163.99
81037,163.98
93278,163.96
19071,163.95
52261,163.94
43657,163.93
68746,163.9
84369,163.84
17636,163.84
51091,163.84
47454,163.83
23595,163.8
28748,163.76
86980,163.72
10781,163.64
6289,163.64
97012,163.61
61075,163.54
43096,163.51
1616,163.49
27386,163.48
95407,163.47
31829,163.42
81153,163.42
69011,163.4
37016,163.3
29323,163.3
23857,163.26
40203,163.06
13354,163.03
61886,163.02
85024,163.0
8011,163.0
90839,163.0
62700,163.0
36797,163.0
84927,163.0
73921,163.0
83241,163.0
61028,163.0
86209,163.0
51692,163.0
34309,163.0
24585,163.0
78759,162.99
17344,162.99
33592,162.99
73876,162.99
56665,162.99
70072,162.98
38320,162.98
30989,162.94
70355,162.84
22020,162.82
60239,162.8
40322,162.69
54778,162.64
61595,162.58
35596,162.52
68561,162.5
54212,162.5
31838,162.5
8257,162.5
20423,162.5
52158,162.5
54381,162.5
67655,162.49
31334,162.49
98774,162.48
38840,162.48
44803,162.42
69725,162.39
14560,162.28
75448,162.28
30923,162.22
84065,162.02
66697,162.0
5253,162.0
63925,162.0
37027,162.0
28136,162.0
38575,162.0
12744,162.0
7472,162.0
44846,161.99
21017,161.99
76439,161.98
25955,161.98
16069,161.97
4937,161.95
55601,161.95
66830,161.95
81088,161.94
44153,161.9
15195,161.82
94974,161.74
66251,161.74
90462,161.7
37022,161.56
40263,161.54
67190,161.5
1571,161.5
18379,161.5
44459,161.5
94171,161.48
82741,161.44
97351,161.41
69718,161.34
32465,161.22
98609,161.18
31217,161.12
73353,161.08
80332,161.02
30859,161.0
95998,161.0
9722,161.0
26336,161.0
83823,161.0
28598,160.99
64988,160.99
95487,160.98
81230,160.98
33153,160.95
50737,160.94
77732,160.9
40812,160.88
87492,160.86
47988,160.54
78403,160.48
26808,160.48
54074,160.45
53034,160.4
30402,160.24
8763,160.2
52258,160.2
79566,160.1
76814,160.07
95630,160.01
6498,160.0
24179,160.0
8811,160.0
59277,160.0
5137,160.0
12316,160.0
24091,160.0
1905,160.0
35033,160.0
45809,160.0
46744,160.0
31480,160.0
48167,160.0
55293,160.0
1313,160.0
56148,160.0
63445,160.0
67634,160.0
74836,160.0
76059,160.0
161,160.0
76245,160.0
92146,160.0
21391,160.0
93735,160.0
54004,160.0
7791,160.0
72654,159.99
64911,159.99
40726,159.99
97141,159.99
88348,159.99
30716,159.99
19981,159.99
61259,159.99
4028,159.99
90748,159.98
7824,159.98
6175,159.98
56015,159.98
50144,159.97
29387,159.95
25422,159.95
51330,159.95
77250,159.95
29774,159.95
34658,159.95
39615,159.95
85868,159.95
14242,159.95
37500,159.94
54252,159.94
15690,159.94
79605,159.93
80771,159.93
44512,159.92
68633,159.9
62507,159.88
69767,159.86
80076,159.8
32013,159.71
12930,159.69
38311,159.65
34105,159.64
4736,159.6
31833,159.6
77598,159.5
53746,159.5
87529,159.5
64278,159.49
33149,159.49
14457,159.49
58683,159.45
9906,159.45
53271,159.45
58856,159.44
62045,159.24
35486,159.21
5330,159.2
31083,159.17
3503,159.15
96886,159.14
98738,159.0
6796,159.0
80991,159.0
80303,159.0
87311,159.0
73123,159.0
25420,159.0
69332,159.0
59035,159.0
80929,159.0
48976,159.0
15292,159.0
85330,159.0
14602,159.0
8260,159.0
83605,159.0
56343,158.99
26257,158.98
95523,158.98
5662,158.97
70995,158.93
69224,158.92
12819,158.87
36215,158.87
32971,158.87
42647,158.75
58502,158.64
49444,158.6
40484,158.59
74847,158.58
63642,158.55
11859,158.53
88572,158.5
12370,158.48
71753,158.4
99117,158.33
4228,158.28
2306,158.27
23836,158.1
96955,158.0
48446,158.0
97334,158.0
98164,158.0
35623,158.0
58428,158.0
59487,158.0
34191,158.0
43959,158.0
56435,158.0
54022,158.0
30093,158.0
91934,158.0
27837,158.0
97935,158.0
24884,158.0
38881,158.0
94582,158.0
23248,158.0
94039,158.0
88063,158.0
53895,158.0
84414,158.0
17625,158.0
81149,158.0
50088,158.0
72975,158.0
52,158.0
71529,158.0
68699,158.0
83003,158.0
47336,158.0
64981,158.0
63816,158.0
61021,158.0
12417,158.0
11014,158.0
4199,158.0
60576,158.0
9369,158.0
9131,158.0
60540,158.0
60197,158.0
6690,158.0
5558,158.0
50044,158.0
49251,158.0
12642,158.0
59064,158.0
47007,157.99
59196,157.99
24277,157.99
98204,157.99
56258,157.99
7707,157.98
15180,157.98
76130,157.96
27306,157.95
650,157.94
9194,157.94
8015,157.94
3342,157.94
94009,157.94
67578,157.93
6650,157.91
67263,157.9
49628,157.81
48850,157.72
27211,157.51
49119,157.5
30337,157.5
79026,157.5
19887,157.5
28029,157.5
51849,157.5
49502,157.5
89530,157.5
26436,157.5
91513,157.49
37959,157.49
34040,157.48
39639,157.4
66758,157.29
10802,157.29
30606,157.09
58958,157.0
87330,156.99
10924,156.99
48939,156.99
98870,156.98
77352,156.96
15432,156.95
11482,156.95
31782,156.9
18888,156.85
64162,156.84
99789,156.84
19974,156.82
15157,156.71
80890,156.61
59812,156.53
20553,156.51
42129,156.5
979,156.5
89589,156.49
56281,156.49
61696,156.3
80551,156.23
34934,156.21
13800,156.18
39226,156.15
49761,156.0
26694,156.0
65007,156.0
44498,155.99
42062,155.99
54,155.99
86067,155.99
50353,155.98
86652,155.96
65727,155.95
80644,155.95
57886,155.95
47144,155.94
25299,155.9
44974,155.72
79369,155.7
59386,155.58
73043,155.53
42120,155.51
86671,155.5
64755,155.5
23010,155.5
48582,155.5
86458,155.47
4635,155.45
85544,155.35
43650,155.35
22774,155.34
27921,155.25
43916,155.14
15730,155.01
59204,155.01
48389,155.0
37635,155.0
9163,155.0
6029,155.0
34719,155.0
53113,155.0
56169,155.0
1235,155.0
18026,155.0
32599,155.0
251,155.0
92178,155.0
6192,155.0
54355,155.0
96332,155.0
49378,155.0
91893,155.0
77387,155.0
69188,155.0
10381,155.0
40172,154.99
65478,154.99
1445,154.99
36027,154.99
38051,154.99
43980,154.99
3882,154.99
78451,154.99
31274,154.99
25259,154.99
23437,154.99
96309,154.98
87065,154.98
66290,154.98
36421,154.96
8476,154.95
6013,154.95
78972,154.94
29414,154.94
39721,154.94
44371,154.94
30824,154.94
17847,154.94
49043,154.9
93527,154.82
46455,154.72
8019,154.67
16499,154.65
9617,154.6
57429,154.56
48719,154.5
34068,154.5
42106,154.5
2191,154.5
19745,154.49
20665,154.49
17178,154.49
84387,154.45
73778,154.45
51274,154.44
61052,154.44
26874,154.41
96522,154.4
88489,154.38
90652,154.33
43333,154.29
99087,154.17
82634,154.06
49414,154.0
13819,154.0
23363,154.0
97510,154.0
43799,154.0
16475,154.0
14996,154.0
18302,153.99
15869,153.99
23426,153.99
56710,153.99
9348,153.97
72176,153.95
68221,153.95
95369,153.95
87870,153.95
71079,153.95
28908,153.95
79555,153.94
77594,153.94
2347,153.94
37102,153.94
89061,153.94
85276,153.93
27044,153.91
36058,153.9
18130,153.87
41473,153.6
50992,153.58
90152,153.51
96193,153.46
56999,153.4
14410,153.4
78560,153.4
3321,153.37
35709,153.15
48510,153.0
7070,153.0
75556,153.0
29511,153.0
3612,152.99
81538,152.99
2831,152.99
40026,152.98
53432,152.96
53994,152.95
74000,152.95
40495,152.95
3195,152.95
27132,152.94
64586,152.94
98185,152.93
3485,152.9
10233,152.87
52223,152.84
28858,152.79
87321,152.77
92046,152.76
84197,152.73
64373,152.73
51703,152.72
23192,152.72
92047,152.59
26656,152.55
82166,152.5
81585,152.49
11239,152.49
72870,152.47
95766,152.44
11722,152.42
26254,152.36
97953,152.3
81933,152.13
37298,152.1
72773,152.08
53369,152.0
82236,152.0
834,152.0
69286,152.0
50526,152.0
73907,152.0
50797,151.99
23821,151.99
94575,151.99
73042,151.99
77418,151.99
20198,151.98
95293,151.97
17946,151.97
98848,151.95
61986,151.95
55156,151.95
4820,151.95
87274,151.95
76166,151.94
35363,151.94
90997,151.94
19146,151.94
13583,151.94
17825,151.94
86953,151.93
14037,151.91
92330,151.89
99476,151.88
5879,151.85
40569,151.83
60169,151.75
39543,151.63
50845,151.6
70752,151.58
51346,151.58
59140,151.5
35601,151.5
89776,151.49
646,151.43
61192,151.41
63254,151.35
97371,151.3
67750,151.23
72857,151.2
69784,151.2
21844,151.2
71689,151.0
19792,151.0
48838,151.0
19187,151.0
40743,151.0
62334,151.0
95190,150.99
73600,150.99
42320,150.99
34364,150.99
899,150.99
29752,150.99
50270,150.98
32473,150.97
46121,150.95
6472,150.94
98892,150.94
77861,150.94
36932,150.83
38854,150.83
33941,150.82
66070,150.76
77073,150.75
62795,150.75
81071,150.75
12180,150.75
50786,150.68
32071,150.55
13257,150.53
26040,150.47
61008,150.41
72047,150.41
29171,150.38
59741,150.24
14425,150.18
8928,150.18
24143,150.18
5088,150.14
95882,150.0
1081,150.0
99605,150.0
89017,150.0
11453,150.0
40729,150.0
74626,150.0
93780,150.0
51790,150.0
42837,150.0
35810,150.0
33336,150.0
25677,150.0
6120,150.0
35172,150.0
33901,150.0
30328,150.0
21714,150.0
21271,150.0
10172,150.0
8135,150.0
6824,150.0
77550,150.0
82272,150.0
78219,150.0
99845,150.0
64385,149.99
69929,149.99
98032,149.99
60475,149.99
14495,149.99
7867,149.99
72054,149.99
29342,149.99
45758,149.99
3929,149.99
45804,149.99
58799,149.99
29947,149.99
52762,149.99
78071,149.99
80798,149.99
13126,149.99
10983,149.99
77671,149.99
38871,149.99
2775,149.99
39433,149.98
70095,149.98
87182,149.98
14904,149.98
6653,149.98
22922,149.98
2969,149.98
28330,149.97
66096,149.97
41207,149.95
90894,149.95
31553,149.95
33751,149.95
83993,149.95
66988,149.95
39648,149.95
83538,149.95
68056,149.95
20083,149.95
90575,149.95
91633,149.95
73885,149.94
71349,149.93
31492,149.92
84928,149.9
72150,149.9
40932,149.9
75035,149.9
19674,149.8
82428,149.8
80976,149.7
39700,149.66
89232,149.6
20595,149.55
62205,149.54
33715,149.52
74774,149.5
59454,149.5
56462,149.5
54951,149.5
8538,149.5
80852,149.49
36565,149.49
90946,149.49
37849,149.49
40031,149.49
5383,149.49
4126,149.48
11355,149.45
35036,149.42
56804,149.41
70539,149.36
70383,149.31
31620,149.26
25216,149.24
89993,149.23
62841,149.16
79397,149.15
51575,149.11
79174,149.05
81574,149.03
61844,149.02
10090,149.0
99271,149.0
1667,149.0
21421,149.0
1350,149.0
22958,149.0
36598,149.0
28688,149.0
31537,149.0
64296,149.0
33764,149.0
64545,149.0
43748,149.0
46851,149.0
6159,149.0
72405,149.0
73014,149.0
60766,149.0
54747,149.0
59286,149.0
53094,149.0
86881,149.0
93109,149.0
1137,149.0
9030,149.0
95005,149.0
54952,149.0
11987,148.99
8373,148.99
76443,148.99
58158,148.99
29993,148.99
10049,148.99
31207,148.99
37972,148.99
67025,148.99
12508,148.99
2160,148.98
20133,148.98
23410,148.98
69393,148.98
6335,148.98
80654,148.98
44254,148.95
89293,148.95
97661,148.94
12662,148.94
98730,148.9
86275,148.89
45702,148.8
8703,148.74
36748,148.72
57189,148.71
70983,148.69
2361,148.59
68482,148.5
19685,148.5
41191,148.5
87926,148.5
4683,148.5
14718,148.48
74530,148.48
1600,148.45
60088,148.45
16335,148.43
59622,148.2
89718,148.2
51049,148.14
68777,148.0
4330,148.0
28112,148.0
34507,148.0
28770,148.0
33471,148.0
28678,148.0
33836,148.0
37889,148.0
6527,148.0
48120,148.0
49621,148.0
51422,148.0
52530,148.0
53292,148.0
28335,148.0
54678,148.0
82315,148.0
23866,148.0
35663,148.0
54696,148.0
18277,148.0
13304,148.0
95234,148.0
48315,148.0
11124,148.0
89692,148.0
88817,148.0
85434,148.0
84493,148.0
75799,148.0
7618,148.0
83456,148.0
78418,148.0
76708,148.0
55080,148.0
56640,148.0
76600,148.0
75826,148.0
60862,148.0
32362,148.0
16667,147.99
58037,147.99
3005,147.99
28739,147.99
67033,147.99
88889,147.99
80072,147.99
69769,147.99
50799,147.99
62245,147.98
21569,147.95
74278,147.95
72703,147.95
73572,147.95
63361,147.95
15656,147.94
44732,147.94
28698,147.93
92607,147.93
92265,147.92
13722,147.91
24453,147.9
59146,147.89
64570,147.86
58150,147.8
61499,147.79
74075,147.75
97711,147.72
23509,147.72
73769,147.65
81719,147.59
74119,147.52
3359,147.5
19587,147.5
95574,147.5
14747,147.5
13495,147.5
62261,147.48
79090,147.29
50820,147.23
31746,147.15
78591,147.13
74372,147.13
65037,147.13
59495,147.13
87826,147.13
58424,147.13
53378,147.13
97074,147.13
98001,147.13
6745,147.13
2710,147.13
1783,147.13
91641,147.03
89174,147.0
89757,147.0
73109,147.0
92505,147.0
17362,147.0
67288,147.0
99708,147.0
24367,147.0
8533,147.0
6492,147.0
77305,147.0
45842,147.0
56205,146.99
38006,146.99
70745,146.99
88173,146.99
5987,146.99
16998,146.98
29810,146.97
16954,146.96
77103,146.96
50378,146.96
19160,146.95
45144,146.94
34987,146.9
93634,146.88
35075,146.85
79282,146.85
86033,146.82
26124,146.8
21389,146.78
58876,146.76
9762,146.7
82855,146.62
7197,146.59
57976,146.49
78308,146.49
81807,146.48
43079,146.48
16291,146.46
61509,146.45
12196,146.44
22365,146.43
43303,146.4
77722,146.25
22326,146.25
70071,146.2
84283,146.19
59283,146.03
74173,145.99
71884,145.99
41656,145.99
77540,145.99
81481,145.99
64200,145.99
58780,145.98
36872,145.93
82984,145.89
51519,145.89
4087,145.88
43184,145.75
43912,145.56
332,145.5
35609,145.44
4160,145.43
59048,145.39
12486,145.33
15881,145.2
29458,145.15
61440,145.14
15939,145.14
92811,145.14
14864,145.1
67557,145.02
36683,145.0
9147,145.0
13801,145.0
67276,145.0
27263,145.0
96017,145.0
49158,145.0
86310,145.0
8424,145.0
91419,145.0
15421,145.0
85501,145.0
82118,145.0
19901,145.0
78114,145.0
58883,145.0
55083,145.0
25244,145.0
41554,145.0
15915,144.99
3493,144.99
67998,144.99
6102,144.99
72982,144.99
89073,144.99
57813,144.99
72806,144.99
55395,144.99
63227,144.99
7922,144.97
2618,144.97
55267,144.97
72711,144.97
37452,144.97
66737,144.96
90210,144.96
54014,144.95
69559,144.95
2388,144.95
96352,144.95
59390,144.94
4902,144.93
28943,144.93
48388,144.88
98249,144.8
5577,144.8
67101,144.78
58430,144.74
95427,144.72
65018,144.72
42607,144.6
39036,144.59
35949,144.57
12263,144.53
3012,144.5
64137,144.5
58048,144.5
82698,144.5
22055,144.5
23198,144.49
83328,144.49
24234,144.45
68205,144.45
79169,144.43
82801,144.43
95711,144.4
90648,144.4
25595,144.38
63877,144.34
80821,144.27
56963,144.24
87150,144.21
79872,144.16
56773,144.0
98593,144.0
69130,144.0
17447,144.0
20654,144.0
3496,144.0
17184,144.0
81778,144.0
16004,144.0
38353,143.99
91913,143.99
81976,143.99
84385,143.99
16225,143.98
50572,143.98
57583,143.98
27462,143.96
18329,143.95
39008,143.95
51987,143.92
70273,143.9
80019,143.8
1424,143.79
24254,143.79
42710,143.77
54461,143.63
97184,143.62
33297,143.6
1207,143.52
10767,143.52
49249,143.51
51409,143.5
70041,143.5
71179,143.49
28724,143.49
15553,143.49
11528,143.48
42448,143.44
53126,143.36
33352,143.3
14371,143.29
50057,143.24
94829,143.17
48558,143.15
30177,143.12
96250,143.06
94184,143.06
88213,143.0
71428,143.0
73035,143.0
31797,143.0
36668,143.0
83249,142.99
90148,142.99
3505,142.99
98904,142.99
70720,142.99
90347,142.98
43888,142.98
72309,142.96
53019,142.95
51852,142.94
22062,142.94
71558,142.94
22431,142.94
25757,142.94
27015,142.92
77016,142.91
61547,142.9
68663,142.9
59853,142.88
49719,142.78
25347,142.78
77463,142.75
86627,142.69
89517,142.68
80894,142.52
38644,142.5
21626,142.5
45608,142.5
70087,142.5
3271,142.5
21412,142.5
28441,142.48
71679,142.4
16930,142.39
14824,142.27
10784,142.22
60102,142.2
85438,142.2
33570,142.13
95471,142.04
13650,142.03
23266,142.0
37199,141.99
89550,141.99
60361,141.99
4027,141.99
53935,141.98
58458,141.97
45585,141.97
63906,141.96
59173,141.95
4270,141.94
62853,141.84
34337,141.83
26186,141.75
54806,141.75
24012,141.74
44875,141.65
78912,141.55
2435,141.5
36016,141.5
55910,141.48
36042,141.47
5587,141.4
70141,141.38
29695,141.37
92752,141.26
59223,141.25
48276,141.23
7986,141.07
11383,141.06
88556,141.04
6444,141.01
79676,141.0
91017,141.0
21678,141.0
54677,141.0
71820,141.0
65899,141.0
57456,141.0
66459,140.99
10563,140.99
71313,140.99
34356,140.98
54672,140.98
74979,140.98
22996,140.98
1896,140.97
35495,140.95
10580,140.95
67786,140.94
83191,140.93
54010,140.91
23283,140.9
2665,140.82
52561,140.7
72363,140.65
98504,140.65
81566,140.5
3879,140.49
23333,140.48
62243,140.47
39383,140.44
32190,140.41
2732,140.32
52652,140.27
78600,140.25
80650,140.24
93769,140.21
75489,140.2
66441,140.17
94412,140.16
92838,140.08
66623,140.08
94070,140.03
78867,140.0
47823,140.0
91285,140.0
85454,140.0
84749,140.0
28712,140.0
74556,140.0
74018,140.0
65055,140.0
53816,140.0
48002,140.0
47375,140.0
47155,140.0
41001,140.0
38273,140.0
31716,140.0
17995,140.0
13204,140.0
33501,140.0
9735,140.0
85915,140.0
96802,139.99
1881,139.99
80746,139.99
96763,139.99
78379,139.99
76616,139.99
69923,139.99
96981,139.99
68193,139.99
66466,139.99
59939,139.99
58495,139.99
57119,139.99
80550,139.99
55863,139.99
53192,139.99
52640,139.99
48009,139.99
46684,139.99
65730,139.99
92996,139.99
44483,139.99
70793,139.99
41676,139.99
41083,139.99
40390,139.99
37451,139.99
35415,139.99
34839,139.99
34497,139.99
29257,139.99
27148,139.99
10239,139.99
23110,139.99
20045,139.99
27367,139.99
97151,139.99
99488,139.99
14248,139.99
12193,139.99
12097,139.99
5360,139.99
93162,139.99
79486,139.98
26632,139.98
23325,139.98
77167,139.97
44157,139.97
81259,139.97
15498,139.95
28452,139.95
50720,139.95
46655,139.95
77885,139.95
45759,139.95
42486,139.95
53774,139.95
79206,139.95
2104,139.95
6488,139.95
56899,139.95
37442,139.95
18144,139.94
35832,139.94
66925,139.94
54120,139.93
94981,139.9
88507,139.87
11139,139.77
60221,139.75
97494,139.73
49512,139.68
99228,139.66
39756,139.64
89631,139.53
99130,139.52
19192,139.5
60816,139.5
36730,139.5
10520,139.49
50179,139.49
54928,139.49
94227,139.49
62839,139.48
98803,139.47
60084,139.45
36892,139.45
52041,139.45
93912,139.45
66530,139.43
49345,139.3
93179,139.3
52103,139.23
95585,139.16
7790,139.12
75796,139.02
42828,139.01
76180,139.0
92400,139.0
81642,139.0
80387,139.0
77782,139.0
57750,139.0
56896,139.0
53316,139.0
84670,139.0
38081,139.0
53098,139.0
41112,139.0
23286,139.0
87545,139.0
41032,139.0
9141,139.0
16245,139.0
88048,139.0
91254,139.0
82228,139.0
94581,138.99
62544,138.99
2467,138.99
4539,138.99
33658,138.97
46428,138.96
9010,138.95
19136,138.95
14084,138.94
68106,138.94
85523,138.94
14040,138.92
41909,138.92
35990,138.89
18448,138.89
93006,138.86
16250,138.82
81916,138.79
45945,138.79
89763,138.75
34643,138.75
13609,138.75
15755,138.75
95673,138.6
6553,138.6
63540,138.6
53321,138.6
92638,138.6
40957,138.56
72790,138.52
74628,138.5
48835,138.49
27270,138.4
26511,138.35
66389,138.21
98389,138.08
36121,138.08
15202,138.03
23910,138.02
63487,138.0
6174,138.0
92939,138.0
87210,138.0
51625,138.0
86563,138.0
79198,138.0
78725,138.0
96497,138.0
40998,138.0
30538,138.0
13602,138.0
1740,138.0
41745,137.99
2667,137.99
6625,137.99
56898,137.99
98020,137.99
58115,137.98
90263,137.98
78667,137.98
13307,137.98
11421,137.98
38172,137.97
75359,137.97
16206,137.97
76489,137.95
35648,137.95
96226,137.95
58882,137.95
50700,137.94
41733,137.94
72215,137.92
41667,137.91
71833,137.89
97454,137.84
87180,137.79
47822,137.5
22385,137.5
90983,137.5
76276,137.5
73201,137.36
40889,137.32
50955,137.3
80838,137.24
8628,137.13
47559,137.11
44396,137.06
76684,137.03
69170,137.0
60950,137.0
38400,137.0
9102,137.0
64801,136.99
94109,136.99
25745,136.95
38009,136.94
33334,136.94
11443,136.94
52817,136.92
60772,136.88
37383,136.77
36032,136.76
69055,136.71
96239,136.69
12172,136.66
29925,136.6
66696,136.59
65895,136.57
87374,136.5
2403,136.5
65563,136.5
63436,136.49
77246,136.49
41452,136.49
32583,136.45
2254,136.44
74987,136.4
51012,136.35
11593,136.34
78375,136.28
31312,136.22
31002,136.21
21832,136.17
35920,136.16
59548,136.07
61445,136.03
12996,136.03
50677,136.0
85617,136.0
76200,136.0
78625,136.0
57524,136.0
83115,136.0
8853,136.0
90286,136.0
94493,136.0
5188,136.0
17464,136.0
8882,136.0
38342,135.99
91349,135.99
62656,135.99
14046,135.99
11004,135.99
33848,135.97
73727,135.95
47685,135.95
78508,135.94
42290,135.94
68132,135.94
38779,135.94
70900,135.92
84125,135.9
22578,135.89
16011,135.85
13557,135.74
10601,135.74
41603,135.56
99666,135.5
67471,135.5
4120,135.49
33747,135.48
46056,135.45
76383,135.45
94452,135.44
58488,135.39
61387,135.39
2505,135.22
22612,135.22
6316,135.19
34949,135.18
37963,135.14
18803,135.13
11498,135.03
8029,135.03
31006,135.03
92806,135.03
20260,135.02
15268,135.0
15749,135.0
7453,135.0
79660,135.0
68609,135.0
81906,135.0
63728,135.0
54536,135.0
84797,135.0
43028,135.0
87128,135.0
3184,135.0
96699,135.0
83940,135.0
41685,135.0
94908,135.0
98140,135.0
40433,135.0
39866,135.0
37990,135.0
98282,135.0
22764,135.0
37419,135.0
34129,135.0
31000,135.0
29146,135.0
25379,135.0
6805,135.0
24972,135.0
21794,135.0
21767,135.0
1269,135.0
255,135.0
20518,135.0
18595,135.0
7614,135.0
81706,135.0
80060,135.0
17405,134.99
262,134.99
37794,134.99
94793,134.99
84085,134.99
34865,134.99
46084,134.99
83862,134.99
43252,134.99
41261,134.99
48615,134.99
67507,134.99
20711,134.99
2267,134.98
67527,134.98
9251,134.98
1197,134.98
77788,134.97
29572,134.97
15282,134.95
84835,134.95
55122,134.95
45279,134.95
18486,134.95
8548,134.95
4465,134.95
92274,134.95
26439,134.95
57634,134.95
21883,134.94
84942,134.94
24633,134.93
38629,134.92
17215,134.9
49775,134.89
87139,134.88
63128,134.87
79671,134.85
19975,134.73
33050,134.7
96750,134.69
76994,134.65
43556,134.6
5262,134.52
13498,134.51
94056,134.5
17592,134.5
12141,134.5
81834,134.5
48665,134.5
26618,134.5
61365,134.46
63679,134.4
38984,134.27
32949,134.16
72849,134.11
77569,134.07
35658,134.04
58339,134.01
43726,134.0
73703,134.0
36637,134.0
58577,134.0
64978,134.0
98242,134.0
2791,134.0
46341,134.0
790,134.0
42092,134.0
86773,133.99
88310,133.99
70244,133.99
8675,133.99
28819,133.98
97757,133.98
87294,133.98
18438,133.98
95436,133.95
18710,133.9
52376,133.88
93932,133.85
10051,133.75
5817,133.74
5732,133.73
34214,133.68
9394,133.65
85942,133.64
94995,133.61
40419,133.59
85987,133.56
39998,133.53
61576,133.5
65012,133.5
69493,133.5
72472,133.49
35681,133.48
69850,133.46
20210,133.45
18305,133.42
4251,133.4
34459,133.39
28502,133.37
99260,133.37
95472,133.28
33663,133.17
58984,133.16
81541,133.09
30896,133.03
2150,133.0
95331,133.0
70869,133.0
21691,133.0
10391,133.0
50678,133.0
91428,133.0
72167,132.99
17654,132.99
89345,132.99
57825,132.98
36652,132.98
88721,132.98
62514,132.96
22446,132.95
86816,132.95
99450,132.94
49420,132.94
5276,132.94
87939,132.94
92802,132.93
31665,132.86
58137,132.66
17834,132.59
82934,132.53
60937,132.5
59902,132.49
60027,132.4
2548,132.4
81463,132.3
99177,132.25
91491,132.19
54027,132.0
28328,132.0
82889,132.0
1077,132.0
10468,132.0
75001,132.0
12746,132.0
6042,132.0
19624,132.0
82681,132.0
21311,131.99
87568,131.99
68567,131.99
72613,131.99
77849,131.99
85117,131.99
34803,131.99
28265,131.98
12602,131.97
98426,131.96
81865,131.95
19449,131.94
41156,131.94
68262,131.94
96541,131.94
27375,131.91
72610,131.88
95624,131.86
15302,131.85
92633,131.84
53936,131.79
29486,131.75
83885,131.72
62128,131.72
79468,131.68
40259,131.65
2411,131.5
54053,131.5
73494,131.49
37394,131.49
11106,131.47
50825,131.46
66248,131.43
19273,131.38
10421,131.36
98906,131.3
28412,131.25
87488,131.24
38863,131.02
88279,131.0
81934,131.0
15827,131.0
25575,131.0
21321,130.99
35612,130.99
76054,130.99
54456,130.99
7098,130.99
2837,130.98
60694,130.98
34135,130.98
493,130.97
73323,130.95
21886,130.94
26680,130.78
37421,130.71
68172,130.65
24184,130.57
70854,130.56
52838,130.52
78256,130.52
86164,130.5
11263,130.5
6632,130.5
28898,130.5
89879,130.49
99582,130.44
33378,130.4
84032,130.4
74868,130.38
55861,130.25
24519,130.25
91204,130.23
78037,130.15
4329,130.13
7207,130.07
84180,130.06
53963,130.04
68961,130.03
65515,130.02
67130,130.01
61354,130.0
91140,130.0
83549,130.0
82875,130.0
61592,130.0
97145,130.0
59119,130.0
84868,130.0
19741,130.0
28126,130.0
83032,130.0
31238,130.0
16030,130.0
28434,130.0
4059,130.0
32613,130.0
91434,130.0
57221,130.0
26615,130.0
79790,130.0
15631,130.0
55199,130.0
50593,130.0
35725,130.0
48337,130.0
41252,130.0
32758,130.0
37890,130.0
2337,130.0
99653,130.0
83738,129.99
78381,129.99
57856,129.99
12625,129.99
56308,129.99
56000,129.99
55450,129.99
96466,129.99
91312,129.99
34824,129.99
51164,129.99
50327,129.99
62884,129.99
26585,129.99
87,129.99
45581,129.99
14364,129.99
43821,129.99
86413,129.99
34971,129.99
92173,129.99
58340,129.99
34753,129.99
20200,129.99
17895,129.99
80302,129.99
16390,129.99
15823,129.99
75864,129.99
15669,129.99
7348,129.99
5546,129.99
5286,129.99
74359,129.99
75942,129.99
87764,129.99
67801,129.99
33384,129.99
50583,129.99
73231,129.99
35375,129.98
3649,129.98
30932,129.98
2330,129.98
37780,129.98
4597,129.98
56984,129.97
34021,129.97
47239,129.95
96980,129.95
68336,129.95
53876,129.95
49723,129.95
41824,129.95
42319,129.95
29025,129.95
23766,129.95
17794,129.95
71582,129.95
79300,129.95
95473,129.95
4624,129.95
2119,129.95
68966,129.95
49374,129.95
56950,129.94
25159,129.94
26786,129.94
34608,129.93
59233,129.89
54685,129.83
41025,129.8
73463,129.75
43476,129.74
23928,129.73
86492,129.54
45343,129.54
4149,129.51
65173,129.5
98130,129.5
25394,129.5
99343,129.5
21791,129.5
40987,129.5
13293,129.49
26865,129.49
39052,129.49
49483,129.49
66955,129.49
78044,129.46
28831,129.45
12073,129.43
72210,129.42
10868,129.4
98526,129.39
34954,129.38
50628,129.31
64185,129.3
94256,129.28
23061,129.27
4660,129.26
39793,129.0
36978,129.0
78961,129.0
78949,129.0
79663,129.0
78227,129.0
10489,129.0
7827,129.0
67120,129.0
66199,129.0
83036,129.0
62322,129.0
5719,129.0
58045,129.0
11240,129.0
6989,129.0
20192,129.0
17332,129.0
56656,129.0
61650,129.0
50962,129.0
92821,129.0
96453,129.0
5544,129.0
3871,129.0
18996,129.0
3817,129.0
45477,129.0
44306,129.0
94769,129.0
33272,129.0
91014,129.0
84512,129.0
23440,129.0
32559,129.0
42641,129.0
35475,129.0
79226,129.0
48252,128.99
40859,128.99
38445,128.99
74838,128.99
63419,128.99
38255,128.99
20609,128.99
90336,128.99
74064,128.99
2302,128.98
79425,128.98
71100,128.98
92848,128.98
5939,128.95
77835,128.95
71537,128.95
43492,128.88
4784,128.87
25816,128.85
47090,128.78
32154,128.74
74729,128.73
94218,128.71
67244,128.7
87757,128.63
75686,128.51
23051,128.5
74687,128.5
4530,128.5
50025,128.5
54854,128.49
60767,128.49
24916,128.48
26765,128.47
1557,128.45
5752,128.44
30259,128.42
93218,128.4
59089,128.3
35871,128.3
75036,128.27
20775,128.23
45148,128.16
94230,128.0
87984,128.0
83446,128.0
38117,128.0
41070,128.0
37388,128.0
75973,128.0
34398,128.0
30994,128.0
45164,128.0
79047,128.0
74360,128.0
36879,128.0
97605,128.0
95615,128.0
27660,128.0
49145,128.0
95212,128.0
70398,128.0
51471,128.0
26499,128.0
95029,128.0
59159,128.0
80519,128.0
25987,128.0
94537,128.0
23514,128.0
1053,128.0
84072,128.0
62281,128.0
70393,128.0
23290,128.0
16898,128.0
93681,128.0
94117,128.0
75019,127.99
37245,127.99
70757,127.99
63751,127.99
33612,127.99
54697,127.99
49342,127.98
8752,127.98
57519,127.98
94399,127.98
69957,127.97
9750,127.97
69738,127.97
63257,127.95
96887,127.95
85819,127.95
1296,127.94
79895,127.93
34020,127.93
25141,127.93
14719,127.92
99189,127.91
17991,127.9
18306,127.9
66616,127.9
73377,127.89
90956,127.88
63097,127.77
52335,127.74
64028,127.73
77376,127.72
27798,127.69
12456,127.69
30040,127.59
15547,127.56
57706,127.56
88321,127.56
80733,127.51
93745,127.51
22192,127.51
94169,127.51
26410,127.51
3858,127.51
7027,127.51
41009,127.51
90339,127.51
65979,127.51
13971,127.51
66125,127.51
83288,127.5
85726,127.5
45184,127.49
30293,127.45
25571,127.45
49943,127.44
11525,127.42
29605,127.3
48103,127.3
98449,127.25
93886,127.23
55014,127.2
10317,127.17
73178,127.15
46389,127.15
15305,127.14
52857,127.14
18394,127.13
93893,127.11
28381,127.09
53420,127.08
38562,127.05
54369,127.0
381,127.0
22427,127.0
50855,126.98
97608,126.98
39049,126.95
65353,126.95
64263,126.95
52111,126.95
81765,126.94
34155,126.92
5476,126.92
13804,126.9
92509,126.89
389,126.88
77204,126.84
28099,126.75
94160,126.67
18004,126.66
94017,126.63
10400,126.63
70815,126.63
78964,126.62
57191,126.53
31291,126.51
79786,126.49
99765,126.49
11191,126.49
99543,126.47
7651,126.36
22235,126.3
35687,126.26
17457,126.19
82377,126.18
61813,126.01
74629,126.0
44304,126.0
45200,126.0
73705,126.0
28796,126.0
22931,126.0
84681,126.0
82366,126.0
4596,126.0
5112,126.0
26675,126.0
85199,126.0
64076,126.0
54481,125.99
82387,125.99
82702,125.99
6084,125.99
86283,125.99
53508,125.99
86131,125.99
32259,125.99
49140,125.99
92138,125.99
83838,125.99
93796,125.99
92126,125.99
69226,125.99
60500,125.98
79244,125.98
76705,125.98
11732,125.98
66453,125.98
15771,125.98
26365,125.97
65514,125.97
84207,125.96
52197,125.96
70558,125.95
9696,125.95
21342,125.95
85836,125.95
38873,125.94
93139,125.91
27970,125.9
99689,125.84
60152,125.79
95577,125.76
83108,125.73
79794,125.65
92703,125.63
11728,125.61
16854,125.61
77314,125.5
95645,125.5
17832,125.5
63392,125.5
12051,125.48
26314,125.44
24609,125.37
71569,125.37
3944,125.37
54690,125.37
88796,125.36
32972,125.35
62864,125.32
63646,125.25
6602,125.22
97899,125.2
73499,125.2
14985,125.19
83563,125.14
58654,125.1
47056,125.0
4737,125.0
23326,125.0
55787,125.0
76150,125.0
14666,125.0
67761,125.0
78834,125.0
68284,125.0
39030,125.0
71210,125.0
37922,125.0
90208,125.0
54184,125.0
48285,125.0
67317,125.0
2020,125.0
2595,125.0
34451,125.0
15420,125.0
14521,125.0
40948,125.0
56729,125.0
47741,125.0
58100,125.0
33450,125.0
73415,125.0
28107,125.0
15576,125.0
72700,125.0
54434,125.0
72249,125.0
98736,125.0
99897,125.0
94915,125.0
12971,125.0
53753,125.0
63430,125.0
78307,125.0
96201,125.0
94060,125.0
16528,125.0
47799,125.0
12083,125.0
56651,125.0
69530,125.0
22208,125.0
63329,124.99
3971,124.99
38155,124.99
38466,124.99
67087,124.99
69417,124.99
67636,124.99
2039,124.99
88262,124.99
60571,124.99
41370,124.99
36199,124.99
82003,124.99
14731,124.98
9764,124.98
79762,124.98
78714,124.98
41607,124.98
55895,124.98
62661,124.97
42187,124.97
97544,124.95
29029,124.95
64132,124.95
44654,124.95
58027,124.94
90184,124.94
28896,124.94
14424,124.94
78697,124.94
70121,124.94
4946,124.92
49261,124.9
11542,124.9
40146,124.89
81429,124.88
96204,124.86
7529,124.85
49668,124.81
18536,124.8
26860,124.76
18841,124.76
29205,124.74
71380,124.69
33116,124.68
56312,124.68
12560,124.6
68956,124.55
67954,124.54
95751,124.53
96726,124.5
21477,124.5
45650,124.5
12052,124.48
26849,124.48
36233,124.48
43789,124.44
28239,124.43
97331,124.36
51234,124.35
66297,124.34
62452,124.28
57035,124.13
56860,124.07
43518,124.04
28959,124.03
51612,124.0
97774,124.0
81182,124.0
26800,124.0
36028,124.0
85021,124.0
88390,124.0
51591,124.0
93099,124.0
88002,124.0
29630,124.0
77776,124.0
36137,124.0
61360,124.0
89115,124.0
82671,124.0
38372,124.0
26222,124.0
45313,123.99
55311,123.99
95528,123.99
98603,123.99
73069,123.99
68076,123.99
8410,123.99
16002,123.98
37246,123.98
98009,123.98
30426,123.97
2269,123.95
54109,123.95
76577,123.95
31879,123.95
89093,123.94
88891,123.94
53437,123.94
7564,123.94
9463,123.94
94823,123.94
87491,123.93
51948,123.92
71515,123.9
46333,123.89
16823,123.89
95793,123.86
99264,123.85
87687,123.81
94912,123.8
29990,123.79
23786,123.79
81827,123.66
8644,123.6
73970,123.58
4178,123.54
81804,123.52
48311,123.51
7772,123.5
1648,123.49
67592,123.47
67324,123.47
15819,123.4
37846,123.32
79124,123.31
62474,123.29
44665,123.29
38268,123.12
13810,123.09
57973,123.08
62909,123.0
23835,123.0
37444,123.0
57686,123.0
86717,123.0
28630,123.0
95250,122.99
14859,122.99
34089,122.99
23596,122.99
55847,122.99
54683,122.99
34936,122.99
8878,122.98
44080,122.98
5669,122.98
66158,122.98
65415,122.97
74300,122.97
20021,122.95
56699,122.95
66534,122.95
67047,122.95
48345,122.94
63826,122.94
36159,122.94
68720,122.94
60333,122.94
93737,122.93
35956,122.82
49847,122.77
45732,122.74
55415,122.64
59847,122.6
48508,122.6
41192,122.6
11166,122.6
94734,122.6
85845,122.6
79721,122.57
10518,122.53
69412,122.5
50608,122.5
33264,122.5
90719,122.5
91696,122.5
12777,122.49
51216,122.38
49003,122.32
56402,122.27
94568,122.24
31057,122.22
7004,122.16
55464,122.04
57908,122.0
70300,122.0
99009,122.0
44388,122.0
13933,122.0
99471,122.0
1677,121.99
57575,121.99
66889,121.99
269,121.99
59460,121.99
94456,121.98
49071,121.98
54523,121.98
52363,121.98
9941,121.97
21020,121.96
98452,121.95
25849,121.94
15023,121.94
75578,121.94
36473,121.94
16582,121.93
13039,121.92
33429,121.9
80343,121.87
51138,121.85
23645,121.74
87046,121.64
13318,121.63
44611,121.5
2903,121.5
35004,121.49
96538,121.49
72106,121.47
74578,121.46
51020,121.4
30969,121.36
82198,121.34
2031,121.27
47193,121.22
93900,121.2
15179,121.2
41381,121.19
65736,121.17
21646,121.0
41595,121.0
2209,121.0
64601,121.0
90360,121.0
20959,121.0
163,121.0
75518,121.0
91145,121.0
23826,120.99
44284,120.99
4367,120.99
99034,120.97
90476,120.96
81085,120.95
91918,120.95
59986,120.95
71336,120.95
72763,120.95
17874,120.94
40088,120.94
16323,120.93
41067,120.93
437,120.9
53862,120.89
16201,120.85
80544,120.79
5260,120.73
67490,120.63
3854,120.57
91522,120.56
29550,120.5
15254,120.5
14306,120.5
98156,120.49
90559,120.48
53855,120.46
93996,120.45
35700,120.44
50445,120.4
81523,120.38
19839,120.33
75641,120.32
26749,120.14
59096,120.07
96719,120.07
6965,120.01
41585,120.0
24538,120.0
56358,120.0
55436,120.0
68425,120.0
50543,120.0
70212,120.0
43790,120.0
39264,120.0
38701,120.0
34572,120.0
71805,120.0
33208,120.0
25634,120.0
73104,120.0
14316,120.0
14018,120.0
12425,120.0
70892,120.0
7954,120.0
84260,120.0
7092,120.0
4980,120.0
96097,120.0
55340,120.0
96282,120.0
96432,120.0
6702,120.0
97758,120.0
99173,120.0
28284,120.0
44097,120.0
65122,120.0
82884,119.99
15163,119.99
55644,119.99
67015,119.99
65475,119.99
57002,119.99
36313,119.99
56342,119.99
70703,119.99
55764,119.99
53160,119.99
47706,119.99
82592,119.99
47705,119.99
46157,119.99
45237,119.99
41383,119.99
39167,119.99
36811,119.99
46784,119.99
58255,119.99
35813,119.99
32045,119.99
88591,119.99
29441,119.99
26918,119.99
25800,119.99
91593,119.99
22716,119.99
15483,119.99
13439,119.99
9751,119.99
7559,119.99
4459,119.99
2777,119.99
93116,119.99
1588,119.99
45770,119.99
97313,119.99
95992,119.99
6671,119.99
38444,119.99
90069,119.99
21327,119.99
2027,119.99
68834,119.99
96982,119.98
41711,119.98
56487,119.98
82295,119.98
92372,119.98
47713,119.98
71996,119.97
62124,119.97
94198,119.95
31128,119.95
5183,119.95
7124,119.95
9339,119.95
23820,119.95
37514,119.95
81057,119.95
27178,119.95
50139,119.95
61196,119.95
75223,119.95
79062,119.95
85830,119.95
92387,119.95
36386,119.94
29453,119.94
57175,119.94
76017,119.93
90392,119.9
36641,119.89
1598,119.73
43239,119.5
39752,119.5
87303,119.5
46188,119.5
1563,119.5
98402,119.5
33952,119.49
1807,119.49
11462,119.45
27180,119.45
19966,119.44
63583,119.44
54876,119.3
41845,119.26
95147,119.25
82602,119.23
8036,119.18
27509,119.07
36557,119.06
30489,119.0
5153,119.0
29838,119.0
31275,119.0
86929,119.0
31885,119.0
34566,119.0
35872,119.0
36687,119.0
41290,119.0
41480,119.0
99706,119.0
20989,119.0
63797,119.0
17893,119.0
88065,119.0
41761,119.0
86544,119.0
24481,119.0
23249,119.0
78042,119.0
73593,119.0
9063,119.0
42503,119.0
45890,119.0
63565,119.0
22794,119.0
62782,119.0
56704,119.0
55907,119.0
52739,119.0
17657,119.0
52672,119.0
23109,119.0
37967,119.0
13669,119.0
21803,119.0
914,119.0
13110,119.0
51707,119.0
47928,119.0
10787,119.0
6179,119.0
5737,119.0
98120,118.99
83717,118.99
99399,118.99
29831,118.99
39158,118.99
64008,118.99
50509,118.99
53859,118.99
6941,118.98
95790,118.98
66745,118.98
10808,118.98
63199,118.97
76517,118.96
36407,118.96
11346,118.96
32580,118.95
5351,118.95
64708,118.95
57608,118.95
2165,118.94
88522,118.94
81275,118.94
51668,118.93
56521,118.89
856,118.83
74339,118.75
56143,118.75
5639,118.75
89972,118.72
34911,118.68
59968,118.68
43721,118.62
65486,118.6
27502,118.57
37458,118.5
99571,118.5
7775,118.5
13127,118.5
77723,118.5
24501,118.5
71778,118.49
14390,118.45
4250,118.42
49578,118.4
67564,118.38
21333,118.15
18727,118.03
27192,118.01
92933,118.0
64732,118.0
32963,118.0
73650,118.0
90757,118.0
25177,118.0
22940,118.0
34720,118.0
17901,118.0
14221,118.0
38129,118.0
94877,118.0
41674,118.0
8130,118.0
49122,118.0
49322,118.0
14671,118.0
50215,118.0
51579,118.0
7260,118.0
85865,118.0
78934,118.0
60751,118.0
68268,118.0
7608,117.99
7932,117.99
45840,117.99
72882,117.99
88947,117.99
62678,117.99
81197,117.99
39290,117.99
47122,117.99
50048,117.99
19594,117.98
22620,117.97
17551,117.97
43866,117.95
51421,117.95
37483,117.95
8729,117.94
59154,117.93
20360,117.9
36688,117.89
25588,117.89
5070,117.88
4569,117.88
47614,117.87
31878,117.86
78053,117.84
354,117.78
1280,117.72
42264,117.7
73292,117.7
23666,117.65
45983,117.6
97678,117.6
82373,117.6
36911,117.57
66650,117.5
67734,117.5
62994,117.5
52293,117.5
3294,117.5
79407,117.49
21385,117.49
66564,117.49
21506,117.49
46948,117.49
31271,117.49
55784,117.46
69942,117.45
56764,117.44
87354,117.33
226,117.23
44570,117.21
24213,117.2
29301,117.2
42923,117.04
15406,117.0
473,117.0
88856,117.0
12980,117.0
43024,116.99
55085,116.99
55088,116.99
79191,116.99
22874,116.98
9528,116.97
9232,116.97
766,116.95
95648,116.95
68471,116.95
82014,116.94
39369,116.94
85628,116.93
14919,116.93
75758,116.9
98486,116.89
12505,116.85
46623,116.83
97790,116.82
51492,116.78
86990,116.76
57209,116.76
76006,116.73
29476,116.71
92462,116.71
67330,116.7
42553,116.67
18107,116.66
531,116.61
77451,116.57
1908,116.57
69395,116.5
73598,116.5
36746,116.49
31574,116.49
72016,116.47
42249,116.47
94704,116.47
26698,116.46
15041,116.45
99509,116.25
5099,116.25
56370,116.23
8448,116.21
80561,116.16
56980,116.16
92524,116.1
70133,116.05
67311,116.05
68420,116.04
40345,116.0
38348,116.0
93363,116.0
72864,116.0
53293,115.99
45342,115.99
42638,115.99
65361,115.99
64506,115.99
68279,115.99
63512,115.99
62636,115.99
43772,115.99
46807,115.99
32829,115.97
85618,115.95
29464,115.95
53464,115.94
41073,115.94
70099,115.88
28357,115.88
20812,115.79
52973,115.75
44501,115.66
56175,115.54
82451,115.5
56733,115.5
53536,115.5
25108,115.49
63399,115.49
53742,115.42
11342,115.4
99039,115.39
44841,115.38
71737,115.35
17439,115.35
69318,115.32
20427,115.3
71575,115.3
22657,115.25
29537,115.19
53902,115.13
76369,115.11
86202,115.09
93260,115.0
36294,115.0
99655,115.0
63640,115.0
93881,115.0
35934,115.0
89366,115.0
88318,115.0
81980,115.0
78052,115.0
4520,115.0
76511,115.0
72254,115.0
69679,115.0
66180,115.0
5862,115.0
62487,115.0
10966,115.0
61522,115.0
31062,115.0
50607,115.0
50332,115.0
49311,115.0
48028,115.0
46096,115.0
18738,115.0
57449,115.0
20155,115.0
26249,115.0
41150,115.0
28617,115.0
39408,115.0
37541,115.0
18547,115.0
32482,115.0
1524,115.0
70528,114.99
59450,114.99
91177,114.99
1613,114.99
3571,114.99
36268,114.99
58808,114.99
69489,114.99
75297,114.99
71346,114.99
69824,114.99
47967,114.98
7635,114.98
32596,114.98
44536,114.97
31472,114.95
66106,114.95
79272,114.95
54556,114.94
13161,114.94
59760,114.94
47082,114.94
52694,114.94
6201,114.94
77372,114.94
13643,114.94
83513,114.93
66747,114.9
12033,114.88
19742,114.85
79853,114.85
21217,114.85
30668,114.84
49155,114.82
16318,114.77
65374,114.76
14866,114.75
86512,114.75
14435,114.75
50867,114.74
82260,114.74
25405,114.69
55737,114.6
52768,114.54
41986,114.5
12572,114.5
87458,114.5
76387,114.49
1342,114.48
35984,114.47
93708,114.45
79684,114.45
60343,114.45
27662,114.4
78026,114.4
102,114.4
23663,114.35
37063,114.34
65261,114.25
16386,114.17
96570,114.16
2594,114.13
97936,114.12
17885,114.1
40605,114.07
66419,114.01
69608,114.0
83523,114.0
25436,114.0
17001,114.0
33057,114.0
45654,114.0
23992,114.0
2541,114.0
68214,113.99
4434,113.99
87119,113.99
17909,113.99
11877,113.99
53676,113.99
47864,113.99
36610,113.99
31821,113.99
53622,113.99
99217,113.99
23085,113.98
41951,113.98
34037,113.97
23665,113.97
11310,113.95
27828,113.95
2790,113.95
70284,113.95
55246,113.94
82402,113.94
68219,113.94
8684,113.9
39594,113.9
67075,113.9
71926,113.9
24931,113.9
50456,113.89
13359,113.8
84962,113.8
60284,113.8
48193,113.8
39681,113.79
85075,113.71
75944,113.63
30948,113.56
6305,113.5
32164,113.5
68329,113.5
98875,113.49
56590,113.49
82951,113.49
80893,113.49
27033,113.49
28650,113.48
65743,113.45
59674,113.4
93098,113.39
91899,113.38
46136,113.29
56074,113.24
21820,113.11
32515,113.1
77378,113.0
23142,113.0
32170,113.0
30341,112.99
63099,112.99
6677,112.99
16684,112.99
39470,112.99
24322,112.99
17046,112.99
44310,112.99
91402,112.99
70456,112.99
55892,112.98
24920,112.98
52730,112.98
72798,112.98
97384,112.95
91765,112.95
35547,112.95
59081,112.95
89600,112.94
19268,112.94
58935,112.94
51127,112.93
27630,112.93
98773,112.89
46338,112.88
47893,112.86
59726,112.86
12275,112.86
14850,112.86
53372,112.86
78689,112.82
92251,112.76
15709,112.7
75761,112.61
10588,112.57
53757,112.5
6471,112.5
26386,112.5
93927,112.5
54858,112.5
38597,112.5
63120,112.49
89399,112.49
30201,112.46
80982,112.46
35558,112.46
74792,112.42
62503,112.37
3244,112.37
21677,112.37
90861,112.25
64592,112.23
21533,112.21
47409,112.11
5859,112.08
41533,112.08
38778,112.05
18279,112.04
40543,112.0
63105,112.0
13960,112.0
92365,112.0
29321,112.0
2275,112.0
69807,112.0
49491,112.0
50169,112.0
64333,112.0
27954,112.0
94407,111.99
91046,111.99
5452,111.99
94957,111.99
39313,111.99
2179,111.99
68381,111.99
91858,111.99
40807,111.99
44820,111.99
66653,111.99
20108,111.99
12962,111.98
56738,111.98
64275,111.98
31688,111.98
47257,111.97
35549,111.97
13564,111.95
91579,111.95
31052,111.95
63332,111.95
82848,111.94
29164,111.94
77018,111.9
32842,111.76
49436,111.65
3576,111.58
13210,111.5
71165,111.49
63344,111.49
48239,111.49
57363,111.49
13507,111.47
88219,111.44
2711,111.41
93267,111.4
31607,111.4
7841,111.4
22847,111.4
63217,111.38
9372,111.36
31654,111.35
43727,111.34
7359,111.26
94354,111.25
83615,111.25
72297,111.24
98533,111.23
49430,111.14
52492,111.13
22158,111.1
35020,111.08
95171,111.0
78470,111.0
53194,111.0
28365,111.0
62271,111.0
34676,111.0
14282,111.0
77842,110.99
13242,110.99
10477,110.99
85207,110.99
25669,110.99
47506,110.99
28547,110.99
62149,110.99
27277,110.98
45408,110.98
76640,110.98
16928,110.96
18475,110.95
75657,110.95
42578,110.94
31162,110.94
68469,110.94
1056,110.94
1751,110.94
2997,110.93
96582,110.9
64207,110.9
3820,110.87
81991,110.84
97874,110.84
15814,110.79
27064,110.67
89276,110.63
88235,110.62
60082,110.62
41494,110.6
15731,110.51
89163,110.5
46178,110.5
59193,110.5
17302,110.5
76049,110.5
44622,110.49
85545,110.49
79029,110.48
70883,110.45
37582,110.45
5757,110.41
16024,110.25
12856,110.25
86214,110.25
27127,110.12
67499,110.03
1468,110.0
96999,110.0
50493,110.0
81002,110.0
2979,110.0
51884,110.0
80501,110.0
50340,110.0
4410,110.0
35600,110.0
82693,110.0
52122,110.0
5355,110.0
1183,110.0
571,110.0
83043,110.0
6318,110.0
8142,110.0
54885,110.0
48191,110.0
9926,110.0
51462,110.0
36256,110.0
66422,110.0
92957,110.0
33207,110.0
54437,110.0
55264,110.0
17305,110.0
21515,110.0
56809,110.0
76521,110.0
74798,110.0
78335,110.0
63239,110.0
70028,110.0
57091,110.0
31494,110.0
46751,110.0
69990,110.0
98134,110.0
39607,110.0
69724,110.0
38563,110.0
84556,110.0
84804,110.0
21926,110.0
88780,110.0
36848,110.0
15288,110.0
94660,110.0
62478,110.0
96896,110.0
20929,110.0
57639,110.0
36814,110.0
57938,110.0
31141,110.0
27557,110.0
29653,110.0
68768,110.0
51074,110.0
4304,109.99
73717,109.99
3132,109.99
1987,109.99
4475,109.99
74867,109.99
75197,109.99
10286,109.99
73429,109.99
17203,109.99
70423,109.99
30207,109.99
36562,109.99
76164,109.99
77639,109.99
73601,109.99
79701,109.99
34869,109.99
39165,109.99
67073,109.99
30024,109.99
59573,109.99
52910,109.99
80479,109.99
52664,109.99
21459,109.98
99685,109.98
43203,109.97
23281,109.97
50071,109.97
90547,109.96
32099,109.95
7931,109.95
54449,109.95
74976,109.95
59658,109.95
36802,109.95
32039,109.95
4217,109.95
79681,109.95
5441,109.95
54979,109.95
25926,109.95
59709,109.95
98558,109.94
45763,109.94
25446,109.94
82345,109.94
81864,109.94
89709,109.94
90367,109.93
74174,109.9
29961,109.9
2499,109.89
17220,109.87
32919,109.87
54304,109.86
89218,109.83
59833,109.78
23376,109.73
28961,109.66
11679,109.64
33420,109.59
9049,109.52
10820,109.5
71160,109.5
88613,109.5
90766,109.5
57978,109.5
48265,109.5
46014,109.5
8450,109.5
2572,109.5
46631,109.5
89210,109.5
80882,109.49
57550,109.49
80385,109.49
20279,109.49
64700,109.49
66230,109.44
63440,109.43
89852,109.43
75059,109.41
7602,109.39
77022,109.29
22059,109.26
54115,109.23
54048,109.22
88202,109.18
62557,109.14
31388,109.13
10059,109.12
16253,109.1
46787,109.1
54417,109.1
11146,109.09
68177,109.09
20620,109.06
35482,109.0
70637,109.0
39263,109.0
28778,109.0
91850,109.0
60181,109.0
89125,109.0
92284,109.0
93597,109.0
78090,109.0
30878,109.0
23513,109.0
61726,109.0
87633,109.0
32941,109.0
45353,109.0
5435,109.0
53277,109.0
84126,109.0
3704,109.0
66007,109.0
84093,109.0
15393,109.0
69263,109.0
83046,109.0
55606,109.0
72442,109.0
47640,109.0
49850,109.0
70643,108.99
53449,108.99
48470,108.99
63637,108.99
87194,108.99
25895,108.99
54894,108.99
14133,108.99
63289,108.99
28394,108.99
40558,108.98
7833,108.98
27712,108.98
59321,108.97
30873,108.95
74029,108.95
94044,108.95
71793,108.95
83903,108.94
53259,108.94
36476,108.94
13369,108.94
79732,108.94
12230,108.93
91226,108.93
65166,108.9
14936,108.85
62948,108.81
96162,108.75
92010,108.75
16066,108.75
57903,108.75
71838,108.75
45054,108.75
19248,108.72
74851,108.62
81238,108.58
17512,108.58
62001,108.57
75375,108.54
90188,108.52
84120,108.5
49819,108.5
72326,108.5
97626,108.49
70047,108.49
11850,108.47
56104,108.45
97363,108.45
19634,108.45
63907,108.44
16803,108.3
25956,108.23
77610,108.2
8207,108.19
52967,108.15
81935,108.02
53353,108.0
15072,108.0
95353,108.0
57648,108.0
57273,108.0
1722,108.0
93093,108.0
53851,108.0
72649,108.0
61739,108.0
59954,108.0
93838,108.0
66159,108.0
52477,108.0
89684,108.0
47618,108.0
44600,108.0
14986,108.0
41114,108.0
82703,108.0
31635,108.0
11311,108.0
82128,108.0
66594,108.0
75980,108.0
26549,108.0
74124,108.0
86509,108.0
84763,107.99
66030,107.99
90876,107.99
39198,107.99
65472,107.99
49211,107.99
84639,107.99
7245,107.99
96703,107.98
28221,107.97
21036,107.95
89031,107.95
56960,107.95
18194,107.94
54984,107.94
46965,107.94
2680,107.94
21993,107.93
21827,107.92
81868,107.9
77735,107.9
5317,107.65
54647,107.65
71373,107.63
6851,107.52
10838,107.5
86210,107.49
66208,107.45
56518,107.43
45419,107.43
24109,107.42
58279,107.4
84710,107.39
86553,107.39
19627,107.38
52788,107.35
39443,107.24
51952,107.2
36826,107.16
38761,107.16
52509,107.15
14887,107.15
4471,107.12
20227,107.0
58734,107.0
57337,107.0
34082,107.0
50827,107.0
31169,107.0
31161,107.0
10021,107.0
47814,107.0
42412,107.0
25222,107.0
46867,107.0
77213,107.0
31210,106.99
67651,106.99
16750,106.99
5632,106.99
29557,106.98
65836,106.98
45544,106.98
65257,106.98
83275,106.98
22352,106.98
52646,106.98
42562,106.98
48712,106.97
46124,106.96
62690,106.95
64644,106.95
8718,106.95
39890,106.95
25098,106.93
23052,106.89
32741,106.88
1398,106.84
80070,106.77
27598,106.77
17143,106.75
38734,106.69
75048,106.62
73228,106.61
24282,106.54
60827,106.53
88112,106.5
43357,106.49
24583,106.49
72958,106.49
20936,106.48
63318,106.45
11879,106.45
49711,106.45
24027,106.44
65277,106.43
81987,106.4
4895,106.38
68357,106.34
94910,106.33
23878,106.3
36819,106.25
37072,106.24
41518,106.0
50874,106.0
33394,106.0
14926,106.0
31200,106.0
97772,106.0
32479,106.0
4035,106.0
31317,106.0
67865,105.99
44612,105.99
65893,105.99
90395,105.99
20484,105.99
23054,105.99
32104,105.99
40128,105.98
20522,105.98
81128,105.97
6272,105.96
60166,105.96
22889,105.95
39952,105.95
1301,105.95
40559,105.93
53361,105.93
90828,105.93
83490,105.93
2134,105.9
6996,105.86
37707,105.86
62617,105.84
37825,105.84
68867,105.84
27197,105.74
60222,105.7
52403,105.63
32017,105.58
84903,105.56
43560,105.56
81066,105.56
22912,105.56
68264,105.56
77432,105.56
22343,105.56
37488,105.56
15435,105.56
6395,105.55
14369,105.53
91519,105.5
52724,105.5
23299,105.49
23113,105.45
57122,105.4
94127,105.39
20264,105.38
15177,105.38
61106,105.38
75194,105.38
86682,105.3
91773,105.27
94259,105.26
76811,105.26
29059,105.19
75820,105.15
17490,105.05
40565,105.05
61045,105.02
54655,105.0
88044,105.0
89110,105.0
92107,105.0
15391,105.0
50870,105.0
77452,105.0
18903,105.0
71896,105.0
86264,105.0
84794,105.0
76524,105.0
40036,105.0
43642,105.0
93655,105.0
84301,105.0
29222,105.0
79935,105.0
4949,105.0
65324,104.99
94136,104.99
29948,104.99
60276,104.99
91057,104.99
10092,104.99
21182,104.99
75869,104.99
8556,104.99
89057,104.99
13509,104.99
34742,104.99
68553,104.99
77920,104.99
90927,104.99
8007,104.99
31486,104.99
2899,104.99
5822,104.99
50943,104.99
42679,104.99
79662,104.99
9653,104.99
7503,104.99
34438,104.99
2554,104.99
60459,104.99
6593,104.99
83797,104.99
32100,104.99
15136,104.99
8957,104.99
57300,104.99
79714,104.99
20268,104.99
54684,104.98
29914,104.98
46861,104.98
68717,104.98
98288,104.98
94233,104.95
45955,104.95
58327,104.95
74622,104.95
10276,104.95
41256,104.95
91225,104.95
74934,104.95
47622,104.95
47856,104.95
40196,104.95
51875,104.94
64546,104.94
49031,104.94
47745,104.92
17935,104.9
93937,104.9
96212,104.81
21378,104.8
94534,104.78
39268,104.75
5109,104.74
35253,104.7
89590,104.68
65577,104.64
47112,104.61
66518,104.61
47686,104.6
82859,104.57
12792,104.56
57328,104.5
12058,104.5
83216,104.5
43497,104.5
59740,104.5
25253,104.5
53304,104.5
68447,104.5
61821,104.49
24444,104.49
56242,104.49
39108,104.48
50277,104.45
73470,104.45
81550,104.43
60406,104.43
44353,104.42
77900,104.42
27182,104.42
92722,104.39
62854,104.32
56988,104.18
30775,104.03
68769,104.01
64455,104.01
56329,104.01
26731,104.0
52220,104.0
7548,104.0
84461,104.0
63446,104.0
6523,104.0
99819,104.0
45267,104.0
72077,104.0
67680,104.0
42260,103.99
61309,103.99
83713,103.99
23675,103.99
21695,103.99
30334,103.99
80063,103.99
42842,103.98
14353,103.98
70937,103.98
64600,103.97
1047,103.96
56737,103.95
90594,103.95
13208,103.95
86709,103.95
33660,103.95
31528,103.91
9954,103.89
84834,103.89
56541,103.81
76926,103.79
33295,103.78
3162,103.68
56112,103.5
15739,103.49
39392,103.48
95324,103.45
34253,103.43
86585,103.39
74878,103.33
1208,103.32
65447,103.29
85779,103.24
69877,103.23
97358,103.2
56463,103.2
70445,103.19
21878,103.18
39362,103.17
70308,103.13
26996,103.13
33847,103.13
84035,103.07
31793,103.0
28854,103.0
37000,103.0
30296,103.0
54841,103.0
50613,103.0
29724,103.0
26300,103.0
16864,103.0
24267,103.0
454,103.0
20772,102.99
77851,102.99
66329,102.99
71629,102.99
17558,102.99
17630,102.99
18342,102.99
32946,102.99
92327,102.99
83591,102.99
87377,102.99
78153,102.99
97985,102.99
50718,102.99
12332,102.98
64548,102.98
75243,102.96
5450,102.95
3952,102.95
65758,102.94
88545,102.94
56755,102.9
65376,102.9
52116,102.9
38560,102.9
49325,102.89
52970,102.85
46066,102.84
82651,102.84
97781,102.8
31629,102.79
89373,102.7
97372,102.64
52943,102.6
3295,102.58
15133,102.56
2186,102.53
9009,102.5
91541,102.5
68046,102.49
22706,102.49
96045,102.45
35643,102.41
87928,102.4
79094,102.39
81666,102.38
24377,102.31
82370,102.3
16871,102.3
46511,102.27
79669,102.16
95989,102.16
54733,102.16
24196,102.15
70740,102.02
79957,102.0
69010,102.0
91336,102.0
25829,102.0
1496,102.0
12339,102.0
35538,102.0
94458,102.0
37797,101.99
76181,101.99
64493,101.99
24913,101.99
22141,101.99
89158,101.99
14895,101.99
41894,101.99
30387,101.98
8093,101.98
23306,101.97
8591,101.97
75153,101.97
61716,101.95
51222,101.94
52934,101.94
64471,101.91
9458,101.9
92741,101.9
58444,101.83
31594,101.79
13809,101.77
20592,101.73
71156,101.7
61508,101.65
44468,101.6
81790,101.57
13450,101.56
21934,101.5
14591,101.49
63237,101.49
34668,101.49
33229,101.46
86204,101.44
46390,101.41
74096,101.38
90710,101.3
7713,101.29
26839,101.25
64686,101.25
42013,101.18
74015,101.08
32836,101.06
74500,101.03
10968,101.01
76858,101.0
85464,101.0
26101,101.0
12218,101.0
54707,101.0
933,101.0
35087,101.0
24892,101.0
6928,101.0
60790,100.99
73342,100.99
92256,100.99
53824,100.99
47516,100.99
19601,100.99
34172,100.99
93683,100.99
59348,100.99
461,100.99
72776,100.99
62572,100.99
86239,100.98
62565,100.97
94267,100.95
87154,100.95
99186,100.95
74025,100.95
38077,100.94
9699,100.94
21720,100.94
27589,100.92
3211,100.84
84753,100.8
12594,100.8
8210,100.78
26703,100.78
63515,100.78
95771,100.75
89525,100.72
80573,100.72
27243,100.65
26483,100.59
59998,100.57
9682,100.55
88961,100.5
65596,100.47
89138,100.45
55903,100.44
67751,100.41
27128,100.4
54651,100.35
58111,100.34
97630,100.33
29739,100.1
99478,100.05
45081,100.04
68949,100.0
20768,100.0
3258,100.0
95189,100.0
88323,100.0
94523,100.0
908,100.0
80735,100.0
45532,100.0
7705,100.0
92482,100.0
20671,100.0
59834,100.0
61133,100.0
23591,100.0
58606,100.0
63301,100.0
67168,100.0
73368,100.0
76015,100.0
40659,100.0
55454,100.0
35110,100.0
36353,100.0
85606,100.0
56542,100.0
97143,100.0
54307,100.0
3696,100.0
41193,100.0
47615,100.0
19287,100.0
65629,99.99
85693,99.99
25200,99.99
98137,99.99
28691,99.99
62699,99.99
34532,99.99
96754,99.99
78716,99.99
43614,99.99
30582,99.99
90473,99.99
61875,99.99
55916,99.99
37706,99.99
56948,99.99
90787,99.99
43845,99.99
11539,99.99
26429,99.99
8944,99.99
39563,99.99
94391,99.99
72939,99.99
8615,99.99
16020,99.99
58453,99.99
25366,99.99
90140,99.99
92942,99.99
89242,99.99
32147,99.99
66762,99.99
23911,99.99
7797,99.99
66309,99.99
89494,99.99
7684,99.99
37477,99.99
24381,99.99
87507,99.99
63221,99.99
54169,99.99
71525,99.99
66497,99.99
30573,99.99
16207,99.99
53853,99.99
57333,99.99
81857,99.99
39880,99.99
99063,99.99
24428,99.99
82137,99.99
24419,99.99
41091,99.99
65412,99.99
82321,99.99
40138,99.99
6556,99.99
45547,99.99
32911,99.99
29468,99.99
84091,99.99
68611,99.99
33769,99.99
58043,99.99
94321,99.99
5116,99.99
91244,99.99
45311,99.99
18300,99.99
91272,99.99
3353,99.99
1004,99.99
86499,99.99
40267,99.99
66844,99.99
29397,99.99
79309,99.99
22096,99.99
57355,99.98
88234,99.98
97150,99.98
38763,99.98
56517,99.98
71488,99.98
42369,99.98
19605,99.97
6865,99.96
9200,99.95
55427,99.95
89802,99.95
28735,99.95
14215,99.95
53899,99.95
7859,99.95
54636,99.95
4172,99.95
64449,99.95
65597,99.95
3478,99.95
17033,99.95
20995,99.95
25608,99.95
49995,99.95
43835,99.95
28411,99.95
58070,99.95
10218,99.94
3311,99.94
73519,99.93
78876,99.93
5135,99.93
50561,99.93
88498,99.91
86054,99.9
43974,99.9
65137,99.9
91292,99.89
87564,99.89
23242,99.87
38139,99.85
52180,99.84
80664,99.83
97013,99.82
77894,99.81
36532,99.81
34449,99.8
11468,99.75
88152,99.74
70576,99.74
63310,99.73
19628,99.71
6425,99.71
69624,99.7
25344,99.69
43874,99.65
94614,99.65
61253,99.65
54078,99.65
60405,99.53
44870,99.5
87814,99.5
29169,99.5
28857,99.5
13689,99.5
57013,99.5
84979,99.5
53838,99.5
27491,99.5
81836,99.5
81459,99.5
10941,99.5
86236,99.5
7810,99.5
30058,99.5
99300,99.5
17746,99.5
37724,99.5
92140,99.5
66694,99.5
85193,99.5
3259,99.5
85685,99.5
25904,99.5
33760,99.49
39031,99.49
27548,99.49
99097,99.49
72345,99.49
60053,99.49
39592,99.48
668,99.45
12036,99.45
62225,99.44
89539,99.43
68370,99.43
34520,99.4
58134,99.39
35890,99.38
39230,99.38
24090,99.34
33424,99.34
61603,99.22
33027,99.22
63468,99.09
28033,99.09
49333,99.06
8213,99.0
69363,99.0
57099,99.0
97232,99.0
22684,99.0
48335,99.0
98281,99.0
67378,99.0
83701,99.0
70616,99.0
81812,99.0
57424,99.0
66943,99.0
66402,99.0
83807,99.0
22463,99.0
722,99.0
12171,99.0
44201,99.0
26198,99.0
11690,99.0
60955,99.0
17079,99.0
35284,99.0
31423,99.0
67570,99.0
68423,99.0
26521,99.0
1681,99.0
93717,99.0
21545,99.0
83874,99.0
80437,99.0
69182,99.0
57839,99.0
65963,99.0
29170,99.0
51979,99.0
96525,99.0
80268,99.0
70006,99.0
71506,99.0
54359,99.0
45388,99.0
38936,99.0
54753,99.0
23157,99.0
2649,99.0
35183,99.0
4856,99.0
62097,99.0
85908,99.0
59762,99.0
5785,99.0
88667,99.0
39437,99.0
65098,99.0
62784,99.0
40793,99.0
71948,99.0
38692,99.0
10961,99.0
91195,98.99
19565,98.99
68722,98.99
17959,98.99
3318,98.98
67097,98.98
85715,98.97
75172,98.97
66227,98.97
43484,98.96
66818,98.95
37629,98.95
10944,98.95
33904,98.95
21204,98.95
4345,98.94
1790,98.93
9288,98.93
16919,98.93
22602,98.92
14944,98.9
60462,98.89
41440,98.8
60318,98.78
2516,98.72
27777,98.7
77875,98.66
93014,98.66
16226,98.5
68378,98.5
45742,98.49
7286,98.48
96598,98.46
13275,98.44
53575,98.4
29519,98.35
43431,98.33
42310,98.26
30815,98.25
64110,98.24
84440,98.23
31433,98.22
61768,98.22
48326,98.17
77084,98.1
58812,98.08
22449,98.08
11523,98.08
185,98.08
35573,98.0
29402,98.0
52705,98.0
51890,98.0
81943,98.0
23592,98.0
83801,98.0
51643,98.0
54331,98.0
55507,98.0
84195,98.0
81687,98.0
58263,98.0
97848,98.0
50605,98.0
81572,98.0
70889,98.0
85243,98.0
80739,98.0
50524,98.0
85796,98.0
50359,98.0
49064,98.0
79947,98.0
60363,98.0
70221,98.0
48620,98.0
63657,98.0
96974,98.0
86618,98.0
78396,98.0
60612,98.0
60637,98.0
70124,98.0
87036,98.0
34076,98.0
1321,98.0
48458,98.0
47320,98.0
4640,98.0
6529,98.0
7792,98.0
76145,98.0
89434,98.0
60742,98.0
9473,98.0
9870,98.0
44524,98.0
10327,98.0
10334,98.0
43873,98.0
61038,98.0
90242,98.0
11221,98.0
27105,98.0
32993,98.0
61279,98.0
11577,98.0
69815,98.0
62189,98.0
43263,98.0
90978,98.0
75563,98.0
88268,98.0
42262,98.0
40762,98.0
51933,98.0
12775,98.0
13768,98.0
97470,98.0
14082,98.0
15946,98.0
65936,98.0
30750,98.0
74801,98.0
73094,98.0
16980,98.0
66169,98.0
17828,98.0
67781,98.0
29648,98.0
19510,98.0
68587,98.0
91477,98.0
20491,98.0
39653,98.0
21351,98.0
96827,98.0
72780,98.0
71571,98.0
21635,98.0
35717,98.0
22779,98.0
35977,98.0
99227,98.0
38756,98.0
23715,98.0
92662,98.0
93382,98.0
93962,98.0
69118,98.0
72719,98.0
24592,98.0
98617,98.0
97487,98.0
38593,98.0
38578,98.0
27743,98.0
28853,98.0
95990,98.0
38553,98.0
29282,98.0
11972,98.0
75063,97.99
22905,97.99
45163,97.99
9055,97.99
8343,97.99
50633,97.99
19195,97.99
90535,97.99
27820,97.99
92152,97.99
33932,97.99
15409,97.99
7763,97.99
53107,97.98
73382,97.98
19517,97.98
23115,97.98
38157,97.98
1862,97.98
721,97.95
89941,97.95
39856,97.95
31196,97.95
90869,97.95
70036,97.95
10617,97.95
8066,97.94
69928,97.94
23276,97.92
55138,97.91
83021,97.91
57905,97.9
56510,97.89
31816,97.88
19117,97.81
73488,97.8
25834,97.75
66332,97.74
46862,97.71
63006,97.7
20597,97.6
4759,97.57
42087,97.55
7241,97.53
22748,97.5
98094,97.5
10978,97.5
49054,97.5
28823,97.5
82585,97.5
97458,97.5
61929,97.49
52047,97.49
19523,97.49
94484,97.49
37484,97.47
20932,97.47
64280,97.44
73823,97.4
71902,97.37
27675,97.33
18311,97.33
16037,97.33
32027,97.3
36315,97.3
56079,97.3
68812,97.26
1903,97.23
5305,97.2
78851,97.2
31824,97.2
38343,97.19
94541,97.19
4808,97.09
49253,97.09
59884,97.03
71496,97.01
75804,97.01
26169,97.0
53008,97.0
14556,97.0
16477,97.0
92625,97.0
79445,97.0
1306,97.0
58378,97.0
92528,97.0
37289,97.0
23199,96.99
45765,96.99
89577,96.99
54528,96.99
53103,96.98
69255,96.98
86376,96.97
19408,96.97
24834,96.95
56871,96.95
20543,96.95
53188,96.95
45045,96.95
37145,96.84
83530,96.75
17225,96.75
37906,96.74
53636,96.67
30978,96.66
66954,96.63
9156,96.6
11603,96.58
44467,96.55
75711,96.5
41209,96.5
52333,96.49
628,96.49
96484,96.47
7778,96.43
82853,96.43
6624,96.41
67860,96.39
29212,96.39
23032,96.34
68813,96.25
20520,96.25
12247,96.2
282,96.18
55226,96.16
63886,96.11
98952,96.11
41737,96.05
91105,96.02
6713,96.0
98097,96.0
96629,96.0
88460,96.0
32952,96.0
45811,96.0
86538,96.0
47170,96.0
33954,96.0
14210,96.0
94498,96.0
37480,96.0
95636,96.0
20246,96.0
496,96.0
9902,96.0
65517,96.0
14625,96.0
62353,96.0
11425,96.0
93204,95.99
20105,95.99
72708,95.99
53302,95.99
49891,95.99
75599,95.99
44411,95.99
14417,95.99
28888,95.99
38729,95.99
61614,95.99
62581,95.99
75647,95.99
8986,95.99
49526,95.99
91824,95.99
11970,95.99
84900,95.99
82157,95.99
1421,95.98
23593,95.98
73666,95.96
40951,95.95
49304,95.95
24528,95.95
89725,95.95
79526,95.95
3566,95.94
69261,95.94
41598,95.94
36998,95.93
64085,95.9
6533,95.9
62999,95.9
89623,95.9
78490,95.8
46944,95.79
42656,95.79
76348,95.7
58403,95.67
33265,95.66
57357,95.55
3917,95.52
31672,95.5
4234,95.5
71444,95.5
49828,95.5
90181,95.5
10384,95.5
71055,95.49
94675,95.47
77619,95.44
22520,95.38
91797,95.35
89440,95.26
9154,95.24
58705,95.22
65127,95.06
73573,95.02
27344,95.0
51897,95.0
25736,95.0
14615,95.0
26917,95.0
11751,95.0
57987,95.0
98085,95.0
84806,95.0
36484,95.0
5604,95.0
27006,95.0
54527,95.0
2100,95.0
85679,95.0
74542,95.0
28559,95.0
28723,95.0
99923,95.0
90752,95.0
91354,95.0
20446,95.0
51956,95.0
87746,95.0
88020,95.0
20085,95.0
83448,95.0
14830,94.99
49752,94.99
61084,94.99
74039,94.99
31891,94.99
2206,94.99
28656,94.99
94984,94.99
43539,94.99
19821,94.99
57986,94.99
42131,94.99
63837,94.99
68623,94.99
69067,94.99
55333,94.99
89275,94.99
55048,94.99
39593,94.98
26403,94.98
35041,94.98
90105,94.97
503,94.95
2488,94.95
14480,94.95
34977,94.95
35982,94.95
50789,94.95
13632,94.95
51402,94.95
76076,94.95
78842,94.95
22758,94.94
86485,94.94
77156,94.94
34858,94.94
40530,94.94
68787,94.93
94600,94.93
90680,94.93
13412,94.93
12227,94.93
58599,94.91
89008,94.9
4523,94.9
930,94.89
45901,94.88
339,94.83
50268,94.8
23994,94.75
90536,94.72
63824,94.68
86449,94.6
23948,94.6
39518,94.59
51840,94.54
66858,94.5
70784,94.5
26480,94.5
87812,94.5
7815,94.5
31050,94.5
26197,94.5
19871,94.5
61957,94.5
24668,94.5
89965,94.5
53991,94.5
75079,94.5
14257,94.49
8786,94.49
66278,94.49
46859,94.48
12599,94.48
86859,94.47
69879,94.45
63967,94.45
93083,94.44
3347,94.4
20318,94.35
33094,94.34
75865,94.29
8989,94.2
54999,94.2
39993,94.12
29343,94.12
56692,94.07
75733,94.06
30151,94.04
4275,94.0
19137,94.0
94292,94.0
17981,94.0
80441,94.0
42164,94.0
44261,94.0
32356,94.0
8874,94.0
14984,94.0
64608,94.0
9921,94.0
1116,94.0
62267,94.0
99556,94.0
30209,93.99
38625,93.99
42387,93.99
18940,93.99
16852,93.99
73775,93.99
17953,93.99
40512,93.99
40446,93.99
60099,93.99
83069,93.98
52645,93.98
83457,93.98
75701,93.97
36269,93.97
38601,93.97
98418,93.96
32499,93.95
65771,93.95
44704,93.95
63910,93.94
81628,93.94
19992,93.94
34484,93.94
92390,93.94
24936,93.93
71868,93.92
5114,93.91
40871,93.87
75513,93.87
63690,93.87
13388,93.8
85104,93.8
5290,93.78
52105,93.65
32828,93.6
9509,93.5
44140,93.5
6508,93.49
81663,93.49
21376,93.44
1849,93.42
29220,93.4
1179,93.39
69233,93.39
39223,93.39
45569,93.38
48233,93.33
87317,93.32
30212,93.24
30260,93.21
59337,93.14
50756,93.13
40353,93.0
18833,93.0
95274,93.0
31908,93.0
83768,93.0
77865,93.0
21157,93.0
97671,93.0
23991,93.0
90461,93.0
97449,93.0
50776,93.0
95229,93.0
92666,93.0
35354,93.0
25869,93.0
20407,93.0
23287,93.0
69742,92.99
65926,92.99
47447,92.99
22147,92.99
76683,92.99
25146,92.99
12110,92.99
89324,92.99
14617,92.99
77506,92.99
6706,92.99
41814,92.98
97839,92.98
44900,92.98
43927,92.98
64228,92.98
76753,92.97
81473,92.97
8527,92.95
65036,92.95
41530,92.95
63670,92.95
93321,92.95
50557,92.95
76834,92.95
73341,92.95
91453,92.95
83779,92.94
36935,92.94
3163,92.94
72361,92.94
20317,92.92
80236,92.77
93390,92.77
68199,92.74
80791,92.73
14083,92.71
1393,92.71
62305,92.7
27827,92.6
50145,92.56
5051,92.55
87755,92.5
20436,92.5
49833,92.5
76826,92.5
68659,92.5
78384,92.5
24797,92.5
27934,92.48
4288,92.42
22711,92.4
92343,92.4
43831,92.4
29850,92.4
48437,92.4
98967,92.39
55713,92.38
83723,92.36
12844,92.36
13014,92.25
91036,92.1
39788,92.04
71190,92.02
71664,92.0
96696,92.0
43376,92.0
10603,92.0
25107,92.0
33883,92.0
33603,92.0
63136,92.0
52260,92.0
88437,92.0
5884,92.0
94122,92.0
24395,92.0
320,92.0
13601,92.0
3275,92.0
45761,92.0
10663,91.99
28910,91.99
39333,91.99
33387,91.99
93122,91.99
7160,91.99
95089,91.99
99674,91.99
91210,91.99
8031,91.99
67408,91.99
47445,91.99
55449,91.98
22637,91.98
96470,91.98
12490,91.98
22302,91.97
98499,91.97
1916,91.96
62333,91.95
79199,91.95
53944,91.95
61677,91.95
33159,91.94
24747,91.94
14144,91.94
25075,91.94
48435,91.94
99219,91.9
90401,91.89
29767,91.73
48820,91.61
61293,91.6
46709,91.54
38488,91.5
93564,91.5
61527,91.5
12893,91.5
34590,91.5
19391,91.5
15715,91.49
71526,91.49
5132,91.49
38241,91.49
7687,91.49
22884,91.49
86723,91.48
38080,91.47
72217,91.46
14482,91.45
26701,91.45
41819,91.38
3824,91.38
23526,91.3
2757,91.25
15415,91.23
97254,91.22
54214,91.16
87965,91.16
63781,91.15
23260,91.14
51166,91.13
85132,91.13
51458,91.09
90403,91.08
4209,91.07
4742,91.02
94344,91.0
24756,91.0
15770,91.0
60473,91.0
15586,91.0
50307,91.0
9573,91.0
57140,91.0
71717,90.99
63162,90.99
54910,90.99
82590,90.99
59836,90.99
97478,90.99
74292,90.99
15599,90.98
46008,90.98
34366,90.98
74747,90.98
62773,90.95
52065,90.95
82061,90.94
43261,90.94
93071,90.93
48159,90.91
27978,90.9
77059,90.89
9150,90.82
71232,90.77
90693,90.75
93511,90.74
50135,90.74
79551,90.65
36957,90.58
91325,90.54
80865,90.54
92408,90.5
99866,90.49
47755,90.44
26864,90.41
93658,90.39
92449,90.39
3322,90.32
41828,90.3
71381,90.3
40771,90.29
10385,90.22
25525,90.22
26364,90.22
57872,90.09
25953,90.08
71034,90.06
19246,90.04
53600,90.0
92534,90.0
54971,90.0
61590,90.0
25199,90.0
96744,90.0
30834,90.0
58210,90.0
58951,90.0
36304,90.0
61497,90.0
64513,90.0
92992,90.0
65141,90.0
66900,90.0
74298,90.0
78898,90.0
87224,90.0
1295,90.0
14252,90.0
90089,90.0
93079,90.0
12830,90.0
94238,90.0
40130,90.0
70879,90.0
22632,90.0
10853,89.99
83267,89.99
26366,89.99
10738,89.99
12381,89.99
12762,89.99
14057,89.99
16068,89.99
18794,89.99
19847,89.99
22768,89.99
23882,89.99
25053,89.99
25893,89.99
27046,89.99
28973,89.99
29113,89.99
32875,89.99
36796,89.99
38768,89.99
40215,89.99
40828,89.99
41760,89.99
42203,89.99
36773,89.99
72499,89.99
44094,89.99
45970,89.99
47300,89.99
47889,89.99
48504,89.99
48192,89.99
5337,89.99
98428,89.99
50275,89.99
50754,89.99
10050,89.99
50926,89.99
9433,89.99
51103,89.99
51440,89.99
22429,89.99
9082,89.99
98048,89.99
52389,89.99
55657,89.99
55633,89.99
56616,89.99
56688,89.99
6195,89.99
56912,89.99
5963,89.99
5238,89.99
57542,89.99
3096,89.99
57754,89.99
58328,89.99
96949,89.99
96926,89.99
94255,89.99
62697,89.99
63793,89.99
7211,89.99
93412,89.99
88211,89.99
87671,89.99
73050,89.99
74731,89.99
75501,89.99
87051,89.99
78837,89.99
86085,89.99
75792,89.99
77527,89.99
77580,89.99
77629,89.99
86057,89.99
6674,89.99
78036,89.99
84234,89.99
78956,89.99
32880,89.99
79875,89.99
40811,89.99
11874,89.99
8759,89.98
42984,89.98
78484,89.98
55184,89.98
80218,89.98
85622,89.98
48033,89.98
95820,89.98
40527,89.98
43403,89.98
63499,89.98
48216,89.98
67236,89.98
64301,89.98
39598,89.97
26447,89.97
3796,89.97
35129,89.95
8742,89.95
88474,89.95
89634,89.95
92142,89.95
83852,89.95
80816,89.95
80459,89.95
83045,89.95
76122,89.95
75560,89.95
74755,89.95
95982,89.95
97999,89.95
69750,89.95
66311,89.95
64757,89.95
60806,89.95
59274,89.95
93176,89.95
57723,89.95
56376,89.95
50566,89.95
50438,89.95
76336,89.95
39011,89.95
35385,89.95
24128,89.95
7812,89.95
23652,89.95
623,89.95
21118,89.95
20920,89.95
695,89.95
26903,89.95
14737,89.95
14287,89.95
3520,89.95
82529,89.95
73946,89.94
40361,89.94
43204,89.94
40710,89.94
54250,89.93
39996,89.93
15804,89.93
86011,89.93
1952,89.93
67278,89.92
76885,89.91
35544,89.9
4083,89.9
67604,89.88
21747,89.87
60603,89.82
64219,89.8
19926,89.78
73829,89.75
85410,89.74
85738,89.71
76881,89.71
29182,89.69
33125,89.62
52936,89.6
11643,89.6
49566,89.53
90527,89.5
40422,89.5
43822,89.5
19943,89.5
17261,89.5
2342,89.5
19270,89.5
1848,89.5
35292,89.5
88440,89.5
81999,89.5
29551,89.5
94339,89.5
91708,89.5
29189,89.5
34580,89.5
47362,89.5
40628,89.5
58929,89.5
61506,89.5
64135,89.5
81288,89.5
99348,89.5
74092,89.5
70859,89.5
99695,89.5
98817,89.5
12366,89.5
40030,89.49
24518,89.49
42918,89.45
35854,89.4
31053,89.35
50258,89.2
93869,89.19
20222,89.13
1091,89.1
59651,89.1
28660,89.0
85992,89.0
91566,89.0
29230,89.0
53013,89.0
67983,89.0
90821,89.0
32447,89.0
36184,89.0
64056,89.0
38594,89.0
16383,89.0
27812,89.0
75533,89.0
15520,89.0
43884,89.0
6306,89.0
26776,89.0
5744,89.0
2137,89.0
18126,89.0
80752,89.0
14367,89.0
8425,89.0
67780,89.0
18134,89.0
47109,89.0
14409,89.0
49875,89.0
64817,89.0
10088,89.0
18337,89.0
81470,89.0
99949,89.0
25328,89.0
18931,89.0
52725,89.0
83951,89.0
57160,89.0
94376,89.0
58753,89.0
85259,89.0
64415,89.0
20035,89.0
27911,89.0
71414,89.0
25756,89.0
21954,89.0
93183,89.0
60547,89.0
89853,89.0
87004,89.0
73289,89.0
21295,88.99
21410,88.99
13446,88.99
98376,88.99
41488,88.99
53149,88.99
92963,88.98
80940,88.98
30383,88.98
5685,88.98
56743,88.98
69941,88.97
61845,88.97
10065,88.95
40283,88.95
30530,88.95
59145,88.95
27623,88.95
57108,88.95
41451,88.95
71295,88.94
69776,88.94
37496,88.94
99772,88.94
6779,88.94
96758,88.9
53329,88.9
59022,88.9
60728,88.88
54172,88.87
24534,88.86
35202,88.86
80467,88.8
19131,88.79
27902,88.77
57545,88.77
45010,88.77
75964,88.77
51595,88.75
21577,88.74
64722,88.72
6334,88.67
48555,88.66
87878,88.63
36045,88.6
50263,88.5
44106,88.5
6188,88.5
19990,88.5
83575,88.5
71289,88.5
23876,88.5
82269,88.5
8228,88.49
73848,88.49
15727,88.48
88754,88.41
47365,88.39
36760,88.31
53199,88.13
39882,88.08
85322,88.07
73423,88.06
17,88.0
52939,88.0
35843,88.0
80839,88.0
25958,88.0
73710,88.0
72984,88.0
39823,88.0
80277,88.0
39959,88.0
84644,88.0
75886,88.0
89358,88.0
66975,88.0
37481,88.0
77759,88.0
33582,88.0
16569,88.0
42861,88.0
65636,88.0
78133,88.0
80264,88.0
65425,88.0
69212,88.0
72187,88.0
37297,88.0
24202,88.0
26451,88.0
12532,88.0
63794,88.0
30129,88.0
62525,88.0
95326,88.0
42866,88.0
501,88.0
59796,88.0
56935,88.0
18343,88.0
43527,88.0
36727,88.0
31502,88.0
11265,88.0
96557,88.0
54788,88.0
94439,88.0
11978,88.0
88696,88.0
98924,88.0
81103,88.0
92133,88.0
744,88.0
93978,88.0
91643,88.0
41080,88.0
6408,88.0
69579,88.0
31928,88.0
78727,88.0
74614,88.0
73347,88.0
23609,88.0
84330,88.0
54603,88.0
4070,88.0
40561,88.0
53875,88.0
92041,88.0
50507,88.0
93487,88.0
14455,88.0
99322,88.0
35855,88.0
80963,87.99
71300,87.99
25356,87.99
54045,87.99
70272,87.99
75276,87.99
59831,87.99
23730,87.99
12949,87.99
33477,87.99
14375,87.99
31850,87.98
24477,87.98
71226,87.98
46534,87.95
40038,87.95
99520,87.95
33930,87.95
5069,87.95
79378,87.94
17291,87.94
92277,87.94
57162,87.94
37839,87.92
19914,87.9
13041,87.9
7968,87.89
89162,87.89
90078,87.89
18679,87.86
93491,87.8
28131,87.78
74438,87.74
72160,87.72
14090,87.7
44713,87.6
2503,87.58
66537,87.58
38894,87.58
86138,87.5
83431,87.5
328,87.5
62020,87.5
18768,87.5
60178,87.5
61173,87.5
58465,87.5
6145,87.49
95932,87.49
91892,87.49
60413,87.49
81144,87.43
42983,87.39
12063,87.37
93604,87.36
39771,87.35
5446,87.34
84014,87.26
46256,87.24
49829,87.24
90164,87.2
22564,87.19
28489,87.1
13377,87.1
97050,87.05
11601,87.05
48534,87.0
67153,87.0
58971,87.0
96495,87.0
80298,87.0
99521,87.0
13568,87.0
36395,87.0
15700,87.0
9608,87.0
24352,87.0
61068,87.0
98354,87.0
67797,87.0
62726,87.0
68939,87.0
60579,86.99
39044,86.99
90696,86.99
30343,86.99
57798,86.99
1655,86.99
52191,86.99
29668,86.99
28999,86.99
17612,86.99
80687,86.98
148,86.98
57963,86.98
22140,86.98
76050,86.98
51393,86.98
50224,86.98
94771,86.98
11509,86.97
69026,86.97
19744,86.96
66916,86.96
77931,86.95
73939,86.95
40214,86.95
76902,86.95
81617,86.95
34193,86.94
91800,86.94
65705,86.92
54867,86.9
6964,86.85
74262,86.85
73687,86.8
91933,86.78
69577,86.75
29339,86.75
59229,86.7
72398,86.62
75189,86.59
17153,86.55
26034,86.54
29225,86.51
14023,86.5
66785,86.5
47388,86.47
36633,86.47
14075,86.46
81579,86.46
30764,86.45
69872,86.45
98123,86.45
92529,86.45
45464,86.41
33974,86.41
83664,86.39
74411,86.32
97940,86.25
55072,86.25
80988,86.25
68124,86.16
21285,86.14
45150,86.13
66040,86.13
60441,86.12
69519,86.11
78589,86.11
25421,86.1
92192,86.08
91618,86.08
40157,86.08
81923,86.01
89968,86.0
12877,86.0
4709,86.0
8545,86.0
96083,86.0
6421,86.0
14947,86.0
22860,86.0
2370,86.0
11618,86.0
28231,86.0
79972,86.0
86080,86.0
36580,86.0
20575,86.0
17706,86.0
59945,86.0
37403,86.0
4518,86.0
34171,86.0
34968,85.99
15020,85.99
12674,85.99
77817,85.99
84421,85.99
32978,85.99
44810,85.99
67733,85.99
67192,85.99
26399,85.99
10077,85.99
782,85.99
67024,85.97
9856,85.96
83835,85.95
98670,85.95
94535,85.95
56964,85.95
74106,85.94
16399,85.94
15418,85.94
21170,85.93
40763,85.9
97446,85.9
92770,85.89
76473,85.89
42079,85.86
58235,85.83
91676,85.82
99641,85.82
29390,85.79
29317,85.79
29144,85.79
39705,85.72
78947,85.68
58544,85.68
864,85.68
89246,85.61
76366,85.61
9786,85.6
54566,85.59
93805,85.58
51008,85.55
51947,85.53
78967,85.5
42259,85.5
12887,85.5
47288,85.5
67208,85.5
71985,85.49
3139,85.49
39149,85.48
57668,85.45
75573,85.42
5746,85.42
32204,85.4
90123,85.39
49375,85.39
96735,85.38
67395,85.35
83396,85.29
42073,85.27
63621,85.25
79097,85.25
70501,85.24
83445,85.23
48886,85.23
70919,85.19
6716,85.16
75337,85.12
66981,85.12
66033,85.12
36389,85.11
55976,85.05
32936,85.05
66041,85.01
11439,85.0
4899,85.0
59389,85.0
79962,85.0
75585,85.0
84531,85.0
85597,85.0
25924,85.0
25475,85.0
56785,85.0
56440,85.0
53884,85.0
20389,85.0
53379,85.0
19757,85.0
30886,85.0
50027,85.0
16013,85.0
86786,85.0
49642,85.0
56761,85.0
98560,85.0
73079,85.0
24134,85.0
32945,85.0
33742,85.0
47022,85.0
19555,85.0
70399,85.0
15454,85.0
45224,85.0
61032,85.0
69232,85.0
67211,85.0
40184,85.0
61771,85.0
6847,85.0
37127,85.0
19223,85.0
66545,85.0
35962,85.0
83469,85.0
62951,85.0
5913,85.0
21741,85.0
732,85.0
26024,85.0
35420,85.0
3155,85.0
63124,85.0
34075,85.0
57158,85.0
13448,84.99
70249,84.99
4141,84.99
42222,84.99
97200,84.99
30109,84.99
93868,84.99
81423,84.99
40504,84.99
24344,84.99
71639,84.99
89823,84.99
9345,84.99
94149,84.99
70441,84.99
14964,84.99
6232,84.99
4111,84.99
31064,84.99
44181,84.99
52251,84.99
43742,84.99
60933,84.99
39595,84.99
76372,84.99
16191,84.99
21497,84.99
21939,84.99
26638,84.98
12828,84.98
16716,84.98
99752,84.98
31483,84.97
85059,84.97
28635,84.96
69518,84.96
89994,84.95
88096,84.95
79702,84.95
58026,84.95
79512,84.95
35535,84.95
31748,84.95
71409,84.95
52986,84.95
76934,84.94
96503,84.94
27174,84.93
34320,84.92
46187,84.91
42978,84.89
9966,84.89
57588,84.89
73119,84.85
91986,84.78
93645,84.77
41268,84.7
90357,84.67
89259,84.66
53102,84.66
14111,84.66
57602,84.66
10623,84.64
659,84.64
47957,84.56
8674,84.52
89979,84.5
68209,84.5
39675,84.5
33735,84.5
82077,84.5
20496,84.5
97822,84.5
27494,84.49
56829,84.49
6437,84.49
15236,84.49
46497,84.49
11330,84.49
23145,84.49
32316,84.49
65741,84.49
80336,84.46
87137,84.46
734,84.45
30250,84.44
29903,84.43
6537,84.4
23823,84.38
43897,84.34
1928,84.28
74737,84.28
21104,84.26
59289,84.25
8068,84.22
4904,84.21
36263,84.21
34379,84.2
43190,84.19
94713,84.16
80329,84.15
76661,84.12
80396,84.12
59448,84.1
15546,84.09
85788,84.09
58174,84.02
12470,84.01
15956,84.0
42585,84.0
76789,84.0
27725,84.0
66124,84.0
79404,84.0
35264,84.0
5120,84.0
70936,84.0
80383,84.0
7444,84.0
70925,84.0
62796,84.0
88765,84.0
94425,84.0
65071,84.0
28316,84.0
60206,84.0
94445,84.0
95413,84.0
67009,84.0
9002,84.0
11426,84.0
89121,84.0
2826,84.0
13024,84.0
30514,84.0
57503,84.0
55977,84.0
55867,84.0
35466,84.0
38040,84.0
53837,84.0
93606,84.0
51681,84.0
48170,84.0
42504,84.0
65045,83.99
26350,83.99
6707,83.99
41062,83.99
47178,83.99
67934,83.99
97035,83.99
58711,83.99
69106,83.99
17516,83.99
15217,83.99
19010,83.99
74618,83.99
98213,83.99
59208,83.99
32295,83.98
40178,83.98
811,83.95
87837,83.95
20302,83.95
56686,83.95
39244,83.95
69365,83.95
85127,83.95
97707,83.94
74767,83.94
71006,83.94
73408,83.94
89575,83.94
50618,83.94
4826,83.93
43581,83.93
88459,83.92
50623,83.9
3756,83.9
87707,83.86
35436,83.85
69948,83.85
18383,83.84
58589,83.81
28971,83.8
24437,83.78
73797,83.76
68522,83.76
65716,83.76
43399,83.76
99831,83.75
38940,83.7
97654,83.7
10329,83.65
49485,83.64
93684,83.62
72305,83.61
25133,83.58
43312,83.58
87102,83.58
19036,83.58
64497,83.58
7415,83.57
64348,83.56
5779,83.56
70935,83.55
48710,83.5
64640,83.5
31927,83.5
3134,83.5
41431,83.5
92055,83.49
23601,83.49
92125,83.48
95264,83.45
40528,83.45
79177,83.45
81607,83.4
12766,83.37
18111,83.37
12866,83.36
26235,83.36
67980,83.31
28963,83.31
7840,83.3
19005,83.3
12296,83.3
16235,83.3
1917,83.3
24971,83.24
33546,83.23
32191,83.19
32325,83.18
61030,83.16
25129,83.12
38739,83.1
49471,83.1
60478,83.0
77693,83.0
70055,83.0
6827,83.0
72314,83.0
21262,83.0
95786,83.0
28878,83.0
55593,83.0
2815,83.0
90051,83.0
27022,83.0
55799,83.0
94809,83.0
52481,82.99
71086,82.99
31408,82.99
26836,82.99
47826,82.99
15430,82.99
43136,82.99
23342,82.99
90740,82.99
33280,82.99
92252,82.99
13071,82.99
5096,82.99
63241,82.98
86797,82.98
71913,82.98
6025,82.98
26331,82.98
1261,82.97
88774,82.97
80126,82.97
59410,82.97
31105,82.95
36266,82.95
23088,82.95
26938,82.95
67094,82.95
62121,82.95
60228,82.95
95969,82.95
40939,82.94
8583,82.94
75835,82.94
61291,82.94
46488,82.94
55413,82.94
64329,82.94
16310,82.94
9299,82.9
47890,82.9
52148,82.9
74087,82.89
7379,82.88
65236,82.88
85574,82.83
30370,82.76
66874,82.69
14228,82.6
19047,82.55
82298,82.54
89892,82.5
44693,82.5
36577,82.5
11723,82.49
79625,82.49
25233,82.49
45769,82.48
67054,82.42
17866,82.4
50956,82.39
55306,82.31
44274,82.29
16510,82.22
94447,82.14
63022,82.12
86729,82.11
55256,82.1
25594,82.03
94478,82.0
71713,82.0
97651,82.0
19603,82.0
7069,82.0
43048,82.0
16748,82.0
20688,82.0
28524,82.0
39081,82.0
41969,82.0
46006,82.0
52953,82.0
94849,82.0
54892,82.0
72782,82.0
83628,82.0
674,82.0
4786,82.0
59118,82.0
91445,82.0
84303,82.0
86500,82.0
14658,82.0
2051,82.0
5825,81.99
21880,81.99
90275,81.99
68975,81.99
50652,81.99
21746,81.98
84178,81.98
57532,81.97
92993,81.97
68001,81.97
42774,81.96
49552,81.96
59920,81.96
90319,81.95
26807,81.95
81920,81.95
58267,81.95
47831,81.95
10976,81.95
59878,81.94
1880,81.93
37335,81.9
42130,81.9
64827,81.9
93638,81.9
97015,81.9
18649,81.89
62845,81.88
47926,81.87
68675,81.87
90925,81.83
20956,81.77
50773,81.72
61770,81.66
41135,81.57
95001,81.56
90582,81.55
82418,81.5
49531,81.5
74607,81.5
278,81.49
47884,81.48
84974,81.48
67149,81.46
74513,81.45
32794,81.44
52352,81.44
68868,81.41
69483,81.4
64256,81.38
34442,81.38
62967,81.38
8547,81.35
76989,81.33
37272,81.29
64990,81.27
97114,81.27
45298,81.27
80747,81.23
79908,81.22
85369,81.19
16751,81.17
21316,81.14
1221,81.07
54904,81.07
80738,81.07
44055,81.07
10552,81.07
87019,81.06
54510,81.0
65248,81.0
44709,81.0
93132,81.0
21314,81.0
29606,81.0
19987,81.0
34727,81.0
16483,81.0
44891,81.0
56930,81.0
11320,81.0
15952,81.0
63378,81.0
75160,81.0
61371,80.99
93391,80.99
33182,80.99
23062,80.99
63859,80.99
51888,80.99
9732,80.99
91681,80.98
57349,80.98
96852,80.98
22959,80.98
16212,80.97
45368,80.95
60142,80.94
92396,80.94
77360,80.94
80050,80.94
74631,80.92
62942,80.91
52356,80.9
86956,80.89
53063,80.89
62935,80.82
64289,80.65
24678,80.55
50131,80.53
82946,80.5
54376,80.46
64980,80.4
24978,80.4
46526,80.4
53745,80.38
84400,80.37
71087,80.37
41240,80.36
76695,80.35
14251,80.35
45500,80.33
87512,80.26
96968,80.25
87055,80.2
50940,80.17
75523,80.12
5333,80.0
45652,80.0
38717,80.0
34751,80.0
37230,80.0
35489,80.0
29758,80.0
24049,80.0
45485,80.0
19281,80.0
19053,80.0
14214,80.0
13691,80.0
65164,80.0
852,80.0
65694,80.0
60836,80.0
80834,80.0
81549,80.0
87749,80.0
88824,80.0
90580,80.0
93081,80.0
93579,80.0
47808,80.0
7709,80.0
48949,80.0
44623,80.0
57654,80.0
33600,80.0
50424,80.0
50482,80.0
45435,80.0
55300,80.0
53629,80.0
41721,80.0
74224,79.99
2579,79.99
71676,79.99
71543,79.99
71475,79.99
70056,79.99
69974,79.99
67032,79.99
72962,79.99
73362,79.99
75470,79.99
64744,79.99
76528,79.99
63884,79.99
63774,79.99
63367,79.99
62816,79.99
59694,79.99
59572,79.99
76825,79.99
80128,79.99
80646,79.99
53978,79.99
81166,79.99
51295,79.99
83005,79.99
84918,79.99
89754,79.99
49881,79.99
40473,79.99
92519,79.99
38421,79.99
36297,79.99
92943,79.99
36259,79.99
33871,79.99
93202,79.99
33755,79.99
32168,79.99
94451,79.99
31826,79.99
26962,79.99
25788,79.99
95291,79.99
97858,79.99
45096,79.99
38442,79.99
25546,79.99
24742,79.99
24279,79.99
22404,79.99
22173,79.99
22116,79.99
14503,79.99
21470,79.99
17162,79.99
16918,79.99
15689,79.99
14823,79.99
13987,79.99
12846,79.99
35162,79.99
60510,79.99
11813,79.99
10303,79.99
61673,79.99
7262,79.99
6535,79.99
2231,79.99
82582,79.99
4844,79.99
3535,79.99
72522,79.99
80696,79.98
85229,79.98
78205,79.98
75254,79.98
83016,79.98
49379,79.98
77938,79.98
98598,79.97
13709,79.96
64847,79.96
80331,79.95
84095,79.95
76218,79.95
74633,79.95
90802,79.95
97410,79.95
70896,79.95
81887,79.95
69759,79.95
69173,79.95
63074,79.95
62073,79.95
60749,79.95
58097,79.95
54552,79.95
51463,79.95
41907,79.95
41002,79.95
38906,79.95
38460,79.95
38321,79.95
37525,79.95
66880,79.95
36200,79.95
23801,79.95
89552,79.95
22058,79.95
92541,79.95
53173,79.95
16487,79.95
16473,79.95
63862,79.95
16453,79.95
76271,79.95
12259,79.95
29812,79.95
76320,79.94
17147,79.94
81460,79.94
75582,79.93
81960,79.93
32607,79.93
46660,79.93
90949,79.91
9568,79.9
98905,79.9
73149,79.9
29303,79.9
38804,79.89
97054,79.89
9605,79.89
94032,79.88
82618,79.84
21188,79.8
86884,79.75
60621,79.74
1738,79.7
73062,79.66
5011,79.63
71356,79.62
32321,79.6
39360,79.57
39373,79.57
60381,79.57
10596,79.53
84543,79.5
10254,79.5
97269,79.5
79642,79.5
79561,79.5
91861,79.5
77223,79.5
76806,79.5
75155,79.5
74818,79.5
73882,79.5
9718,79.5
71370,79.5
70788,79.5
90316,79.5
69553,79.5
63828,79.5
62992,79.5
83547,79.5
83679,79.5
33189,79.5
87202,79.5
60177,79.5
58902,79.5
94709,79.5
56772,79.5
53766,79.5
52636,79.5
52447,79.5
50812,79.5
91207,79.5
83256,79.5
50767,79.5
97266,79.5
47376,79.5
44548,79.5
88394,79.5
84388,79.5
43243,79.5
43188,79.5
39471,79.5
33598,79.5
39434,79.5
9971,79.5
96877,79.5
34884,79.5
33708,79.5
31218,79.5
31109,79.5
28988,79.5
26567,79.5
20096,79.5
95693,79.5
18168,79.5
15490,79.5
15417,79.5
4917,79.5
29078,79.49
60530,79.49
70178,79.49
26664,79.49
76779,79.49
75775,79.49
45621,79.48
47272,79.45
86831,79.45
84914,79.45
33286,79.45
98760,79.45
93282,79.43
63865,79.4
76987,79.4
314,79.4
4417,79.39
56093,79.33
21133,79.32
51288,79.29
28654,79.28
68677,79.28
39396,79.23
30202,79.21
88705,79.17
8203,79.17
81359,79.17
77354,79.17
40442,79.17
98312,79.17
85911,79.17
99190,79.16
77083,79.14
1062,79.14
32218,79.1
81482,79.1
37098,79.05
45437,79.04
82533,79.04
78213,79.03
7096,79.01
23160,79.0
15517,79.0
87523,79.0
88911,79.0
85009,79.0
27023,79.0
70007,79.0
80999,79.0
80973,79.0
97102,79.0
76580,79.0
85214,79.0
91624,79.0
33615,79.0
75171,79.0
6649,79.0
74258,79.0
73802,79.0
73066,79.0
7168,79.0
72901,79.0
11650,79.0
72892,79.0
72103,79.0
96119,79.0
68530,79.0
66543,79.0
64020,79.0
63210,79.0
99735,79.0
60005,79.0
57688,79.0
66060,79.0
5945,79.0
53155,79.0
48152,79.0
47383,79.0
78738,79.0
47066,79.0
42751,79.0
42688,79.0
12407,79.0
40489,79.0
40207,79.0
37866,79.0
36125,79.0
35943,79.0
35138,79.0
34123,79.0
28816,79.0
98391,79.0
90136,79.0
94549,79.0
74266,79.0
15098,79.0
21440,79.0
52120,79.0
20365,79.0
18284,79.0
16342,79.0
49039,79.0
47067,78.99
12975,78.99
22306,78.99
74013,78.99
84307,78.99
82465,78.99
66611,78.99
63562,78.99
25738,78.99
82007,78.99
55126,78.98
44578,78.98
23108,78.98
94652,78.97
76234,78.97
57224,78.95
30897,78.95
20252,78.95
25210,78.95
91640,78.95
98618,78.94
26806,78.94
12478,78.94
42301,78.9
59913,78.9
46688,78.9
64139,78.89
12536,78.89
56691,78.86
46385,78.85
28433,78.84
28163,78.81
9670,78.78
35054,78.77
45315,78.75
65441,78.75
11491,78.75
9798,78.75
8780,78.75
2942,78.75
2794,78.75
84159,78.72
51830,78.7
51889,78.69
12715,78.65
86689,78.62
50716,78.61
76537,78.6
66086,78.59
79892,78.59
31257,78.55
36787,78.53
11271,78.5
24364,78.49
49866,78.48
41794,78.48
81225,78.46
19973,78.45
29555,78.45
62658,78.44
574,78.37
84584,78.35
50201,78.26
70192,78.23
86493,78.2
70475,78.2
9022,78.2
87699,78.17
95030,78.16
38309,78.14
9416,78.13
88593,78.13
86650,78.13
77243,78.13
20011,78.13
7760,78.13
34412,78.11
24762,78.09
56851,78.0
15757,78.0
62277,78.0
86466,78.0
19019,78.0
41520,78.0
85054,78.0
81345,78.0
80135,78.0
77819,78.0
74858,78.0
86902,78.0
87262,78.0
74700,78.0
74615,78.0
98337,78.0
73675,78.0
73395,78.0
2125,78.0
87403,78.0
67420,78.0
66201,78.0
66127,78.0
64734,78.0
64632,78.0
63952,78.0
60372,78.0
58208,78.0
57838,78.0
98583,78.0
54530,78.0
53450,78.0
51649,78.0
51255,78.0
50884,78.0
77640,78.0
92276,78.0
49457,78.0
2566,78.0
47519,78.0
7491,78.0
45301,78.0
92595,78.0
44627,78.0
44311,78.0
41637,78.0
41094,78.0
35695,78.0
35285,78.0
34184,78.0
34016,78.0
9380,78.0
95018,78.0
33994,78.0
33165,78.0
33031,78.0
30776,78.0
28931,78.0
28177,78.0
27154,78.0
23701,78.0
95077,78.0
21572,78.0
9999,78.0
21488,78.0
20602,78.0
11708,78.0
14459,78.0
18271,78.0
16834,78.0
86533,78.0
86289,77.99
64097,77.99
16130,77.99
50054,77.99
31980,77.99
43114,77.99
63337,77.99
33773,77.99
12079,77.99
37786,77.99
86702,77.99
79122,77.99
84648,77.99
84335,77.99
29868,77.99
84209,77.99
73871,77.99
54128,77.99
99302,77.99
80927,77.99
70964,77.99
76676,77.99
35666,77.98
45753,77.98
87186,77.98
91400,77.96
65148,77.96
91454,77.95
66699,77.95
55419,77.95
46170,77.95
30604,77.95
2704,77.95
86985,77.95
98898,77.94
53583,77.94
46411,77.93
42772,77.91
49980,77.9
21758,77.88
18059,77.84
56869,77.83
61262,77.81
31297,77.8
74656,77.79
63458,77.75
85683,77.7
78709,77.68
68584,77.66
67711,77.65
66567,77.65
80897,77.6
78131,77.57
69770,77.54
5897,77.5
44963,77.5
2799,77.5
29116,77.5
19294,77.5
36928,77.5
25207,77.5
66065,77.49
31892,77.49
18324,77.47
40695,77.45
61762,77.4
65675,77.39
31593,77.36
4927,77.34
58572,77.33
96126,77.26
22379,77.26
94563,77.25
49344,77.22
23863,77.18
97612,77.09
70443,77.07
58614,77.04
19104,77.04
69307,77.0
60233,77.0
18014,77.0
61001,77.0
49818,77.0
12450,77.0
16060,77.0
87125,77.0
45545,77.0
18260,77.0
15245,77.0
10641,77.0
48293,76.99
45677,76.99
99091,76.99
19175,76.99
28872,76.99
6249,76.99
48466,76.99
92801,76.99
45899,76.99
27271,76.99
54230,76.99
21523,76.99
3873,76.99
36054,76.99
6494,76.99
69895,76.98
34554,76.98
25616,76.98
3530,76.98
12499,76.98
85815,76.96
62060,76.96
99848,76.96
44088,76.96
51779,76.95
19707,76.94
36224,76.92
58417,76.9
86115,76.88
97736,76.87
59823,76.85
14667,76.84
78426,76.78
47897,76.75
5713,76.74
32600,76.74
66584,76.73
38956,76.7
78467,76.7
69439,76.58
79754,76.55
12333,76.54
94485,76.52
86868,76.5
58358,76.5
81344,76.5
22133,76.49
2252,76.47
36537,76.46
87440,76.46
18596,76.45
77995,76.3
54824,76.3
16860,76.3
64286,76.24
71620,76.1
27143,76.05
539,76.03
2530,76.0
54643,76.0
5359,76.0
77679,76.0
42995,76.0
11862,76.0
16571,76.0
27259,76.0
42484,76.0
47895,76.0
51425,76.0
71845,76.0
14991,76.0
78043,76.0
98131,76.0
98166,76.0
2075,76.0
40276,75.99
66320,75.99
74238,75.99
74754,75.99
42642,75.99
37965,75.99
23138,75.99
93833,75.99
65953,75.99
41897,75.99
43750,75.99
4205,75.98
13527,75.95
8661,75.95
33218,75.95
35896,75.95
99331,75.94
12368,75.94
1002,75.92
81724,75.92
77457,75.9
5723,75.88
81136,75.81
71922,75.79
23194,75.78
12587,75.73
44487,75.73
566,75.66
1670,75.62
57388,75.6
69719,75.53
38653,75.53
68534,75.53
67615,75.5
81270,75.49
13449,75.49
53377,75.49
62155,75.49
88820,75.49
49497,75.46
54969,75.45
4962,75.45
20874,75.45
53305,75.4
45788,75.39
68434,75.39
42862,75.37
24765,75.36
87227,75.34
99667,75.32
40346,75.32
51029,75.32
7642,75.3
22836,75.29
92048,75.19
84190,75.18
23556,75.16
94320,75.08
75591,75.07
70343,75.07
72072,75.06
78717,75.05
59467,75.0
56396,75.0
26603,75.0
27052,75.0
27937,75.0
25537,75.0
28113,75.0
29371,75.0
43066,75.0
30249,75.0
30679,75.0
32020,75.0
34653,75.0
36037,75.0
37960,75.0
24820,75.0
58462,75.0
38432,75.0
41172,75.0
84850,75.0
764,75.0
820,75.0
1621,75.0
23049,75.0
2151,75.0
43678,75.0
22183,75.0
44053,75.0
44298,75.0
4129,75.0
44401,75.0
4891,75.0
44734,75.0
45234,75.0
6689,75.0
46284,75.0
21079,75.0
48652,75.0
8888,75.0
9138,75.0
21010,75.0
50295,75.0
50849,75.0
52171,75.0
12820,75.0
52785,75.0
55809,75.0
13760,75.0
99253,75.0
98416,75.0
59303,75.0
56294,75.0
20636,75.0
60266,75.0
60471,75.0
61064,75.0
98371,75.0
61705,75.0
20255,75.0
67265,75.0
65276,75.0
65406,75.0
97008,75.0
66303,75.0
66304,75.0
66396,75.0
67803,75.0
95764,75.0
20869,75.0
69056,75.0
18216,75.0
61475,75.0
70016,75.0
70169,75.0
72135,75.0
73620,75.0
19796,75.0
79815,75.0
80780,75.0
94735,75.0
93787,75.0
56600,75.0
87166,75.0
26927,75.0
88483,75.0
88727,75.0
88990,75.0
53244,75.0
90808,75.0
90544,75.0
90650,75.0
88164,75.0
56837,74.99
2558,74.99
18859,74.99
25063,74.99
22722,74.99
35045,74.99
20137,74.99
73574,74.99
6869,74.99
39699,74.99
40367,74.99
10618,74.99
60164,74.99
64572,74.99
50009,74.99
48705,74.99
72116,74.99
76651,74.99
60264,74.99
47094,74.99
30275,74.99
52205,74.99
68310,74.99
56534,74.99
74689,74.99
53569,74.99
5010,74.99
93450,74.99
71274,74.99
13545,74.99
59930,74.99
75883,74.99
17787,74.99
97178,74.99
85874,74.99
14264,74.99
77276,74.98
16520,74.98
34524,74.98
16195,74.98
38194,74.98
35958,74.98
25697,74.98
34500,74.98
90020,74.97
4202,74.97
3055,74.97
59633,74.97
3303,74.97
33355,74.96
72486,74.95
45683,74.95
44929,74.95
40625,74.95
33353,74.95
19430,74.95
2246,74.95
617,74.95
41403,74.95
50770,74.95
47354,74.95
99533,74.95
72467,74.95
43542,74.95
99276,74.95
98700,74.95
88682,74.95
54907,74.95
85780,74.95
86813,74.95
72757,74.95
80900,74.95
34754,74.95
67766,74.95
53639,74.94
65925,74.94
41957,74.94
4880,74.94
641,74.94
28766,74.94
86152,74.94
15932,74.94
12322,74.93
38798,74.91
23235,74.91
10393,74.89
32512,74.8
18528,74.8
49817,74.75
9385,74.7
23131,74.67
44827,74.51
74797,74.5
76393,74.5
20529,74.5
21597,74.5
26377,74.5
18250,74.5
11269,74.5
15355,74.5
71750,74.5
41074,74.5
97923,74.5
45727,74.5
91075,74.5
66590,74.5
5250,74.5
45553,74.49
69891,74.49
50029,74.49
70710,74.46
68781,74.45
71307,74.44
80731,74.43
15118,74.39
6372,74.38
25809,74.38
66225,74.34
33916,74.34
24601,74.3
21698,74.25
11493,74.25
62549,74.23
3927,74.2
41434,74.07
54532,74.0
47282,74.0
28558,74.0
51496,74.0
57968,74.0
62728,74.0
84503,74.0
97237,74.0
60242,74.0
45139,74.0
26072,74.0
23391,74.0
23257,74.0
25714,74.0
5690,74.0
24001,74.0
20800,74.0
47910,74.0
17391,74.0
62928,74.0
16329,74.0
1536,74.0
10543,74.0
13958,74.0
28390,74.0
95616,73.99
67725,73.99
55442,73.99
74623,73.99
82854,73.99
4990,73.99
72458,73.99
19932,73.99
21155,73.99
46179,73.98
38497,73.98
84801,73.98
35737,73.98
35886,73.98
34836,73.98
77753,73.98
3544,73.97
76199,73.97
75905,73.97
55559,73.97
89155,73.97
6178,73.97
59938,73.96
18335,73.96
50699,73.96
37559,73.96
82783,73.95
117,73.95
29823,73.94
5190,73.94
73411,73.93
92856,73.92
53949,73.88
18403,73.83
21805,73.71
53852,73.7
24348,73.63
10507,73.63
5854,73.62
85138,73.61
64072,73.6
82169,73.56
44231,73.55
39873,73.5
43021,73.5
15441,73.5
68825,73.5
84495,73.5
26442,73.5
10195,73.5
88272,73.5
77712,73.45
38910,73.44
44122,73.42
4246,73.34
33438,73.3
78193,73.27
7445,73.23
59164,73.2
58771,73.18
11769,73.15
61314,73.12
81781,73.0
53685,73.0
76875,73.0
12917,73.0
32760,73.0
44727,73.0
48257,73.0
87291,73.0
78882,73.0
92083,73.0
93586,73.0
2727,73.0
91385,72.99
20454,72.99
78416,72.99
33166,72.99
49748,72.99
14176,72.99
30232,72.99
1704,72.99
36055,72.99
53058,72.99
96163,72.99
63160,72.99
92937,72.99
87988,72.98
59929,72.98
11682,72.98
67475,72.98
71442,72.98
80744,72.98
4532,72.98
70395,72.97
62462,72.97
15075,72.96
84992,72.95
27133,72.95
78810,72.95
67158,72.95
54614,72.95
75615,72.95
16259,72.95
30353,72.95
40171,72.94
42967,72.94
39341,72.94
84361,72.9
15453,72.9
41801,72.9
97344,72.9
70059,72.87
46287,72.8
53679,72.78
83470,72.78
48312,72.75
82249,72.75
88666,72.74
15554,72.71
64658,72.7
52684,72.7
16218,72.68
52143,72.61
36442,72.58
50175,72.58
9717,72.58
52029,72.53
88237,72.5
29141,72.5
93114,72.5
3735,72.5
78458,72.5
96661,72.5
82768,72.49
21905,72.49
51229,72.49
95880,72.49
88342,72.45
3422,72.43
83952,72.37
98985,72.37
52450,72.35
88511,72.34
99599,72.27
61100,72.25
32953,72.25
15694,72.23
86923,72.2
71992,72.19
33579,72.19
87195,72.19
41632,72.14
39659,72.14
64125,72.12
41048,72.1
40524,72.08
4504,72.02
61324,72.02
77409,72.0
32043,72.0
62116,72.0
63488,72.0
63744,72.0
2782,72.0
69515,72.0
69975,72.0
7740,72.0
18790,72.0
71518,72.0
73334,72.0
75460,72.0
76747,72.0
60661,72.0
78942,72.0
1389,72.0
80196,72.0
59691,72.0
82179,72.0
56736,72.0
20347,72.0
20403,72.0
20918,72.0
52527,72.0
22849,72.0
23016,72.0
84246,72.0
85684,72.0
48460,72.0
24683,72.0
87985,72.0
89408,72.0
42699,72.0
10996,72.0
89683,72.0
90826,72.0
94602,72.0
24717,72.0
97709,72.0
61529,72.0
29115,72.0
41197,72.0
40696,72.0
29385,72.0
40091,72.0
40089,72.0
93926,71.99
45630,71.99
15936,71.99
32769,71.99
47919,71.99
12039,71.99
68665,71.99
28140,71.99
53984,71.99
78223,71.99
52136,71.99
18073,71.99
33413,71.99
41712,71.99
84444,71.99
44997,71.99
25219,71.99
83636,71.99
14635,71.99
86183,71.99
11069,71.98
68732,71.98
77047,71.98
66410,71.98
99675,71.98
68496,71.98
41351,71.98
18209,71.98
75128,71.97
37833,71.97
6269,71.97
57478,71.97
90916,71.95
80397,71.95
77958,71.95
56594,71.95
48969,71.95
48670,71.95
15491,71.95
12297,71.95
70137,71.95
57459,71.94
61541,71.94
70251,71.94
62648,71.91
81559,71.9
99860,71.9
66052,71.9
69509,71.9
29300,71.89
48845,71.89
87363,71.89
81672,71.87
78515,71.85
78653,71.85
57780,71.84
71449,71.8
81955,71.71
64778,71.7
91381,71.7
45333,71.63
89707,71.6
56423,71.59
42944,71.59
11073,71.57
58897,71.57
54469,71.5
35603,71.5
21473,71.5
79032,71.49
67524,71.49
70086,71.44
57208,71.44
83201,71.4
41906,71.4
48844,71.36
34024,71.31
75618,71.25
5214,71.25
28446,71.24
71754,71.07
72567,71.02
20990,71.02
14538,71.0
19121,71.0
69084,71.0
28037,71.0
80009,71.0
85798,71.0
19363,71.0
34644,71.0
70362,71.0
81537,71.0
22519,71.0
49017,71.0
75562,71.0
91348,71.0
75987,70.99
84087,70.99
44525,70.99
27384,70.99
28981,70.99
97075,70.99
22854,70.99
19367,70.99
19863,70.98
44220,70.98
42589,70.98
66598,70.97
90514,70.96
2989,70.94
39530,70.94
59416,70.91
28353,70.83
3045,70.8
86904,70.76
13105,70.74
52748,70.73
99278,70.68
48362,70.68
14093,70.68
30107,70.65
92948,70.64
89544,70.6
34054,70.59
15774,70.58
92264,70.57
99611,70.55
4968,70.5
74932,70.49
64772,70.49
92395,70.49
79710,70.41
4429,70.4
11855,70.4
67260,70.36
45915,70.35
59690,70.35
66957,70.35
90135,70.24
77592,70.2
55310,70.18
37270,70.16
36995,70.12
95573,70.09
81283,70.0
8826,70.0
71908,70.0
66061,70.0
79630,70.0
66013,70.0
79682,70.0
82528,70.0
58450,70.0
84851,70.0
56674,70.0
47536,70.0
38892,70.0
35605,70.0
33468,70.0
85260,70.0
33351,70.0
32913,70.0
32592,70.0
31769,70.0
31339,70.0
29876,70.0
27514,70.0
27300,70.0
26721,70.0
25158,70.0
24630,70.0
68479,70.0
86932,70.0
22245,70.0
21541,70.0
91829,70.0
94102,70.0
21248,70.0
21122,70.0
16135,70.0
16080,70.0
16073,70.0
15907,70.0
83555,70.0
13592,70.0
97069,70.0
11072,70.0
82874,70.0
97275,70.0
9514,70.0
97708,70.0
9249,70.0
4515,70.0
21681,70.0
4109,70.0
99361,70.0
32989,70.0
50152,70.0
3348,70.0
56884,70.0
44678,70.0
79217,70.0
89914,69.99
81988,69.99
10315,69.99
67713,69.99
54925,69.99
52146,69.99
51360,69.99
83839,69.99
50761,69.99
50528,69.99
68449,69.99
49619,69.99
29687,69.99
27290,69.99
42124,69.99
31289,69.99
26995,69.99
42660,69.99
31487,69.99
40040,69.99
28749,69.99
5000,69.99
21466,69.99
26730,69.99
98961,69.99
12338,69.99
23774,69.99
22022,69.99
33319,69.99
21661,69.99
18443,69.99
49730,69.99
16623,69.99
15893,69.99
69197,69.99
42939,69.99
13280,69.99
10786,69.99
10365,69.99
8776,69.99
8218,69.99
55770,69.99
5038,69.99
70524,69.99
70994,69.99
98768,69.99
4161,69.99
2951,69.99
46059,69.99
85650,69.99
22749,69.99
34052,69.99
35103,69.99
71960,69.99
84435,69.99
72951,69.99
60273,69.99
73326,69.99
73466,69.99
74521,69.99
64939,69.99
49587,69.99
14963,69.99
84143,69.99
31158,69.99
76418,69.99
39888,69.99
82341,69.99
77107,69.99
42214,69.99
78023,69.99
23156,69.99
90170,69.99
40408,69.99
79720,69.99
64287,69.99
36420,69.99
81374,69.99
55426,69.99
49534,69.99
62075,69.99
18524,69.98
19606,69.98
14778,69.98
12959,69.98
10937,69.98
31972,69.98
40753,69.98
53251,69.98
88744,69.98
77761,69.98
16451,69.98
16658,69.98
94071,69.98
44018,69.98
3557,69.98
42398,69.98
56200,69.98
56774,69.97
79907,69.97
49680,69.97
53828,69.96
89253,69.95
37090,69.95
76887,69.95
75769,69.95
82924,69.95
19869,69.95
16765,69.95
74720,69.95
73662,69.95
67545,69.95
84114,69.95
14351,69.95
20344,69.95
69,69.95
86237,69.95
87766,69.95
62887,69.95
192,69.95
91792,69.95
60013,69.95
58556,69.95
56303,69.95
94345,69.95
56063,69.95
53997,69.95
54856,69.95
2102,69.95
3661,69.95
4064,69.95
74821,69.95
53748,69.95
53689,69.95
51298,69.95
22721,69.95
46926,69.95
23741,69.95
87212,69.95
26021,69.95
46783,69.95
26317,69.95
26975,69.95
12330,69.95
46246,69.95
46207,69.95
4839,69.95
46104,69.95
27026,69.95
30364,69.95
8189,69.95
45046,69.95
5107,69.95
31958,69.95
32188,69.95
6441,69.95
42467,69.95
36113,69.95
7401,69.95
36705,69.95
80115,69.95
47470,69.94
39206,69.94
13623,69.94
46956,69.94
22081,69.94
26560,69.94
57636,69.93
68118,69.93
17132,69.92
94288,69.9
53956,69.9
758,69.9
71685,69.9
17969,69.9
72625,69.9
98047,69.89
93535,69.87
42078,69.86
42376,69.8
34965,69.72
43227,69.7
15628,69.67
91443,69.67
34517,69.67
36624,69.59
97960,69.59
573,69.58
89173,69.54
18947,69.5
50405,69.5
31905,69.5
18929,69.5
99563,69.5
96979,69.5
96793,69.5
45760,69.5
96235,69.5
96064,69.5
95223,69.5
93969,69.5
87744,69.5
86809,69.5
86232,69.5
85936,69.5
85346,69.5
41758,69.5
84778,69.5
82883,69.5
82722,69.5
82000,69.5
56226,69.5
81806,69.5
80238,69.5
78982,69.5
41722,69.5
22871,69.5
78395,69.5
77703,69.5
77601,69.5
77564,69.5
72645,69.5
72455,69.5
72413,69.5
72310,69.5
71863,69.5
70134,69.5
68817,69.5
65940,69.5
65360,69.5
46459,69.5
65355,69.5
41084,69.5
39830,69.5
64788,69.5
82548,69.5
64215,69.5
64045,69.5
38371,69.5
63046,69.5
37769,69.5
37369,69.5
48071,69.5
62144,69.5
61430,69.5
61340,69.5
60025,69.5
49217,69.5
37301,69.5
49551,69.5
36477,69.5
33950,69.5
60010,69.5
39610,69.5
58345,69.5
33947,69.5
54717,69.5
152,69.5
54320,69.5
52968,69.5
1178,69.5
2018,69.5
2882,69.5
5205,69.5
8577,69.5
9969,69.5
31775,69.5
13861,69.5
13952,69.5
17138,69.5
52717,69.5
31027,69.5
52580,69.5
52088,69.5
17235,69.5
19619,69.5
51504,69.5
50047,69.5
20766,69.5
22239,69.5
22951,69.5
22975,69.5
23559,69.5
24235,69.5
29593,69.5
26540,69.5
29203,69.5
46072,69.5
72259,69.49
23210,69.49
11521,69.49
53737,69.48
75656,69.48
8314,69.48
69456,69.46
20353,69.46
36405,69.45
62877,69.45
11391,69.45
49141,69.45
10263,69.45
95500,69.45
8557,69.45
73609,69.45
34730,69.4
71936,69.36
72808,69.35
82834,69.3
55057,69.3
99452,69.2
94304,69.19
84976,69.16
14078,69.11
74787,69.04
79675,69.0
76475,69.0
15442,69.0
21367,69.0
15387,69.0
21726,69.0
22797,69.0
12006,69.0
11871,69.0
22971,69.0
9053,69.0
25755,69.0
8302,69.0
80349,69.0
25823,69.0
27987,69.0
28861,69.0
6946,69.0
6762,69.0
5616,69.0
12892,69.0
29176,69.0
3624,69.0
30675,69.0
31870,69.0
36003,69.0
38088,69.0
39207,69.0
39763,69.0
39792,69.0
44770,69.0
45987,69.0
48899,69.0
69701,69.0
33009,69.0
49781,69.0
51297,69.0
51655,69.0
89296,69.0
52085,69.0
53077,69.0
9782,69.0
53367,69.0
97536,69.0
97245,69.0
94616,69.0
94041,69.0
55744,69.0
56315,69.0
57896,69.0
93460,69.0
92392,69.0
60103,69.0
60195,69.0
63753,69.0
92149,69.0
91005,69.0
63763,69.0
67273,69.0
68882,69.0
89536,69.0
89307,69.0
57410,69.0
70419,69.0
70484,69.0
88828,69.0
71822,69.0
73893,69.0
74679,69.0
85084,69.0
76404,69.0
38192,69.0
76479,69.0
84538,69.0
81953,69.0
77710,69.0
77729,69.0
24369,69.0
77805,69.0
78513,69.0
80601,69.0
54593,69.0
78919,69.0
680,69.0
16877,69.0
76845,68.99
16644,68.99
97886,68.99
24161,68.99
81185,68.99
31454,68.99
34903,68.99
4898,68.99
57354,68.99
51290,68.99
13218,68.98
24023,68.98
67497,68.98
68448,68.98
51182,68.98
94395,68.97
48935,68.97
61826,68.97
74561,68.97
14292,68.96
32427,68.96
82066,68.96
47963,68.95
62227,68.95
48942,68.95
27021,68.95
25523,68.95
16443,68.95
10639,68.95
64682,68.95
2379,68.95
63747,68.95
48449,68.95
9220,68.95
91437,68.95
98999,68.94
32702,68.94
95803,68.92
98930,68.9
76870,68.9
30056,68.89
9390,68.89
20218,68.88
19702,68.88
26756,68.87
15203,68.86
3172,68.84
46050,68.83
76957,68.83
29152,68.8
92320,68.78
23855,68.77
84070,68.75
44673,68.75
1314,68.72
41564,68.72
42372,68.72
92888,68.71
8617,68.69
50076,68.69
15666,68.69
22533,68.67
45160,68.65
48511,68.65
74497,68.65
79768,68.65
57720,68.63
97624,68.61
3247,68.61
4781,68.6
18344,68.6
7600,68.6
52305,68.6
77274,68.6
77898,68.6
87906,68.6
93335,68.6
97562,68.6
73586,68.6
7880,68.54
52699,68.53
56838,68.53
51904,68.51
75042,68.5
85764,68.49
56133,68.49
21158,68.49
53385,68.49
98575,68.49
4764,68.49
5996,68.45
55921,68.44
23844,68.44
43836,68.43
90477,68.41
78540,68.4
93642,68.33
38235,68.32
56412,68.27
88688,68.24
6410,68.23
37129,68.2
15763,68.15
40919,68.12
30640,68.06
11122,68.04
89432,68.01
21645,68.0
41459,68.0
44814,68.0
44246,68.0
18663,68.0
20271,68.0
81622,68.0
64065,68.0
19658,68.0
28669,68.0
82650,68.0
84911,68.0
85086,68.0
86673,68.0
88120,68.0
81428,68.0
3987,68.0
78797,68.0
29217,68.0
89179,68.0
31030,68.0
90318,68.0
94022,68.0
57515,68.0
97428,68.0
99550,68.0
24174,68.0
19123,68.0
74893,68.0
17120,68.0
31660,68.0
73093,68.0
72702,68.0
22826,68.0
32112,68.0
4366,68.0
32233,68.0
71238,68.0
71042,68.0
5210,68.0
64259,68.0
32246,68.0
5706,68.0
15103,68.0
2547,68.0
7475,68.0
36570,68.0
38379,68.0
62629,68.0
62546,68.0
26476,68.0
60133,68.0
2419,68.0
39666,68.0
59432,68.0
46669,68.0
57509,68.0
40450,68.0
53818,68.0
11845,68.0
8177,68.0
10537,68.0
52008,68.0
48690,68.0
10298,68.0
40916,68.0
47391,68.0
85742,68.0
913,68.0
46470,68.0
88941,68.0
647,68.0
26846,68.0
43689,67.99
73279,67.99
79386,67.99
53614,67.99
42040,67.99
89962,67.99
2720,67.99
4842,67.99
53216,67.99
3304,67.99
78817,67.99
22034,67.99
69634,67.99
7577,67.99
38916,67.99
83666,67.99
68305,67.99
87922,67.99
54297,67.99
46288,67.99
51423,67.99
44245,67.99
73552,67.99
83147,67.99
69299,67.99
44872,67.99
69707,67.98
24486,67.98
46820,67.98
28443,67.98
41102,67.96
99591,67.96
61423,67.96
9404,67.96
54279,67.95
52918,67.95
31697,67.95
76373,67.95
24204,67.95
56407,67.95
99756,67.95
97880,67.95
30809,67.95
77507,67.95
76785,67.95
34381,67.95
38355,67.95
27284,67.95
43598,67.95
15670,67.95
48660,67.94
49072,67.94
14682,67.94
76045,67.93
91156,67.93
67041,67.92
78482,67.91
7645,67.9
18390,67.89
13133,67.85
34133,67.8
26219,67.78
53762,67.75
75228,67.75
12765,67.74
90882,67.73
77361,67.72
76198,67.71
7629,67.7
78899,67.7
83495,67.68
5760,67.67
81495,67.64
53970,67.52
67269,67.5
64616,67.5
58351,67.5
24209,67.5
5823,67.5
90889,67.5
79184,67.49
76194,67.49
12833,67.49
72814,67.47
31674,67.47
35945,67.46
4849,67.44
67601,67.44
88271,67.43
55149,67.41
53146,67.41
5692,67.4
28189,67.36
62120,67.33
94120,67.31
36612,67.31
90453,67.3
38613,67.25
7658,67.22
58107,67.22
60237,67.17
59787,67.17
14818,67.16
95262,67.13
65714,67.11
81022,67.11
39323,67.09
29296,67.02
45337,67.0
63708,67.0
44420,67.0
71371,67.0
28687,67.0
65967,67.0
68416,67.0
37171,67.0
36898,67.0
30806,67.0
58995,67.0
31178,67.0
23429,67.0
2182,67.0
32395,67.0
18805,67.0
82843,67.0
71353,67.0
56632,66.99
98247,66.99
17380,66.99
62815,66.99
27736,66.99
23880,66.99
92344,66.99
18200,66.99
40646,66.99
35665,66.99
26573,66.99
18332,66.99
4276,66.99
36292,66.98
54522,66.98
21018,66.98
66465,66.97
4065,66.96
89518,66.96
98447,66.96
51185,66.96
36047,66.95
49267,66.95
81753,66.95
73164,66.94
53502,66.94
53728,66.93
61217,66.9
99919,66.9
39740,66.9
26783,66.88
84591,66.87
82285,66.79
72495,66.75
38393,66.75
64659,66.74
33678,66.69
60977,66.62
3684,66.6
43529,66.59
58497,66.59
37991,66.59
58405,66.54
82013,66.51
81492,66.5
82532,66.5
36561,66.5
27614,66.5
87574,66.5
9374,66.5
57326,66.5
89873,66.49
98802,66.49
21115,66.49
45685,66.49
61753,66.47
96339,66.46
85521,66.45
8251,66.45
14647,66.44
55251,66.4
58218,66.37
56709,66.37
98369,66.35
87258,66.33
28556,66.21
11901,66.21
5465,66.2
86870,66.18
32064,66.17
3564,66.17
30698,66.13
2828,66.13
34881,66.11
35302,66.0
57943,66.0
48580,66.0
75584,66.0
73338,66.0
72481,66.0
80947,66.0
83674,66.0
65631,66.0
88324,66.0
9312,66.0
3014,66.0
94751,66.0
28339,66.0
4605,66.0
7284,66.0
8305,66.0
7831,66.0
12537,66.0
16522,66.0
62925,66.0
30585,66.0
7306,66.0
40498,66.0
40950,66.0
71700,66.0
47011,66.0
47668,66.0
49324,66.0
19933,66.0
97966,66.0
57381,66.0
79595,66.0
42818,65.99
39984,65.99
54781,65.99
94540,65.99
21925,65.99
79715,65.99
26940,65.99
3570,65.99
63423,65.99
80951,65.99
1951,65.98
85514,65.98
76961,65.95
91596,65.95
70497,65.95
60888,65.95
55496,65.95
95801,65.95
9648,65.95
868,65.95
44357,65.95
35130,65.94
82906,65.94
18973,65.93
28151,65.91
32256,65.9
99468,65.9
53208,65.9
96058,65.89
73669,65.84
73298,65.81
97828,65.8
49815,65.78
20793,65.75
93074,65.75
604,65.75
54890,65.69
20295,65.65
54139,65.59
46222,65.53
42671,65.5
48964,65.49
86159,65.49
90458,65.49
3326,65.45
17282,65.4
58184,65.4
74905,65.4
37735,65.38
31404,65.35
97571,65.33
32269,65.32
79856,65.2
48187,65.17
2946,65.17
57778,65.17
22017,65.13
39176,65.1
59070,65.07
18549,65.02
33889,65.0
44328,65.0
30805,65.0
55686,65.0
35497,65.0
29795,65.0
28768,65.0
35898,65.0
46914,65.0
28750,65.0
28171,65.0
27651,65.0
36166,65.0
27399,65.0
37156,65.0
37774,65.0
38730,65.0
38933,65.0
26873,65.0
24076,65.0
22215,65.0
44868,65.0
21941,65.0
39138,65.0
21555,65.0
39273,65.0
20962,65.0
20397,65.0
19463,65.0
39731,65.0
40023,65.0
19237,65.0
15234,65.0
15057,65.0
41581,65.0
41664,65.0
42689,65.0
14267,65.0
42709,65.0
13523,65.0
42846,65.0
13040,65.0
11934,65.0
43826,65.0
44074,65.0
44494,65.0
44965,65.0
46200,65.0
11759,65.0
11549,65.0
9537,65.0
9332,65.0
46579,65.0
48010,65.0
8613,65.0
7648,65.0
48879,65.0
7277,65.0
6293,65.0
50070,65.0
6246,65.0
5751,65.0
4889,65.0
4534,65.0
51136,65.0
3477,65.0
1538,65.0
51808,65.0
921,65.0
52194,65.0
53921,65.0
55015,65.0
55859,65.0
56138,65.0
77007,65.0
56547,65.0
56867,65.0
58035,65.0
58761,65.0
61036,65.0
89622,65.0
61137,65.0
64463,65.0
65646,65.0
65777,65.0
67152,65.0
67361,65.0
68093,65.0
68498,65.0
69820,65.0
70063,65.0
70254,65.0
70579,65.0
71633,65.0
73756,65.0
73813,65.0
75333,65.0
75369,65.0
75539,65.0
75557,65.0
76151,65.0
27332,65.0
76192,65.0
76327,65.0
77068,65.0
77105,65.0
78614,65.0
78641,65.0
78858,65.0
80472,65.0
86734,65.0
88430,65.0
88535,65.0
88720,65.0
88759,65.0
89363,65.0
91068,65.0
91119,65.0
91982,65.0
96600,65.0
99365,65.0
33531,65.0
30727,65.0
34204,65.0
11745,64.99
36515,64.99
58928,64.99
82388,64.99
64566,64.99
6374,64.99
99822,64.99
26057,64.99
45599,64.99
97956,64.99
38935,64.99
96413,64.99
46431,64.99
95397,64.99
49949,64.99
92864,64.99
87781,64.99
45672,64.99
71736,64.99
87112,64.99
48891,64.99
86178,64.99
16720,64.99
37051,64.99
14398,64.99
56561,64.99
3876,64.99
6640,64.99
43349,64.99
47446,64.99
10824,64.99
10951,64.99
34190,64.99
85888,64.99
90287,64.99
67969,64.99
18772,64.99
41618,64.99
25392,64.99
16196,64.99
28374,64.99
83653,64.99
31369,64.99
32838,64.99
33386,64.99
36059,64.99
19051,64.99
80374,64.99
34224,64.99
75976,64.99
57423,64.99
36487,64.99
57144,64.99
13201,64.99
97754,64.99
91252,64.99
82658,64.99
2695,64.98
13367,64.98
40452,64.98
19272,64.98
80526,64.98
7505,64.98
94509,64.98
60392,64.97
49667,64.97
41710,64.95
60825,64.95
42738,64.95
48890,64.95
33541,64.95
51106,64.95
51515,64.95
26629,64.95
40340,64.95
55033,64.95
65434,64.95
80600,64.95
25685,64.95
56023,64.95
25013,64.95
69589,64.95
23582,64.95
72972,64.95
38824,64.95
59291,64.95
19470,64.95
77439,64.95
18157,64.95
82462,64.95
15039,64.95
87118,64.95
89880,64.95
16759,64.95
15363,64.95
56751,64.95
11886,64.95
90999,64.95
8124,64.95
6741,64.95
4796,64.95
83742,64.95
2054,64.95
62844,64.95
37876,64.95
25485,64.94
73533,64.94
67782,64.94
94901,64.94
62355,64.93
19037,64.93
18816,64.93
16019,64.93
53780,64.92
1789,64.9
22569,64.89
37372,64.86
63965,64.83
66866,64.8
40350,64.79
63807,64.79
20382,64.75
69502,64.75
50367,64.71
84438,64.69
51433,64.67
47102,64.63
3062,64.63
17786,64.63
76680,64.62
63095,64.6
7563,64.59
59468,64.58
93543,64.58
94897,64.58
76346,64.55
44762,64.55
73270,64.55
78651,64.55
77100,64.52
69110,64.5
70730,64.5
89827,64.5
45441,64.5
39631,64.5
80641,64.5
50541,64.5
27059,64.5
66428,64.5
24655,64.5
22242,64.5
18717,64.5
15433,64.5
67430,64.5
87070,64.5
8347,64.5
72347,64.5
15810,64.5
4031,64.5
97820,64.5
65876,64.49
71823,64.49
25144,64.47
73520,64.45
23223,64.44
24044,64.44
45243,64.4
82765,64.4
62343,64.39
61631,64.38
30336,64.38
84831,64.35
45308,64.33
25949,64.33
67846,64.3
69063,64.3
57256,64.29
11215,64.27
34116,64.23
46724,64.19
27739,64.18
89002,64.15
28976,64.14
86958,64.13
66911,64.1
26206,64.09
10262,64.09
76183,64.09
78812,64.08
1792,64.08
16397,64.07
22673,64.05
9946,64.0
22852,64.0
92813,64.0
69854,64.0
4069,64.0
14938,64.0
16077,64.0
3551,64.0
17368,64.0
81705,64.0
18030,64.0
18230,64.0
13581,64.0
74603,64.0
2827,64.0
18919,64.0
5481,64.0
83654,64.0
73564,64.0
20039,64.0
42652,64.0
1587,64.0
21449,64.0
22399,64.0
29923,64.0
38,64.0
70604,64.0
30906,64.0
97938,64.0
45937,64.0
66431,64.0
65744,64.0
92497,64.0
35098,64.0
63695,64.0
61388,64.0
87387,64.0
35266,64.0
57764,64.0
36223,64.0
41365,64.0
41449,64.0
89817,64.0
42894,64.0
47736,64.0
55592,64.0
55375,64.0
53362,64.0
88441,64.0
89797,64.0
12008,64.0
77864,64.0
44824,63.99
45100,63.99
73315,63.99
20963,63.99
74740,63.99
75020,63.99
14587,63.99
73041,63.99
16986,63.99
69723,63.99
22132,63.99
76956,63.99
54920,63.99
69791,63.99
74061,63.99
64859,63.99
81292,63.99
29234,63.99
57310,63.99
42924,63.99
64102,63.99
82210,63.99
55174,63.99
97149,63.99
8286,63.99
76609,63.98
42080,63.98
30637,63.98
5623,63.98
99110,63.98
51543,63.98
94,63.98
11767,63.98
31120,63.98
50594,63.98
84316,63.97
9804,63.97
88984,63.97
80608,63.97
54504,63.97
86461,63.96
81408,63.95
8750,63.95
65083,63.95
11190,63.95
32210,63.95
35582,63.95
59029,63.95
7925,63.95
73203,63.95
80403,63.95
94112,63.95
95496,63.94
35901,63.94
36005,63.93
61907,63.9
38813,63.9
24300,63.88
74977,63.75
29175,63.75
78766,63.74
53626,63.74
54996,63.74
89831,63.72
92796,63.71
32718,63.67
40045,63.66
69046,63.65
88692,63.65
12664,63.6
28937,63.6
88869,63.6
65206,63.6
21742,63.6
18894,63.59
33668,63.58
86510,63.56
7368,63.5
4076,63.5
73859,63.5
69594,63.5
99833,63.5
97988,63.48
40222,63.45
77649,63.44
58516,63.43
75934,63.4
26974,63.33
18616,63.24
78475,63.24
98313,63.2
10933,63.2
84857,63.18
5042,63.18
36702,63.11
25385,63.04
6468,63.04
52173,63.0
82724,63.0
82689,63.0
49234,63.0
79015,63.0
78412,63.0
61850,63.0
59472,63.0
84534,63.0
85811,63.0
52960,63.0
90768,63.0
52721,63.0
46717,63.0
91486,63.0
45552,63.0
35932,63.0
27633,63.0
19599,63.0
93212,63.0
97647,63.0
7683,63.0
99388,63.0
37279,63.0
15528,62.99
82905,62.99
4645,62.99
34007,62.99
98894,62.99
7169,62.99
8658,62.99
19811,62.99
84925,62.99
38522,62.99
33752,62.99
68468,62.99
46078,62.99
43365,62.99
92914,62.99
6130,62.98
67442,62.98
95003,62.98
97693,62.98
7603,62.98
87846,62.98
37592,62.97
59764,62.95
33247,62.95
89885,62.95
44313,62.95
63645,62.94
15769,62.92
38792,62.92
41954,62.92
21408,62.9
62317,62.9
93693,62.89
14401,62.86
77921,62.84
76344,62.82
71532,62.8
26966,62.76
13607,62.75
53826,62.73
22461,62.7
73092,62.7
25033,62.7
2404,62.69
46771,62.68
54953,62.68
67650,62.68
36438,62.64
17574,62.63
79255,62.55
20280,62.5
18574,62.5
28935,62.5
65819,62.49
97263,62.49
62513,62.49
86697,62.49
11172,62.49
81048,62.45
33591,62.44
90649,62.4
18757,62.4
25442,62.38
52891,62.36
3755,62.36
29744,62.36
50015,62.36
94627,62.36
512,62.35
90180,62.3
33700,62.3
20203,62.14
5911,62.12
94525,62.1
61401,62.07
47276,62.04
36915,62.0
89099,62.0
74863,62.0
34771,62.0
2792,62.0
4698,62.0
433,62.0
6263,62.0
7216,62.0
8595,62.0
5635,62.0
76847,62.0
9598,62.0
75892,62.0
9806,62.0
13130,62.0
14067,62.0
79106,62.0
36639,62.0
14570,62.0
16583,62.0
74600,62.0
73698,62.0
16630,62.0
18365,62.0
18867,62.0
24738,62.0
25980,62.0
26859,62.0
32221,62.0
32624,62.0
33938,62.0
79290,62.0
42920,62.0
80898,62.0
43909,62.0
45917,62.0
53481,62.0
56095,62.0
58901,62.0
58938,62.0
10249,62.0
60209,62.0
73363,62.0
81269,62.0
61742,62.0
65156,62.0
72937,62.0
65266,62.0
96360,62.0
94895,62.0
67267,62.0
6459,62.0
70092,62.0
17221,62.0
93350,62.0
57676,62.0
75872,61.99
1084,61.99
98100,61.99
34974,61.99
47907,61.99
89620,61.99
40333,61.99
64305,61.99
76098,61.99
65350,61.99
66082,61.99
93356,61.99
84469,61.99
4782,61.98
46303,61.98
30349,61.98
33854,61.98
37729,61.98
46964,61.98
74602,61.98
60151,61.98
52786,61.98
46508,61.98
43798,61.98
56449,61.96
94891,61.95
69958,61.95
63550,61.95
83188,61.95
84790,61.95
69875,61.95
81638,61.95
16657,61.95
27726,61.95
98635,61.94
96426,61.94
20472,61.94
21638,61.92
68935,61.92
2859,61.9
1411,61.89
98839,61.88
43548,61.88
3993,61.87
84221,61.82
30543,61.78
83970,61.77
12412,61.75
80881,61.74
62958,61.74
14415,61.74
52067,61.6
60449,61.6
14601,61.57
71918,61.56
36645,61.5
62069,61.5
47151,61.5
77966,61.5
85766,61.5
70247,61.5
14867,61.49
35577,61.45
9996,61.44
94243,61.44
10834,61.4
72351,61.38
12452,61.38
43040,61.38
50865,61.38
1559,61.35
49851,61.31
10272,61.31
27014,61.31
33859,61.3
30742,61.27
66703,61.24
15149,61.24
38831,61.22
21455,61.18
27910,61.18
50274,61.15
52927,61.13
4877,61.1
55825,61.05
17351,61.01
74829,61.0
49676,61.0
88549,61.0
66194,61.0
41248,61.0
34460,61.0
69447,61.0
46292,61.0
62859,61.0
67203,61.0
72597,61.0
57193,61.0
44982,60.99
41825,60.99
64930,60.99
30266,60.99
93295,60.99
80136,60.99
88787,60.99
66698,60.99
54861,60.99
36340,60.99
96620,60.99
28478,60.98
56650,60.97
1310,60.95
83850,60.95
36310,60.95
25535,60.95
60535,60.94
68606,60.94
28260,60.94
74455,60.94
90380,60.94
65518,60.92
83827,60.9
44022,60.9
41388,60.9
16052,60.88
3426,60.87
43787,60.85
32155,60.76
49768,60.75
27030,60.69
57565,60.69
84425,60.67
13321,60.65
15555,60.64
56427,60.59
60298,60.54
96906,60.52
85226,60.52
35034,60.52
36001,60.51
66799,60.5
24741,60.5
62467,60.5
24841,60.49
50335,60.49
71217,60.4
28887,60.35
5702,60.32
83875,60.3
87867,60.27
32331,60.27
26574,60.27
38437,60.18
44867,60.14
67071,60.11
5976,60.11
32369,60.11
78888,60.11
79046,60.1
98856,60.09
43709,60.08
56840,60.08
54479,60.03
65924,60.0
23579,60.0
68797,60.0
29014,60.0
65611,60.0
30156,60.0
27974,60.0
70549,60.0
25817,60.0
59171,60.0
71266,60.0
59139,60.0
72110,60.0
31945,60.0
73782,60.0
74084,60.0
2863,60.0
25787,60.0
19671,60.0
36747,60.0
76376,60.0
77123,60.0
9437,60.0
25426,60.0
38903,60.0
39045,60.0
24638,60.0
23763,60.0
77465,60.0
78294,60.0
78654,60.0
40066,60.0
30929,60.0
49864,60.0
79364,60.0
80743,60.0
4292,60.0
22642,60.0
41625,60.0
84308,60.0
85192,60.0
40195,60.0
85612,60.0
19810,60.0
19705,60.0
17987,60.0
64206,60.0
67004,60.0
16862,60.0
87487,60.0
63321,60.0
15896,60.0
80787,60.0
15160,60.0
14266,60.0
13468,60.0
89207,60.0
12418,60.0
61537,60.0
93694,60.0
12326,60.0
10898,60.0
10295,60.0
94013,60.0
40439,60.0
66894,60.0
9707,60.0
95026,60.0
41787,60.0
9588,60.0
37253,60.0
38391,60.0
31561,60.0
95735,60.0
64617,60.0
7454,60.0
42184,60.0
6613,60.0
96769,60.0
5489,60.0
57659,60.0
3597,60.0
96948,60.0
2249,60.0
92316,60.0
61134,60.0
98727,60.0
59885,60.0
59194,60.0
43286,60.0
57851,60.0
56806,60.0
66413,60.0
999,60.0
944,60.0
56754,60.0
208,60.0
37,60.0
48137,60.0
56265,60.0
4107,60.0
44986,60.0
45362,60.0
55973,60.0
46074,60.0
92660,60.0
54813,60.0
47013,60.0
52311,60.0
41920,60.0
49939,60.0
47026,60.0
79146,60.0
23761,60.0
49816,60.0
26818,59.99
7145,59.99
91656,59.99
90814,59.99
90619,59.99
35561,59.99
88581,59.99
92555,59.99
88322,59.99
36695,59.99
88040,59.99
87359,59.99
26212,59.99
37130,59.99
86479,59.99
38352,59.99
39296,59.99
39334,59.99
85026,59.99
27600,59.99
40591,59.99
4655,59.99
84519,59.99
41400,59.99
24463,59.99
41629,59.99
93188,59.99
69092,59.99
83135,59.99
93983,59.99
25605,59.99
23951,59.99
23681,59.99
22838,59.99
41684,59.99
42140,59.99
81020,59.99
22428,59.99
87982,59.99
79408,59.99
78279,59.99
72528,59.99
21504,59.99
42241,59.99
77289,59.99
76355,59.99
96398,59.99
43292,59.99
75773,59.99
99140,59.99
99257,59.99
20867,59.99
74573,59.99
72450,59.99
72118,59.99
43390,59.99
71917,59.99
20843,59.99
44114,59.99
19372,59.99
44423,59.99
19031,59.99
15362,59.99
44675,59.99
70158,59.99
69972,59.99
69797,59.99
69659,59.99
68082,59.99
98089,59.99
18743,59.99
46378,59.99
46591,59.99
47472,59.99
67229,59.99
47643,59.99
16932,59.99
65192,59.99
48090,59.99
48360,59.99
49679,59.99
13614,59.99
50142,59.99
64414,59.99
50273,59.99
50798,59.99
12028,59.99
10571,59.99
87894,59.99
50841,59.99
73784,59.99
63786,59.99
93237,59.99
62954,59.99
51071,59.99
52315,59.99
9767,59.99
9352,59.99
8324,59.99
62628,59.99
43706,59.99
61151,59.99
53525,59.99
60982,59.99
60106,59.99
32736,59.99
8078,59.99
57802,59.99
61871,59.99
57302,59.99
53724,59.99
4470,59.99
54882,59.99
67889,59.99
1212,59.99
1764,59.99
4193,59.99
7660,59.99
4196,59.99
4512,59.99
55009,59.99
6039,59.99
7371,59.99
55890,59.99
6391,59.99
55805,59.99
7051,59.99
26875,59.99
54657,59.98
37951,59.98
25457,59.98
44657,59.98
65927,59.98
76571,59.98
23106,59.98
94392,59.98
85241,59.98
5076,59.98
2641,59.98
26117,59.98
15384,59.98
19997,59.97
87244,59.97
40878,59.97
89610,59.96
10658,59.96
98692,59.95
73945,59.95
12248,59.95
60644,59.95
17904,59.95
8884,59.95
61472,59.95
88241,59.95
96129,59.95
24042,59.95
80892,59.95
4073,59.95
28633,59.95
33140,59.95
11034,59.95
7233,59.95
28862,59.95
1323,59.95
6603,59.95
16163,59.95
31230,59.95
64074,59.95
89376,59.95
87427,59.95
65405,59.95
45903,59.95
66631,59.95
84877,59.95
75199,59.95
72682,59.95
48543,59.95
52753,59.95
49571,59.94
63765,59.94
75965,59.94
51237,59.94
19608,59.93
30112,59.9
11041,59.9
89607,59.9
66755,59.88
72603,59.88
890,59.87
84480,59.86
43222,59.85
67262,59.85
97620,59.75
64747,59.75
51869,59.7
31140,59.69
59005,59.67
97289,59.66
58886,59.65
65772,59.64
93872,59.63
20024,59.6
73514,59.59
8301,59.59
86468,59.57
78525,59.52
8537,59.52
73085,59.5
20000,59.5
39270,59.5
71967,59.5
71634,59.5
78343,59.5
525,59.5
70751,59.5
69450,59.5
69401,59.5
615,59.5
68358,59.5
1464,59.5
68162,59.5
79129,59.5
67704,59.5
79268,59.5
65922,59.5
62923,59.5
2571,59.5
4852,59.5
62593,59.5
62468,59.5
80141,59.5
5929,59.5
80352,59.5
61664,59.5
60622,59.5
60414,59.5
56983,59.5
6193,59.5
56966,59.5
85237,59.5
56657,59.5
56031,59.5
85367,59.5
86867,59.5
55780,59.5
87168,59.5
55416,59.5
8148,59.5
55399,59.5
54875,59.5
88396,59.5
88931,59.5
48079,59.5
89161,59.5
91603,59.5
91908,59.5
47943,59.5
93293,59.5
44513,59.5
73958,59.5
43940,59.5
8340,59.5
8921,59.5
96286,59.5
9004,59.5
96664,59.5
9276,59.5
97859,59.5
43588,59.5
42898,59.5
42324,59.5
42022,59.5
95767,59.5
98462,59.5
10992,59.5
37643,59.5
38215,59.5
12050,59.5
36517,59.5
35210,59.5
35112,59.5
35069,59.5
78190,59.5
34874,59.5
34624,59.5
33005,59.5
32737,59.5
32283,59.5
13442,59.5
32271,59.5
13906,59.5
14011,59.5
32132,59.5
31939,59.5
30480,59.5
29754,59.5
29722,59.5
29275,59.5
14831,59.5
28322,59.5
28133,59.5
27676,59.5
27019,59.5
26699,59.5
25863,59.5
25317,59.5
24504,59.5
23534,59.5
23176,59.5
22990,59.5
16589,59.5
22778,59.5
20183,59.5
16981,59.5
10948,59.49
11816,59.49
84318,59.49
20631,59.47
69524,59.45
34391,59.45
21172,59.45
16738,59.45
80783,59.45
75661,59.45
34440,59.45
64918,59.45
28197,59.45
36390,59.45
35000,59.45
65456,59.4
41021,59.4
2850,59.38
39859,59.35
19602,59.32
52947,59.29
57278,59.27
89457,59.26
40316,59.25
56934,59.2
13287,59.19
27877,59.19
1258,59.13
57404,59.11
63791,59.11
32558,59.01
55722,59.0
70065,59.0
64379,59.0
26868,59.0
20335,59.0
18363,59.0
82127,59.0
28085,59.0
18362,59.0
30360,59.0
88821,59.0
17854,59.0
79808,59.0
30745,59.0
15824,59.0
14700,59.0
14302,59.0
12878,59.0
75554,59.0
60150,59.0
10332,59.0
9939,59.0
32957,59.0
59093,59.0
9827,59.0
79158,59.0
33549,59.0
9625,59.0
58592,59.0
77775,59.0
7657,59.0
6903,59.0
37111,59.0
34087,59.0
56831,59.0
98917,59.0
36708,59.0
55609,59.0
55215,59.0
95748,59.0
54797,59.0
98238,59.0
71790,59.0
6701,59.0
95006,59.0
65710,59.0
67635,59.0
24454,59.0
86710,59.0
61681,59.0
36874,59.0
94770,59.0
40517,59.0
4552,59.0
3698,59.0
1999,59.0
1701,59.0
75808,59.0
77405,59.0
69044,59.0
70459,59.0
52981,59.0
49842,59.0
705,59.0
92706,59.0
76746,59.0
88107,59.0
41253,59.0
41273,59.0
45068,59.0
67994,59.0
76765,59.0
45610,59.0
23187,59.0
91142,59.0
25553,59.0
76907,59.0
45133,59.0
91529,59.0
50708,58.99
87159,58.99
43965,58.99
58853,58.99
83151,58.99
69597,58.99
87915,58.99
15561,58.99
78647,58.99
11662,58.99
21817,58.99
51036,58.99
46421,58.99
57962,58.98
39552,58.98
20777,58.98
68259,58.97
70242,58.97
53712,58.96
60602,58.96
48136,58.95
85225,58.95
29874,58.95
84254,58.95
32960,58.95
12890,58.95
54043,58.95
45588,58.94
4256,58.94
76980,58.94
63711,58.94
18655,58.91
38896,58.9
1640,58.9
52882,58.89
22474,58.88
90083,58.88
74135,58.86
28523,58.85
50887,58.85
36808,58.84
98254,58.84
97783,58.83
79893,58.82
66802,58.82
6132,58.82
36855,58.8
44024,58.8
57049,58.8
78326,58.8
80240,58.8
10740,58.8
92358,58.79
61063,58.75
1060,58.75
42511,58.74
10559,58.73
99540,58.71
56247,58.59
30065,58.5
70927,58.5
70527,58.5
49823,58.5
95912,58.5
26128,58.5
23946,58.5
31631,58.5
82071,58.5
80245,58.5
27942,58.49
88477,58.45
82769,58.45
94415,58.45
80371,58.45
72300,58.44
74830,58.44
34100,58.43
21785,58.37
32517,58.34
15786,58.34
47318,58.33
57370,58.3
34143,58.26
69240,58.25
25564,58.25
67856,58.22
69277,58.22
43244,58.22
39229,58.22
63168,58.15
5638,58.14
67468,58.13
21850,58.13
68901,58.03
67320,58.0
28903,58.0
43896,58.0
40603,58.0
68156,58.0
38085,58.0
18876,58.0
52893,58.0
69429,58.0
17128,58.0
69690,58.0
72660,58.0
73742,58.0
74195,58.0
75208,58.0
9393,58.0
10141,58.0
18136,58.0
19078,58.0
19919,58.0
9572,58.0
8894,58.0
60818,58.0
10350,58.0
43033,58.0
81443,58.0
83625,58.0
59322,58.0
38611,58.0
60939,58.0
40928,58.0
28155,58.0
53621,58.0
64681,58.0
31668,58.0
25747,58.0
63829,58.0
54087,58.0
51163,58.0
56655,58.0
47892,58.0
85313,58.0
98973,58.0
14755,58.0
63798,58.0
44618,58.0
27764,58.0
37133,58.0
86941,58.0
18081,58.0
87722,58.0
6103,58.0
40929,58.0
58719,58.0
63660,58.0
87975,58.0
89561,58.0
2226,58.0
91346,58.0
29473,58.0
36878,58.0
92869,58.0
93103,58.0
12415,58.0
56245,58.0
4704,58.0
93419,58.0
15675,58.0
2001,58.0
48274,58.0
34439,58.0
80594,57.99
45272,57.99
3978,57.99
44995,57.99
70365,57.99
27734,57.99
1176,57.99
30960,57.99
27027,57.99
23658,57.99
51921,57.99
53732,57.99
69238,57.99
31245,57.99
55108,57.99
31443,57.99
57722,57.99
92431,57.99
5768,57.99
37056,57.99
62301,57.99
9953,57.98
76973,57.98
43688,57.98
65815,57.97
49576,57.97
50826,57.97
78019,57.97
12798,57.96
68618,57.96
65929,57.95
25674,57.95
96560,57.95
20681,57.95
55470,57.95
84222,57.95
85319,57.95
3572,57.95
64086,57.95
48086,57.95
88036,57.95
8022,57.95
15745,57.95
7012,57.95
6880,57.95
91995,57.94
28875,57.94
12717,57.94
230,57.93
15978,57.92
92172,57.9
46089,57.9
83617,57.88
36552,57.88
49242,57.85
24648,57.83
79459,57.76
4301,57.74
32903,57.74
63651,57.7
99562,57.63
46563,57.63
71683,57.63
40577,57.59
47100,57.59
6540,57.54
62934,57.5
89272,57.5
53940,57.5
51689,57.5
63713,57.5
76851,57.49
19198,57.49
48107,57.49
32644,57.49
316,57.48
65397,57.46
83896,57.45
28891,57.45
93075,57.41
72911,57.41
90623,57.4
57560,57.35
14509,57.35
75958,57.28
85636,57.27
79814,57.27
4812,57.2
89030,57.17
8748,57.16
87104,57.15
16026,57.1
62108,57.09
81328,57.07
46592,57.07
71630,57.06
17222,57.06
52230,57.06
12175,57.06
76938,57.05
95913,57.01
84645,57.01
90142,57.01
55617,57.0
223,57.0
55516,57.0
31752,57.0
77429,57.0
16602,57.0
73770,57.0
41446,57.0
82098,57.0
36396,57.0
15766,57.0
60914,57.0
43174,56.99
74049,56.99
87501,56.99
28545,56.99
33997,56.99
51819,56.99
4920,56.99
57291,56.98
74739,56.98
60217,56.98
98459,56.98
30547,56.98
40159,56.97
2630,56.95
17032,56.95
55141,56.95
39397,56.95
93662,56.95
13037,56.95
86791,56.95
92016,56.94
87448,56.94
93599,56.94
53180,56.93
42959,56.93
88167,56.93
58591,56.92
87959,56.88
89150,56.88
58675,56.88
90072,56.87
30634,56.85
8372,56.82
82629,56.78
7020,56.78
97876,56.76
84468,56.71
41689,56.7
19086,56.7
1948,56.68
82656,56.66
65117,56.64
96043,56.63
23899,56.63
12520,56.63
52701,56.62
84539,56.6
81720,56.6
58835,56.59
3146,56.53
20059,56.5
41501,56.5
73951,56.5
74068,56.5
54579,56.5
46995,56.49
18777,56.49
49484,56.49
79705,56.47
63696,56.47
67296,56.47
28243,56.45
13169,56.43
92782,56.42
19513,56.39
23027,56.39
7674,56.39
71253,56.39
79066,56.39
93002,56.39
61120,56.39
73525,56.3
9122,56.28
43438,56.25
8515,56.25
52167,56.24
54720,56.24
57069,56.24
74920,56.12
93915,56.08
41816,56.08
41692,56.08
4816,56.04
2991,56.03
3053,56.0
54838,56.0
86628,56.0
58361,56.0
71327,56.0
84022,56.0
44988,56.0
93939,56.0
94736,56.0
7029,56.0
95034,56.0
18415,56.0
70461,56.0
82899,56.0
657,56.0
56486,56.0
30300,56.0
2352,56.0
67623,56.0
98058,56.0
40382,56.0
49193,56.0
63649,56.0
44224,56.0
90321,56.0
98587,56.0
65433,56.0
62980,56.0
90012,56.0
902,56.0
18928,56.0
9744,56.0
48855,56.0
4236,56.0
61795,56.0
17649,56.0
80181,56.0
93004,56.0
54204,56.0
32689,55.99
30002,55.99
21513,55.99
68128,55.99
57658,55.99
24311,55.99
18167,55.99
3613,55.99
65731,55.99
44918,55.99
2184,55.99
74473,55.99
91167,55.99
75426,55.99
20074,55.98
92910,55.98
76950,55.98
71166,55.98
88902,55.98
66289,55.98
4743,55.97
18269,55.97
27697,55.96
66056,55.96
79362,55.95
62979,55.95
29393,55.95
70298,55.95
82879,55.95
86043,55.95
69516,55.95
43306,55.95
4705,55.95
63166,55.95
63116,55.94
25693,55.94
81119,55.94
96418,55.94
84675,55.94
59269,55.94
11410,55.94
19191,55.92
42216,55.9
26519,55.9
33180,55.88
50128,55.86
92493,55.86
5549,55.86
77117,55.86
14007,55.85
37017,55.84
86575,55.78
32231,55.78
28495,55.76
34063,55.75
52868,55.65
75687,55.65
50421,55.65
87567,55.62
4006,55.6
99942,55.57
17093,55.57
52070,55.5
90603,55.5
98056,55.5
83685,55.5
26354,55.5
90452,55.5
60543,55.49
38307,55.49
5842,55.49
16,55.49
47405,55.49
84540,55.48
80099,55.46
97457,55.45
76632,55.44
9794,55.38
94612,55.38
19488,55.38
74221,55.38
64959,55.38
45035,55.38
98173,55.35
59914,55.34
53894,55.3
15661,55.3
82164,55.29
47742,55.28
69496,55.25
92419,55.16
92936,55.16
75226,55.06
5574,55.0
28936,55.0
82437,55.0
68572,55.0
5007,55.0
83521,55.0
3660,55.0
6607,55.0
2970,55.0
82273,55.0
83543,55.0
2584,55.0
2154,55.0
6830,55.0
6959,55.0
1636,55.0
1377,55.0
53856,55.0
7463,55.0
1159,55.0
86053,55.0
43713,55.0
86753,55.0
945,55.0
86826,55.0
7540,55.0
8429,55.0
40965,55.0
44825,55.0
8535,55.0
45128,55.0
90332,55.0
9857,55.0
45662,55.0
49843,55.0
45879,55.0
59105,55.0
65022,55.0
10211,55.0
83093,55.0
10590,55.0
46203,55.0
12554,55.0
40844,55.0
48531,55.0
13078,55.0
50346,55.0
50670,55.0
39001,55.0
82117,55.0
38844,55.0
15450,55.0
50895,55.0
91626,55.0
15955,55.0
51588,55.0
51731,55.0
51747,55.0
17118,55.0
51823,55.0
78520,55.0
81874,55.0
37721,55.0
17466,55.0
52461,55.0
55429,55.0
18449,55.0
81867,55.0
79914,55.0
55876,55.0
56005,55.0
18653,55.0
37412,55.0
79718,55.0
56289,55.0
57001,55.0
79109,55.0
57142,55.0
19088,55.0
19290,55.0
94248,55.0
57950,55.0
94347,55.0
58253,55.0
97250,55.0
19344,55.0
95260,55.0
19439,55.0
58548,55.0
36296,55.0
58860,55.0
59120,55.0
35151,55.0
78620,55.0
78544,55.0
61405,55.0
20527,55.0
33036,55.0
61703,55.0
62089,55.0
22586,55.0
77644,55.0
62115,55.0
77438,55.0
95150,55.0
62167,55.0
77257,55.0
22720,55.0
22820,55.0
77069,55.0
62323,55.0
23846,55.0
42500,55.0
25902,55.0
26353,55.0
32530,55.0
76048,55.0
62496,55.0
63524,55.0
26526,55.0
97400,55.0
64257,55.0
75978,55.0
76536,55.0
5559,55.0
75916,55.0
65461,55.0
99523,55.0
13484,55.0
29921,55.0
29703,55.0
27141,55.0
27321,55.0
29406,55.0
74563,55.0
65748,55.0
66102,55.0
66446,55.0
73020,55.0
60484,55.0
27899,55.0
28050,55.0
72828,55.0
28204,55.0
71010,55.0
70930,55.0
70204,55.0
28552,55.0
98102,55.0
69339,55.0
68991,55.0
67206,55.0
68804,55.0
94511,55.0
25406,55.0
68355,54.99
74094,54.99
85563,54.99
984,54.99
78189,54.99
13235,54.99
14249,54.99
14355,54.99
14875,54.99
99291,54.99
97775,54.99
94464,54.99
94416,54.99
91822,54.99
89028,54.99
85315,54.99
15484,54.99
18437,54.99
20430,54.99
20579,54.99
83481,54.99
21144,54.99
21229,54.99
22099,54.99
22987,54.99
24502,54.99
25009,54.99
25710,54.99
30858,54.99
81891,54.99
32475,54.99
40562,54.99
43890,54.99
44748,54.99
58090,54.99
76628,54.99
45669,54.99
72485,54.99
53111,54.99
58651,54.99
59261,54.99
59656,54.99
78582,54.99
62793,54.99
29245,54.99
64197,54.99
66425,54.99
68971,54.99
63936,54.99
74795,54.99
71719,54.99
83099,54.99
81749,54.99
18013,54.98
19409,54.98
18640,54.98
86070,54.98
81914,54.98
43819,54.98
5227,54.97
58616,54.97
49720,54.97
95307,54.97
58802,54.97
55816,54.97
47333,54.97
47038,54.97
33428,54.96
97838,54.95
47200,54.95
97667,54.95
13102,54.95
55636,54.95
765,54.95
5078,54.95
13585,54.95
107,54.95
99283,54.95
18058,54.95
40164,54.95
19061,54.95
54705,54.95
41841,54.95
23541,54.95
31017,54.95
3586,54.95
50011,54.95
90900,54.95
68190,54.95
44906,54.95
88341,54.95
27018,54.95
86654,54.95
22502,54.95
93563,54.95
45247,54.94
36197,54.94
66808,54.94
29542,54.94
69042,54.94
85713,54.94
25052,54.93
38474,54.93
1113,54.9
62707,54.9
14632,54.9
29215,54.9
30706,54.9
90859,54.9
42255,54.9
52607,54.9
68200,54.9
8751,54.9
87352,54.86
64569,54.85
69754,54.85
77918,54.84
10981,54.84
25683,54.84
5846,54.83
88781,54.82
29111,54.78
80013,54.77
62202,54.75
85224,54.69
34407,54.68
3024,54.68
98684,54.67
45325,54.67
27110,54.6
43583,54.56
86827,54.54
41329,54.5
93,54.5
68192,54.5
90695,54.5
25151,54.5
63732,54.5
76908,54.5
59255,54.5
58707,54.5
16355,54.5
57134,54.5
56356,54.5
39193,54.5
23572,54.5
31391,54.5
91010,54.5
53723,54.5
96528,54.5
50505,54.5
6114,54.5
56768,54.5
319,54.5
32260,54.5
36980,54.49
86949,54.47
35664,54.46
17919,54.45
58955,54.45
35212,54.44
22171,54.44
29647,54.42
38809,54.41
67863,54.4
12884,54.4
65801,54.39
95704,54.27
17514,54.25
79294,54.22
14851,54.22
12188,54.22
20955,54.2
42773,54.2
58089,54.2
92805,54.2
93026,54.02
14049,54.0
32588,54.0
11232,54.0
76742,54.0
17382,54.0
76877,54.0
74649,54.0
46370,54.0
73719,54.0
746,54.0
19066,54.0
20779,54.0
80192,54.0
80230,54.0
70166,54.0
69375,54.0
68846,54.0
68285,54.0
61555,54.0
83498,54.0
68123,54.0
65163,54.0
99076,54.0
84142,54.0
85875,54.0
6409,54.0
58843,54.0
88258,54.0
57332,54.0
89076,54.0
56625,54.0
55512,54.0
93971,54.0
54484,54.0
53683,54.0
52514,54.0
51809,54.0
51453,54.0
51015,54.0
50035,54.0
94251,54.0
47141,54.0
47034,54.0
76008,54.0
45344,54.0
22968,54.0
96820,54.0
44637,54.0
97657,54.0
43520,54.0
98095,54.0
40985,54.0
40874,54.0
98365,54.0
39956,54.0
24783,54.0
38047,54.0
9624,54.0
25268,54.0
10445,54.0
25920,54.0
34457,54.0
26950,54.0
32669,54.0
30917,54.0
62424,53.99
33532,53.99
37516,53.99
49286,53.99
54477,53.99
70733,53.99
60810,53.99
66365,53.99
37534,53.99
83784,53.99
8477,53.99
18007,53.99
90963,53.99
62919,53.99
96314,53.99
11255,53.99
48950,53.98
65516,53.98
31261,53.98
16370,53.98
23121,53.98
95733,53.97
7023,53.97
47769,53.97
93479,53.97
7042,53.97
13312,53.97
7493,53.97
17543,53.97
27013,53.97
4121,53.97
43183,53.97
9058,53.96
50959,53.95
40275,53.95
47072,53.95
13741,53.95
53119,53.95
90967,53.95
16199,53.95
21709,53.95
81480,53.95
75332,53.95
23117,53.95
12100,53.95
90325,53.95
58032,53.95
1303,53.95
45420,53.95
3918,53.94
63377,53.94
9877,53.94
37311,53.93
13549,53.89
86690,53.84
15759,53.8
66406,53.78
47057,53.73
59604,53.58
73877,53.55
67013,53.55
34708,53.53
21128,53.53
95555,53.53
87393,53.5
53803,53.5
61377,53.49
89499,53.49
3104,53.48
93497,53.45
34472,53.44
70303,53.42
2737,53.4
7430,53.33
24456,53.33
75047,53.33
63382,53.29
85102,53.29
1552,53.29
70704,53.29
54086,53.27
51134,53.22
76419,53.19
11158,53.18
64012,53.18
38327,53.15
31458,53.11
81901,53.07
96243,53.01
83705,53.0
99225,53.0
76077,53.0
70698,53.0
14110,53.0
49545,53.0
38741,53.0
71142,53.0
38182,53.0
34577,53.0
79019,53.0
27450,53.0
7225,53.0
5754,53.0
10189,53.0
1319,53.0
33197,53.0
98815,53.0
18405,53.0
85256,53.0
63063,53.0
89165,53.0
85812,53.0
52845,52.99
60805,52.99
32804,52.99
23755,52.99
32166,52.99
19397,52.99
10569,52.99
93742,52.99
76910,52.99
39665,52.99
81531,52.99
34826,52.99
76026,52.99
65966,52.99
31625,52.99
55039,52.99
52313,52.99
65691,52.99
57052,52.98
69721,52.98
18889,52.98
20114,52.98
67541,52.98
73261,52.97
34935,52.97
96416,52.97
58243,52.96
4682,52.95
9516,52.95
19151,52.95
23898,52.95
58171,52.95
82589,52.95
42750,52.95
76172,52.95
83342,52.95
85162,52.95
86718,52.95
89439,52.95
11167,52.94
6448,52.92
25941,52.92
20322,52.9
45034,52.9
63315,52.89
44193,52.88
70694,52.87
11062,52.86
50343,52.86
5225,52.85
9181,52.85
71059,52.83
83788,52.83
50581,52.81
35819,52.81
55545,52.81
77779,52.8
13863,52.8
13734,52.79
72555,52.79
84061,52.78
28571,52.78
42702,52.77
92961,52.71
35868,52.63
89758,52.6
15336,52.6
35955,52.59
84489,52.59
82342,52.59
52887,52.54
72600,52.54
91888,52.54
52478,52.5
82885,52.5
21338,52.5
62030,52.5
7767,52.49
1291,52.48
37011,52.48
77914,52.48
83212,52.47
23574,52.45
34192,52.44
83793,52.42
80765,52.4
67878,52.39
2546,52.39
46762,52.33
79787,52.3
99254,52.3
84229,52.25
4819,52.25
58047,52.25
16170,52.24
25322,52.21
79083,52.19
68843,52.15
4058,52.13
43228,52.13
67896,52.13
68376,52.13
82872,52.13
85032,52.13
88465,52.13
94879,52.13
7886,52.13
73977,52.12
54038,52.12
33759,52.02
39490,52.01
35024,52.01
67913,52.0
15056,52.0
72416,52.0
73176,52.0
73558,52.0
74804,52.0
77191,52.0
69244,52.0
78121,52.0
78554,52.0
79432,52.0
80853,52.0
69234,52.0
13727,52.0
64742,52.0
63628,52.0
83153,52.0
85038,52.0
62002,52.0
87475,52.0
88124,52.0
60559,52.0
90835,52.0
92689,52.0
96208,52.0
57018,52.0
96918,52.0
1071,52.0
97846,52.0
56813,52.0
54546,52.0
52531,52.0
51117,52.0
1836,52.0
2627,52.0
49120,52.0
46461,52.0
45930,52.0
44412,52.0
43061,52.0
40769,52.0
37869,52.0
36988,52.0
3343,52.0
69733,52.0
36985,52.0
35733,52.0
35206,52.0
34094,52.0
3737,52.0
3954,52.0
33377,52.0
32695,52.0
5182,52.0
8082,52.0
32323,52.0
10202,52.0
30051,52.0
28004,52.0
10304,52.0
25637,52.0
10812,52.0
11961,52.0
12639,52.0
24595,52.0
72224,52.0
14005,52.0
14383,52.0
23019,52.0
14392,52.0
18686,52.0
23709,52.0
55536,51.99
63795,51.99
39075,51.99
72557,51.99
55409,51.99
50684,51.99
55591,51.99
78621,51.99
41049,51.99
17955,51.99
16943,51.99
98938,51.99
17626,51.99
33876,51.99
80978,51.99
29299,51.99
89822,51.99
98725,51.99
25125,51.99
72508,51.99
24586,51.99
26225,51.99
67274,51.99
17643,51.99
87483,51.99
13940,51.99
24929,51.99
2738,51.99
95052,51.99
57432,51.98
45088,51.98
60717,51.98
91224,51.98
17843,51.98
11966,51.98
73024,51.98
50672,51.98
72611,51.98
99347,51.97
36074,51.96
57157,51.96
65581,51.95
81414,51.95
66443,51.95
69461,51.95
55331,51.95
88555,51.95
61433,51.95
54488,51.95
35638,51.95
90809,51.95
27228,51.95
18222,51.95
40198,51.95
15212,51.95
91737,51.95
53233,51.95
93985,51.95
34078,51.94
17849,51.94
79115,51.91
36350,51.9
53916,51.87
13688,51.87
98669,51.85
52889,51.81
49886,51.8
214,51.78
62618,51.76
84077,51.75
92212,51.75
19417,51.75
76368,51.68
47229,51.67
77608,51.6
42509,51.6
34501,51.6
28616,51.6
99607,51.6
8863,51.59
17068,51.58
96903,51.56
35883,51.55
67221,51.52
4572,51.52
18185,51.5
59578,51.5
96049,51.5
24768,51.49
91414,51.49
67511,51.46
87057,51.45
13219,51.42
23885,51.31
20283,51.27
31237,51.2
69588,51.19
55286,51.19
1787,51.17
88875,51.16
8728,51.15
80124,51.13
59649,51.1
6675,51.07
88809,51.03
55130,51.03
4508,51.01
9747,51.0
36743,51.0
31619,51.0
15717,51.0
20305,51.0
39536,51.0
65316,51.0
52285,51.0
75837,51.0
42763,50.99
76324,50.99
17179,50.99
26545,50.99
14854,50.99
37196,50.99
75721,50.99
9424,50.99
33178,50.99
89234,50.99
19950,50.99
40715,50.99
14974,50.98
52976,50.98
31595,50.98
31276,50.97
60771,50.96
80854,50.95
36513,50.95
11555,50.95
77112,50.95
74723,50.95
9710,50.94
69758,50.94
25149,50.94
52108,50.9
86758,50.9
43377,50.89
51969,50.89
1495,50.88
22338,50.88
22628,50.88
68801,50.88
50214,50.88
38753,50.8
75621,50.77
47279,50.76
68054,50.76
32700,50.75
18555,50.75
75129,50.68
59455,50.67
51272,50.67
69535,50.65
8475,50.63
79361,50.58
25136,50.56
59013,50.5
56432,50.49
53376,50.48
6281,50.46
25018,50.46
30761,50.46
2956,50.4
72128,50.4
64203,50.4
38944,50.4
64909,50.38
78861,50.38
6971,50.35
71882,50.27
46695,50.25
45206,50.2
60997,50.19
54917,50.16
10134,50.15
79180,50.14
85142,50.12
68608,50.12
63864,50.12
28095,50.12
21469,50.12
28550,50.1
73414,50.09
80020,50.03
17339,50.0
99627,50.0
53490,50.0
13453,50.0
18274,50.0
21089,50.0
21436,50.0
21579,50.0
12933,50.0
21584,50.0
21608,50.0
12256,50.0
10890,50.0
14862,50.0
10224,50.0
10107,50.0
21928,50.0
9611,50.0
22377,50.0
9420,50.0
7263,50.0
23629,50.0
7256,50.0
6789,50.0
24097,50.0
6786,50.0
6127,50.0
5916,50.0
24162,50.0
24341,50.0
39912,50.0
4761,50.0
3305,50.0
2917,50.0
25082,50.0
49154,50.0
25612,50.0
2113,50.0
28042,50.0
1007,50.0
996,50.0
793,50.0
64972,50.0
772,50.0
97,50.0
25,50.0
29384,50.0
30088,50.0
30329,50.0
30407,50.0
31192,50.0
33513,50.0
31714,50.0
33907,50.0
34558,50.0
34818,50.0
37427,50.0
37439,50.0
37925,50.0
38543,50.0
39009,50.0
39468,50.0
40883,50.0
41833,50.0
42089,50.0
42283,50.0
840,50.0
42597,50.0
44426,50.0
46127,50.0
46326,50.0
46530,50.0
47620,50.0
47984,50.0
48169,50.0
48213,50.0
49356,50.0
50381,50.0
50998,50.0
54049,50.0
54292,50.0
54774,50.0
92663,50.0
55646,50.0
55938,50.0
56724,50.0
57420,50.0
58141,50.0
58156,50.0
59078,50.0
61164,50.0
63042,50.0
63662,50.0
64887,50.0
65264,50.0
66984,50.0
69688,50.0
70048,50.0
70743,50.0
71603,50.0
74288,50.0
75754,50.0
77090,50.0
77471,50.0
77749,50.0
78059,50.0
78206,50.0
79752,50.0
80246,50.0
84439,50.0
85463,50.0
85470,50.0
85791,50.0
87681,50.0
87843,50.0
88760,50.0
90167,50.0
90567,50.0
91455,50.0
92336,50.0
93175,50.0
93248,50.0
93834,50.0
95947,50.0
96871,50.0
98825,50.0
15856,50.0
24989,49.99
73122,49.99
23236,49.99
66908,49.99
32290,49.99
23335,49.99
51279,49.99
23873,49.99
52187,49.99
86895,49.99
25814,49.99
26018,49.99
26347,49.99
26461,49.99
26547,49.99
80729,49.99
36870,49.99
44123,49.99
27775,49.99
28185,49.99
29346,49.99
29451,49.99
80129,49.99
79201,49.99
29911,49.99
85922,49.99
99580,49.99
30940,49.99
98440,49.99
95612,49.99
94040,49.99
93144,49.99
77475,49.99
1804,49.99
33237,49.99
92686,49.99
79024,49.99
33524,49.99
34152,49.99
91044,49.99
34778,49.99
90758,49.99
78586,49.99
34894,49.99
78557,49.99
35793,49.99
90589,49.99
36712,49.99
37350,49.99
90519,49.99
20842,49.99
86818,49.99
89813,49.99
37784,49.99
19219,49.99
37811,49.99
37929,49.99
37970,49.99
89608,49.99
38467,49.99
19210,49.99
3334,49.99
39517,49.99
18428,49.99
39966,49.99
41066,49.99
17763,49.99
41316,49.99
89508,49.99
77793,49.99
89235,49.99
17577,49.99
43127,49.99
17209,49.99
17095,49.99
44214,49.99
44406,49.99
16156,49.99
44592,49.99
44831,49.99
47730,49.99
15578,49.99
88635,49.99
81054,49.99
48321,49.99
49336,49.99
86744,49.99
49506,49.99
15512,49.99
2820,49.99
49798,49.99
85858,49.99
50795,49.99
50952,49.99
85676,49.99
51009,49.99
32330,49.99
80960,49.99
79351,49.99
12790,49.99
12608,49.99
4134,49.99
52221,49.99
52917,49.99
53035,49.99
53124,49.99
83830,49.99
73817,49.99
73435,49.99
188,49.99
11672,49.99
53455,49.99
53576,49.99
10715,49.99
10382,49.99
53615,49.99
53887,49.99
54779,49.99
54799,49.99
82630,49.99
9370,49.99
54903,49.99
55435,49.99
56182,49.99
9214,49.99
82284,49.99
82283,49.99
9120,49.99
57724,49.99
58016,49.99
81154,49.99
8755,49.99
7894,49.99
58110,49.99
58957,49.99
73314,49.99
59338,49.99
59398,49.99
60234,49.99
60340,49.99
7033,49.99
60673,49.99
5283,49.99
62017,49.99
847,49.99
62672,49.99
63010,49.99
63102,49.99
892,49.99
81998,49.99
63529,49.99
63844,49.99
64763,49.99
4813,49.99
64878,49.99
65844,49.99
66105,49.99
66134,49.99
4622,49.99
66143,49.99
81824,49.99
22733,49.99
1506,49.99
4424,49.99
68250,49.99
1650,49.99
1501,49.99
69838,49.99
81693,49.99
70400,49.99
70547,49.99
70773,49.99
71260,49.99
81542,49.99
71658,49.99
13172,49.99
39679,49.98
73693,49.98
84057,49.98
36951,49.98
80452,49.98
53313,49.98
16514,49.98
18008,49.98
44879,49.98
21693,49.98
93078,49.98
14311,49.97
43007,49.97
3337,49.97
60420,49.97
67642,49.97
77854,49.97
36823,49.95
14234,49.95
37744,49.95
18118,49.95
17996,49.95
37468,49.95
69635,49.95
68824,49.95
69843,49.95
34925,49.95
70229,49.95
39185,49.95
70724,49.95
40360,49.95
71995,49.95
31770,49.95
17979,49.95
67799,49.95
74727,49.95
31490,49.95
67790,49.95
21967,49.95
41068,49.95
30532,49.95
42482,49.95
29613,49.95
29566,49.95
75240,49.95
28945,49.95
27805,49.95
27699,49.95
75362,49.95
26464,49.95
67474,49.95
75583,49.95
37140,49.95
22228,49.95
22128,49.95
67400,49.95
64101,49.95
66011,49.95
63222,49.95
20865,49.95
76216,49.95
42724,49.95
63026,49.95
44282,49.95
77737,49.95
44482,49.95
45147,49.95
48041,49.95
79196,49.95
62866,49.95
80657,49.95
98837,49.95
16421,49.95
48447,49.95
61421,49.95
84437,49.95
97597,49.95
1041,49.95
1392,49.95
85210,49.95
5848,49.95
97099,49.95
19499,49.95
97001,49.95
49957,49.95
96142,49.95
95976,49.95
50616,49.95
6908,49.95
8723,49.95
51213,49.95
94583,49.95
9469,49.95
93818,49.95
92812,49.95
52329,49.95
52816,49.95
90778,49.95
88533,49.95
53207,49.95
87893,49.95
10734,49.95
86274,49.95
54330,49.95
12974,49.95
56862,49.95
58274,49.95
60465,49.95
61057,49.95
14070,49.95
69790,49.95
830,49.94
56926,49.94
51262,49.94
91828,49.94
83855,49.94
72443,49.94
55931,49.94
52906,49.94
39940,49.94
28510,49.94
17236,49.94
10778,49.94
75065,49.93
73433,49.93
60783,49.93
28218,49.93
44511,49.93
78010,49.91
70568,49.91
20165,49.9
60915,49.9
3191,49.9
64891,49.9
55745,49.9
40400,49.9
44421,49.89
2006,49.88
65791,49.88
95809,49.88
92391,49.88
64551,49.88
44806,49.88
42523,49.88
81625,49.88
1583,49.85
34176,49.8
66728,49.8
59549,49.8
62481,49.8
90154,49.79
18759,49.79
49579,49.77
32765,49.75
93225,49.75
56325,49.75
46915,49.57
38640,49.5
68016,49.5
29905,49.5
96009,49.5
42274,49.5
42389,49.5
43147,49.5
43311,49.5
43414,49.5
44976,49.5
45090,49.5
45398,49.5
45866,49.5
46160,49.5
38029,49.5
47557,49.5
36763,49.5
48604,49.5
49830,49.5
50185,49.5
52783,49.5
52897,49.5
55378,49.5
56327,49.5
56794,49.5
58181,49.5
58423,49.5
58574,49.5
58847,49.5
58954,49.5
47,49.5
35730,49.5
35167,49.5
187,49.5
1185,49.5
59777,49.5
1466,49.5
2066,49.5
60015,49.5
2601,49.5
2939,49.5
3634,49.5
4229,49.5
4347,49.5
4778,49.5
60052,49.5
7108,49.5
8941,49.5
9106,49.5
9226,49.5
10430,49.5
10536,49.5
12025,49.5
12125,49.5
12578,49.5
12923,49.5
13728,49.5
14099,49.5
60173,49.5
14914,49.5
61632,49.5
15345,49.5
15354,49.5
15382,49.5
15839,49.5
15853,49.5
16403,49.5
16934,49.5
18672,49.5
18864,49.5
19183,49.5
19278,49.5
19375,49.5
19562,49.5
20594,49.5
22197,49.5
23124,49.5
87607,49.5
23673,49.5
23689,49.5
25034,49.5
25789,49.5
26777,49.5
63387,49.5
64009,49.5
27380,49.5
28432,49.5
64470,49.5
64478,49.5
64841,49.5
47025,49.5
28516,49.5
48478,49.5
29031,49.5
98038,49.5
29068,49.5
97475,49.5
40826,49.5
96859,49.5
41905,49.5
94814,49.5
29949,49.5
93923,49.5
93852,49.5
92773,49.5
92368,49.5
92230,49.5
91745,49.5
91154,49.5
90688,49.5
90249,49.5
30437,49.5
86455,49.5
85902,49.5
85758,49.5
84603,49.5
83655,49.5
83651,49.5
31349,49.5
32026,49.5
32377,49.5
82011,49.5
81985,49.5
32833,49.5
34678,49.5
81917,49.5
81667,49.5
81284,49.5
80959,49.5
76011,49.5
32870,49.5
45749,49.5
33102,49.5
74869,49.5
67529,49.5
73639,49.5
72340,49.5
72041,49.5
70645,49.5
67616,49.5
33373,49.5
34091,49.5
70596,49.5
70315,49.5
69557,49.5
68163,49.5
34469,49.5
39906,49.5
36471,49.49
23827,49.49
25877,49.49
52811,49.49
59864,49.49
19830,49.45
8710,49.45
11300,49.45
93148,49.45
84045,49.45
76606,49.45
73025,49.45
68026,49.45
66324,49.45
38822,49.45
29782,49.45
64411,49.44
97694,49.43
23567,49.41
55932,49.4
5534,49.39
69740,49.37
61657,49.33
77934,49.29
9910,49.27
32587,49.27
97285,49.25
49916,49.25
29915,49.25
42637,49.23
18459,49.19
90304,49.18
92655,49.17
69490,49.17
16666,49.17
88663,49.14
39409,49.14
89751,49.12
72594,49.09
96292,49.08
26178,49.06
55565,49.03
51301,49.03
39878,49.03
39012,49.03
11015,49.03
94949,49.03
9402,49.0
89346,49.0
13767,49.0
13067,49.0
17174,49.0
18028,49.0
23588,49.0
33292,49.0
23989,49.0
25452,49.0
27079,49.0
27905,49.0
30105,49.0
31799,49.0
33573,49.0
6516,49.0
36893,49.0
37003,49.0
37255,49.0
41879,49.0
3730,49.0
44837,49.0
69347,49.0
44857,49.0
45541,49.0
46101,49.0
50920,49.0
52339,49.0
54499,49.0
55218,49.0
55253,49.0
61285,49.0
64687,49.0
926,49.0
70438,49.0
72308,49.0
72404,49.0
72949,49.0
73570,49.0
74558,49.0
76079,49.0
76737,49.0
95632,49.0
77752,49.0
78104,49.0
78310,49.0
80443,49.0
87015,49.0
90630,49.0
93744,49.0
94899,49.0
96137,49.0
12682,49.0
58826,49.0
60999,49.0
71200,48.99
72935,48.99
59271,48.99
61425,48.99
4023,48.99
87265,48.99
37494,48.99
16501,48.99
9414,48.98
10482,48.98
93724,48.98
81461,48.98
56901,48.98
57598,48.98
68636,48.98
49433,48.98
41859,48.98
55883,48.98
43705,48.98
31840,48.98
66805,48.97
35555,48.97
51485,48.97
65199,48.97
39078,48.97
65780,48.97
55604,48.97
1824,48.97
23746,48.97
37775,48.96
42792,48.96
83461,48.96
70818,48.95
60725,48.95
24676,48.95
52308,48.95
48310,48.95
62280,48.95
57249,48.95
71357,48.95
12660,48.95
8052,48.95
64386,48.95
41965,48.95
98666,48.95
78571,48.94
51191,48.93
85761,48.92
52157,48.89
63868,48.89
31476,48.89
38350,48.86
24307,48.85
12032,48.84
5694,48.8
1096,48.8
84165,48.8
49441,48.79
65706,48.76
54411,48.76
76613,48.75
60153,48.75
37840,48.75
4630,48.75
18914,48.75
21264,48.71
64140,48.7
55417,48.7
55726,48.65
93168,48.65
95377,48.65
63995,48.65
19712,48.65
34565,48.65
48678,48.64
10916,48.64
74952,48.63
83442,48.59
92451,48.59
12128,48.59
64058,48.58
21046,48.53
97674,48.53
77888,48.53
47646,48.5
48282,48.5
30385,48.5
97174,48.5
56149,48.49
760,48.49
15293,48.49
31679,48.48
17563,48.48
48058,48.46
5387,48.45
20695,48.45
94887,48.44
93167,48.42
89230,48.42
96151,48.4
2679,48.36
31598,48.3
45977,48.3
50033,48.3
62234,48.3
96071,48.3
64810,48.25
32016,48.2
78056,48.2
58189,48.18
21517,48.18
11700,48.18
66506,48.15
3984,48.12
9266,48.1
72514,48.1
91426,48.06
3042,48.05
26267,48.03
22753,48.0
88669,48.0
26176,48.0
53951,48.0
26678,48.0
28572,48.0
29496,48.0
308,48.0
29735,48.0
32714,48.0
32831,48.0
730,48.0
33107,48.0
33262,48.0
33870,48.0
77288,48.0
33922,48.0
814,48.0
35564,48.0
35661,48.0
39002,48.0
25496,48.0
22277,48.0
23869,48.0
2475,48.0
39017,48.0
22048,48.0
4416,48.0
17393,48.0
40706,48.0
14489,48.0
40918,48.0
4692,48.0
42347,48.0
42865,48.0
43617,48.0
44687,48.0
45248,48.0
46681,48.0
47514,48.0
47532,48.0
49106,48.0
49351,48.0
51629,48.0
52677,48.0
55002,48.0
55790,48.0
5300,48.0
57620,48.0
59112,48.0
11299,48.0
60302,48.0
61171,48.0
61699,48.0
6763,48.0
61933,48.0
7048,48.0
63520,48.0
67465,48.0
67492,48.0
68024,48.0
14473,48.0
68914,48.0
69220,48.0
73004,48.0
74399,48.0
13681,48.0
13334,48.0
7587,48.0
12807,48.0
8614,48.0
76935,48.0
77009,48.0
77868,48.0
81177,48.0
81368,48.0
82550,48.0
83156,48.0
83729,48.0
11065,48.0
83843,48.0
10442,48.0
84133,48.0
97387,48.0
10710,48.0
94067,48.0
84358,48.0
92309,47.99
6646,47.99
59989,47.99
94528,47.99
164,47.99
91333,47.99
89489,47.99
77862,47.99
97324,47.99
6053,47.99
76339,47.99
75901,47.99
72394,47.99
68610,47.99
68154,47.99
61882,47.99
46367,47.99
38233,47.99
38177,47.99
34796,47.99
83815,47.99
29513,47.99
26244,47.99
23015,47.99
18843,47.99
14794,47.99
12990,47.99
12716,47.99
12255,47.99
91631,47.98
17205,47.98
68476,47.98
9948,47.98
35756,47.98
40693,47.98
55181,47.98
10711,47.97
88863,47.97
58679,47.97
11369,47.97
84855,47.97
27194,47.96
17616,47.96
84684,47.95
70857,47.95
24828,47.95
70779,47.95
69722,47.95
67100,47.95
73174,47.95
6913,47.95
31278,47.95
83071,47.95
55006,47.95
94655,47.95
54335,47.95
44135,47.95
9346,47.95
41171,47.95
32128,47.95
29107,47.95
39163,47.94
20838,47.94
92536,47.93
55276,47.92
38960,47.9
92485,47.9
14712,47.89
34305,47.88
78968,47.79
4702,47.79
20330,47.77
70783,47.74
73205,47.73
40035,47.73
46215,47.7
70933,47.7
46154,47.7
22330,47.7
11807,47.7
15652,47.67
40697,47.66
16992,47.63
23302,47.6
60971,47.58
50657,47.58
28996,47.5
63266,47.5
10692,47.5
31930,47.49
55624,47.49
46041,47.45
81570,47.43
87736,47.27
90947,47.23
39708,47.19
44522,47.18
90324,47.17
88364,47.17
84837,47.17
75114,47.17
43601,47.17
42664,47.17
36678,47.17
32384,47.17
29506,47.17
19156,47.17
58153,47.16
64060,47.14
95959,47.13
60300,47.12
68153,47.1
81106,47.1
77371,47.07
40303,47.07
40329,47.07
27264,47.07
41952,47.07
65863,47.07
39673,47.05
58640,47.04
17063,47.04
56864,47.0
76647,47.0
74753,47.0
94437,47.0
91895,47.0
57454,47.0
22360,47.0
54341,47.0
39257,47.0
21737,47.0
18584,47.0
15009,47.0
7834,47.0
5437,47.0
2057,47.0
23492,47.0
94571,47.0
93029,47.0
7007,47.0
59054,47.0
6606,46.99
62203,46.99
38057,46.99
32806,46.99
1630,46.99
3573,46.99
85537,46.99
7939,46.99
9359,46.99
15463,46.99
17180,46.99
20325,46.99
69945,46.99
21108,46.99
30934,46.99
32328,46.99
91714,46.99
34485,46.99
66093,46.99
99137,46.99
38677,46.99
45025,46.99
13894,46.99
58494,46.99
88424,46.99
12310,46.98
60656,46.98
72294,46.98
11916,46.98
17038,46.97
5161,46.97
2073,46.96
80820,46.96
86857,46.96
6268,46.95
91249,46.95
30236,46.95
87816,46.95
82789,46.95
19017,46.95
65059,46.95
82023,46.95
58507,46.95
38267,46.95
35960,46.95
32450,46.95
24312,46.95
79107,46.94
56599,46.94
11460,46.92
74228,46.92
92056,46.9
52620,46.9
71600,46.87
41788,46.78
12134,46.76
28017,46.76
86736,46.72
12795,46.7
96961,46.67
27983,46.62
76563,46.5
32171,46.5
92531,46.5
83638,46.5
79492,46.5
70600,46.5
54201,46.5
30442,46.5
27057,46.5
25176,46.5
17501,46.5
11161,46.5
4415,46.5
29584,46.49
72556,46.49
19230,46.49
71319,46.48
64001,46.46
46855,46.45
45115,46.45
39147,46.44
53890,46.42
2564,46.4
74707,46.39
52424,46.39
13969,46.36
93781,46.31
11974,46.29
58535,46.27
98454,46.22
78516,46.22
40328,46.22
8316,46.22
400,46.22
92931,46.21
94529,46.19
8869,46.15
30084,46.12
45688,46.07
93764,46.07
58721,46.03
75619,46.02
71023,46.0
9576,46.0
36165,46.0
30657,46.0
30553,46.0
28603,46.0
27061,46.0
33535,46.0
49908,46.0
34762,46.0
57997,46.0
58209,46.0
60389,46.0
881,46.0
63000,46.0
25408,46.0
40404,46.0
68883,46.0
71075,46.0
72009,46.0
37143,46.0
46167,46.0
45083,46.0
76038,46.0
5083,46.0
57850,46.0
90728,46.0
76944,46.0
79205,46.0
80010,46.0
62387,46.0
83836,46.0
44326,46.0
86112,46.0
7026,46.0
89701,46.0
9553,46.0
20821,46.0
7358,46.0
93100,46.0
7597,46.0
96090,46.0
41096,46.0
57402,46.0
41266,46.0
12067,46.0
9654,46.0
70100,46.0
94342,46.0
99896,46.0
8828,46.0
87044,45.99
63090,45.99
43794,45.99
88576,45.99
1345,45.99
7349,45.99
10785,45.99
14134,45.99
16553,45.99
90369,45.99
26932,45.99
90540,45.99
75822,45.99
74113,45.99
87586,45.99
27188,45.99
37777,45.99
54734,45.99
31254,45.99
55731,45.99
56505,45.99
68639,45.99
71492,45.99
21482,45.98
88553,45.98
7157,45.98
89637,45.98
92169,45.98
18384,45.96
22492,45.95
74149,45.95
62669,45.95
62139,45.95
30200,45.95
9316,45.95
26579,45.95
19135,45.95
19302,45.95
79456,45.95
10861,45.94
50485,45.94
84274,45.94
57242,45.89
24692,45.89
19141,45.87
84703,45.87
45015,45.87
50170,45.83
48866,45.83
62729,45.83
33485,45.83
94687,45.77
6180,45.75
88826,45.73
59234,45.7
1368,45.63
73296,45.62
4894,45.6
31929,45.59
22583,45.58
33539,45.57
46433,45.57
43103,45.51
69133,45.5
36104,45.5
47793,45.5
97126,45.5
60841,45.5
51532,45.5
60908,45.49
18457,45.49
16778,45.48
69764,45.48
8732,45.47
90407,45.43
30699,45.4
18515,45.38
7735,45.24
29599,45.22
99240,45.16
37948,45.12
46281,45.12
41621,45.1
32853,45.09
4911,45.08
47359,45.0
47441,45.0
31332,45.0
31422,45.0
29280,45.0
27492,45.0
26989,45.0
26636,45.0
25702,45.0
23604,45.0
33349,45.0
23527,45.0
33651,45.0
22781,45.0
21025,45.0
20862,45.0
20571,45.0
20511,45.0
19350,45.0
57135,45.0
18238,45.0
17560,45.0
15882,45.0
68615,45.0
15850,45.0
12071,45.0
34198,45.0
9952,45.0
6605,45.0
34437,45.0
6270,45.0
89254,45.0
5015,45.0
4875,45.0
37499,45.0
38120,45.0
81670,45.0
38138,45.0
3621,45.0
99677,45.0
97602,45.0
97484,45.0
96687,45.0
2519,45.0
95535,45.0
38997,45.0
94473,45.0
94362,45.0
93347,45.0
39034,45.0
1686,45.0
93261,45.0
93236,45.0
39255,45.0
92405,45.0
92297,45.0
91537,45.0
91357,45.0
89788,45.0
89654,45.0
89229,45.0
88345,45.0
86989,45.0
1226,45.0
39401,45.0
86799,45.0
85354,45.0
84109,45.0
719,45.0
82793,45.0
80355,45.0
79879,45.0
78999,45.0
78338,45.0
78221,45.0
77895,45.0
77667,45.0
76983,45.0
76648,45.0
76568,45.0
76520,45.0
39580,45.0
41254,45.0
75484,45.0
75068,45.0
74997,45.0
74639,45.0
74511,45.0
73275,45.0
72797,45.0
41742,45.0
72006,45.0
71182,45.0
361,45.0
70140,45.0
69341,45.0
68753,45.0
68735,45.0
67981,45.0
67222,45.0
43022,45.0
59845,45.0
43558,45.0
66023,45.0
64066,45.0
63314,45.0
43656,45.0
62302,45.0
61265,45.0
61026,45.0
60632,45.0
96594,45.0
60002,45.0
15154,45.0
55730,45.0
54029,45.0
53343,45.0
53144,45.0
44424,45.0
51768,45.0
45091,45.0
51316,45.0
51055,45.0
50407,45.0
46010,45.0
47761,45.0
47498,45.0
31310,45.0
86708,44.99
10418,44.99
10845,44.99
29734,44.99
56039,44.99
32897,44.99
10849,44.99
88470,44.99
10875,44.99
55066,44.99
79384,44.99
72521,44.99
53402,44.99
10764,44.99
52395,44.99
26512,44.99
87242,44.99
52316,44.99
26986,44.99
34917,44.99
11704,44.99
12613,44.99
13193,44.99
52154,44.99
51872,44.99
13841,44.99
51399,44.99
87254,44.99
87465,44.99
16865,44.99
38197,44.99
88558,44.99
16969,44.99
17524,44.99
56164,44.99
22276,44.99
22608,44.99
9272,44.99
7945,44.99
85658,44.99
23540,44.99
57893,44.99
7455,44.99
23748,44.99
24086,44.99
59683,44.99
24155,44.99
24276,44.99
50063,44.99
24980,44.99
7280,44.99
50001,44.99
25684,44.99
48588,44.99
61988,44.99
26166,44.99
26883,44.99
6759,44.99
85447,44.99
5922,44.99
62367,44.99
5769,44.99
5912,44.99
5370,44.99
62391,44.99
90195,44.99
27744,44.99
84634,44.99
47989,44.99
62767,44.99
46907,44.99
63147,44.99
63871,44.99
64539,44.99
65850,44.99
66184,44.99
55282,44.99
46873,44.99
3889,44.99
67233,44.99
28647,44.99
68385,44.99
2891,44.99
68765,44.99
69282,44.99
69473,44.99
69677,44.99
46803,44.99
2819,44.99
70049,44.99
28794,44.99
70778,44.99
70822,44.99
30508,44.99
46161,44.99
71708,44.99
72805,44.99
37013,44.99
73143,44.99
2602,44.99
2272,44.99
31055,44.99
82025,44.99
90459,44.99
73440,44.99
45968,44.99
81897,44.99
44557,44.99
81895,44.99
44048,44.99
32337,44.99
81644,44.99
42827,44.99
99547,44.99
41486,44.99
73495,44.99
74279,44.99
38232,44.99
93933,44.99
76780,44.99
80209,44.99
80511,44.99
98976,44.99
81445,44.99
40942,44.99
39432,44.99
98788,44.99
28492,44.99
44134,44.98
44602,44.98
46407,44.98
47837,44.98
61303,44.98
92433,44.98
96006,44.98
60564,44.98
84693,44.98
25828,44.98
57187,44.98
90486,44.98
19931,44.98
21039,44.98
96995,44.98
15348,44.98
77194,44.97
10555,44.97
11228,44.97
18272,44.97
3999,44.97
48217,44.97
5466,44.96
93528,44.95
36303,44.95
21193,44.95
89558,44.95
76211,44.95
88615,44.95
80417,44.95
68595,44.95
58278,44.95
24224,44.95
66026,44.95
6691,44.95
63218,44.95
25186,44.95
85096,44.95
69368,44.95
57331,44.95
84742,44.95
52822,44.95
14972,44.95
14120,44.95
59529,44.95
99373,44.95
20356,44.94
13802,44.94
61339,44.94
83235,44.94
2513,44.94
74301,44.94
95508,44.94
51063,44.94
82701,44.93
86158,44.93
86573,44.92
52119,44.91
11487,44.9
35539,44.9
71597,44.9
57763,44.9
14116,44.9
25021,44.89
15654,44.89
61412,44.88
73190,44.88
73847,44.86
30005,44.82
99209,44.82
71785,44.8
50079,44.8
47883,44.8
65838,44.8
90033,44.78
38718,44.78
4460,44.78
72954,44.78
97891,44.78
94692,44.77
31737,44.76
97411,44.74
27722,44.68
52139,44.67
71609,44.63
31216,44.63
11524,44.63
52824,44.59
49841,44.58
75087,44.55
74130,44.55
71647,44.55
58260,44.55
48583,44.55
98975,44.5
578,44.5
71946,44.5
74181,44.5
27645,44.5
40778,44.5
74570,44.5
18063,44.5
67755,44.5
76297,44.5
37830,44.5
31497,44.5
42554,44.5
12416,44.5
83462,44.5
85398,44.5
42951,44.5
88772,44.5
9580,44.5
94335,44.5
17337,44.5
69016,44.5
7728,44.5
37005,44.5
29413,44.5
30027,44.5
3669,44.5
3013,44.5
75490,44.5
30899,44.5
52794,44.5
955,44.5
53351,44.5
10252,44.5
37221,44.49
79078,44.47
30938,44.46
98769,44.45
84481,44.42
79656,44.4
3324,44.4
20885,44.39
75971,44.39
35836,44.36
94287,44.36
79225,44.34
12482,44.32
96450,44.3
3529,44.3
73375,44.29
86163,44.28
32287,44.28
63614,44.27
32863,44.25
57681,44.25
25440,44.21
52867,44.21
84983,44.2
39066,44.19
99421,44.16
78003,44.13
56536,44.13
33855,44.13
93349,44.12
55675,44.12
10471,44.12
25520,44.0
73919,44.0
43674,44.0
50523,44.0
26822,44.0
51801,44.0
41892,44.0
52097,44.0
46692,44.0
48617,44.0
40540,44.0
53105,44.0
38005,44.0
53497,44.0
49178,44.0
33804,44.0
99084,44.0
30919,44.0
30216,44.0
29499,44.0
49869,44.0
54321,44.0
44529,44.0
98050,44.0
55079,44.0
96548,44.0
56255,44.0
93187,44.0
27898,44.0
26857,44.0
57074,44.0
26787,44.0
92165,44.0
25226,44.0
23750,44.0
23359,44.0
6551,44.0
91896,44.0
58960,44.0
21951,44.0
21208,44.0
59355,44.0
91340,44.0
60454,44.0
20879,44.0
18974,44.0
18967,44.0
61557,44.0
87957,44.0
62819,44.0
16839,44.0
15940,44.0
15052,44.0
67119,44.0
85856,44.0
13955,44.0
67195,44.0
67693,44.0
11992,44.0
68017,44.0
68161,44.0
68838,44.0
8866,44.0
8707,44.0
69300,44.0
85849,44.0
44455,44.0
81137,44.0
8049,44.0
80570,44.0
79598,44.0
4220,44.0
79239,44.0
2637,44.0
1962,44.0
1117,44.0
980,44.0
43995,44.0
70250,44.0
78358,44.0
71888,44.0
72439,44.0
73857,44.0
46990,44.0
76342,44.0
79136,44.0
38261,43.99
50192,43.99
60569,43.99
93615,43.99
40438,43.99
37296,43.99
30747,43.99
50748,43.99
25561,43.99
66014,43.99
66969,43.99
30087,43.99
81075,43.99
20202,43.99
15785,43.99
81173,43.99
15040,43.99
32717,43.99
44344,43.98
90970,43.98
88285,43.98
82463,43.98
8860,43.97
54758,43.97
82511,43.97
10637,43.95
12886,43.95
61505,43.95
48804,43.95
86118,43.95
75786,43.95
97421,43.95
86629,43.95
59911,43.95
40814,43.95
31491,43.95
17326,43.95
16677,43.95
10971,43.94
39633,43.94
64589,43.94
85734,43.93
96656,43.92
12202,43.9
22997,43.81
37575,43.8
68374,43.79
62830,43.76
51784,43.76
73603,43.76
72223,43.76
40736,43.76
20447,43.76
32807,43.75
29054,43.75
47764,43.74
77867,43.7
61634,43.69
95023,43.69
77001,43.68
51764,43.67
13853,43.66
76744,43.66
89095,43.66
1978,43.64
90076,43.62
69952,43.54
67042,43.53
47735,43.53
2632,43.51
16277,43.5
37099,43.49
22221,43.49
11178,43.49
55758,43.49
36156,43.48
45831,43.47
37396,43.45
75285,43.4
66489,43.4
7398,43.4
37434,43.37
26697,43.33
63429,43.32
86925,43.29
30053,43.29
24160,43.23
26435,43.23
6274,43.23
83546,43.22
85781,43.2
61905,43.2
93061,43.2
31915,43.19
70582,43.17
80593,43.15
66615,43.15
66083,43.14
34848,43.14
35899,43.11
22799,43.09
39340,43.0
35588,43.0
23318,43.0
19995,43.0
17669,43.0
8208,43.0
5598,43.0
65194,43.0
87494,43.0
50104,43.0
88166,43.0
70458,42.99
73661,42.99
90457,42.99
67918,42.99
91185,42.99
93901,42.99
92817,42.99
88335,42.99
86471,42.99
83497,42.99
82825,42.99
81562,42.99
79797,42.99
77909,42.99
77014,42.99
76798,42.99
76598,42.99
74380,42.99
67252,42.99
66599,42.99
64370,42.99
62633,42.99
62625,42.99
61897,42.99
58436,42.99
54450,42.99
53948,42.99
53693,42.99
52144,42.99
49717,42.99
47461,42.99
42992,42.99
42513,42.99
34883,42.99
28708,42.99
28690,42.99
58953,42.99
26752,42.99
26357,42.99
25046,42.99
24996,42.99
22512,42.99
20763,42.99
17037,42.99
17017,42.99
16814,42.99
6658,42.99
2236,42.99
85,42.99
30982,42.99
23189,42.99
67588,42.99
56065,42.99
85396,42.98
56985,42.98
53084,42.98
38536,42.98
14750,42.98
12149,42.98
3659,42.98
58662,42.98
76674,42.98
80720,42.98
19855,42.98
89727,42.98
24328,42.98
6034,42.97
28894,42.95
95916,42.95
59358,42.95
37110,42.95
88327,42.95
28217,42.95
13850,42.95
87885,42.95
10181,42.95
85873,42.95
31968,42.95
99535,42.95
61695,42.95
92849,42.95
80026,42.94
64819,42.94
69268,42.94
11413,42.92
23204,42.92
63108,42.89
98413,42.88
77563,42.83
84795,42.81
89513,42.74
50347,42.73
83200,42.72
52054,42.71
37904,42.71
61200,42.69
11566,42.69
80755,42.68
45603,42.67
99050,42.58
87970,42.5
81314,42.5
71780,42.5
71202,42.5
58092,42.5
14019,42.5
17190,42.5
25051,42.5
29214,42.5
72622,42.49
44279,42.49
9412,42.43
51618,42.42
22030,42.4
15862,42.39
1586,42.38
48770,42.38
75604,42.38
38118,42.36
24392,42.3
31375,42.3
19572,42.3
98749,42.25
694,42.23
15467,42.22
63856,42.22
94422,42.17
93447,42.16
4799,42.16
12127,42.16
66831,42.16
72810,42.16
89435,42.16
89714,42.16
96768,42.16
50983,42.16
61145,42.13
17884,42.01
31146,42.01
64022,42.01
53741,42.0
79070,42.0
78792,42.0
76719,42.0
76542,42.0
75956,42.0
70993,42.0
70875,42.0
69251,42.0
66193,42.0
79641,42.0
65084,42.0
64949,42.0
64629,42.0
63184,42.0
61949,42.0
58530,42.0
58383,42.0
57416,42.0
56067,42.0
79942,42.0
81519,42.0
53262,42.0
49363,42.0
48854,42.0
48699,42.0
46936,42.0
82032,42.0
46911,42.0
45052,42.0
44902,42.0
44384,42.0
40371,42.0
38803,42.0
36423,42.0
8528,42.0
82593,42.0
35341,42.0
83157,42.0
35154,42.0
31942,42.0
30786,42.0
30338,42.0
29601,42.0
29365,42.0
29195,42.0
29158,42.0
29069,42.0
3272,42.0
85240,42.0
27982,42.0
26814,42.0
26291,42.0
25678,42.0
24139,42.0
20095,42.0
18493,42.0
17242,42.0
16300,42.0
15127,42.0
13530,42.0
12118,42.0
11821,42.0
11660,42.0
8382,42.0
7428,42.0
5874,42.0
100000,42.0
1605,42.0
99991,42.0
99541,42.0
98771,42.0
96019,42.0
95101,42.0
94733,42.0
94431,42.0
94130,42.0
92845,42.0
92367,42.0
92171,42.0
92007,42.0
88647,42.0
87497,42.0
86508,42.0
17316,42.0
17011,42.0
85777,42.0
85645,42.0
51676,42.0
32767,41.99
59443,41.99
797,41.99
31505,41.99
27755,41.99
26270,41.99
24800,41.99
28145,41.99
22653,41.99
22234,41.99
20889,41.99
19551,41.99
11620,41.99
99029,41.99
10993,41.99
8168,41.99
6060,41.99
5419,41.99
4643,41.99
4093,41.99
54611,41.99
31874,41.99
50896,41.99
98362,41.99
93174,41.99
92095,41.99
12847,41.99
88972,41.99
85797,41.99
85600,41.99
72760,41.99
69674,41.99
34217,41.99
67916,41.99
66573,41.99
62674,41.99
64751,41.99
84413,41.99
62103,41.99
60194,41.99
59666,41.99
40331,41.99
30820,41.98
83356,41.98
88539,41.98
42121,41.98
27780,41.97
65226,41.97
72918,41.97
17784,41.96
98256,41.96
90990,41.96
56179,41.96
46905,41.96
6475,41.96
28564,41.96
22408,41.96
24485,41.96
92775,41.95
22381,41.95
19767,41.95
17152,41.95
10813,41.95
15674,41.95
24805,41.95
32640,41.95
38216,41.95
46038,41.95
47373,41.95
50237,41.95
91211,41.95
32541,41.91
72841,41.9
72494,41.9
32525,41.86
86910,41.86
39037,41.81
14060,41.81
6679,41.81
69631,41.8
78105,41.8
90985,41.78
88472,41.75
48981,41.75
61053,41.74
80375,41.74
99618,41.74
27390,41.73
39269,41.73
78823,41.73
44935,41.72
59928,41.7
39451,41.7
44801,41.69
65414,41.66
18354,41.65
84726,41.64
47387,41.57
7523,41.51
52567,41.5
83809,41.49
52532,41.48
88387,41.47
55753,41.45
37620,41.42
8735,41.42
60677,41.42
64781,41.42
75508,41.41
94800,41.4
68564,41.4
98549,41.39
70963,41.39
74176,41.33
66624,41.3
30113,41.3
62175,41.29
44339,41.29
2953,41.29
61337,41.25
75699,41.25
75634,41.25
17686,41.25
9727,41.25
27377,41.25
8454,41.25
10475,41.23
4179,41.23
66394,41.23
44608,41.23
91865,41.2
65610,41.18
37314,41.13
34102,41.11
51991,41.06
24930,41.06
99115,41.0
59668,41.0
47898,41.0
39994,41.0
23297,41.0
6296,41.0
4373,41.0
10086,41.0
88924,41.0
25866,40.99
57696,40.99
80827,40.99
63073,40.99
82037,40.99
59336,40.99
53647,40.99
30108,40.99
19357,40.99
8523,40.99
36877,40.99
15176,40.99
28522,40.99
50418,40.99
28268,40.99
11376,40.99
89078,40.99
97399,40.99
91032,40.98
36143,40.98
35754,40.98
65712,40.98
71433,40.98
95837,40.95
98471,40.95
16889,40.95
73746,40.95
90438,40.95
12442,40.94
97461,40.94
97762,40.91
66467,40.9
62838,40.89
59176,40.89
54422,40.88
17711,40.84
4544,40.84
70070,40.83
71592,40.81
49732,40.79
54646,40.78
37265,40.77
9734,40.75
62032,40.75
58867,40.75
73121,40.72
20853,40.72
42687,40.7
30849,40.69
90583,40.6
91505,40.6
88382,40.6
78408,40.6
41331,40.6
25533,40.6
93309,40.57
5946,40.54
62614,40.54
71417,40.52
79283,40.5
94173,40.5
78139,40.49
79692,40.49
97423,40.48
22935,40.48
32677,40.47
70259,40.45
75408,40.45
29855,40.45
12619,40.42
94759,40.4
88568,40.4
81042,40.4
65263,40.4
62131,40.4
6428,40.37
90922,40.37
27763,40.35
59843,40.3
80262,40.27
85150,40.26
51489,40.2
35153,40.13
12199,40.13
45892,40.12
97255,40.08
3823,40.08
72965,40.0
89265,40.0
63942,40.0
97974,40.0
97476,40.0
65462,40.0
62670,40.0
96078,40.0
66362,40.0
95351,40.0
66627,40.0
94744,40.0
94302,40.0
93786,40.0
62584,40.0
62168,40.0
93696,40.0
61225,40.0
67204,40.0
91435,40.0
67741,40.0
69459,40.0
86380,40.0
84869,40.0
69968,40.0
83321,40.0
82712,40.0
82394,40.0
78772,40.0
78445,40.0
73213,40.0
78194,40.0
73796,40.0
69981,40.0
61130,40.0
60285,40.0
58528,40.0
55662,40.0
55521,40.0
55344,40.0
54974,40.0
54430,40.0
54165,40.0
53750,40.0
71361,40.0
53666,40.0
53038,40.0
16375,40.0
77173,40.0
77160,40.0
51334,40.0
51018,40.0
76427,40.0
50850,40.0
50413,40.0
49653,40.0
49129,40.0
71427,40.0
75052,40.0
47752,40.0
45616,40.0
45327,40.0
43023,40.0
66173,40.0
40777,40.0
40012,40.0
39445,40.0
39376,40.0
38345,40.0
38090,40.0
35029,40.0
34564,40.0
33707,40.0
32943,40.0
31299,40.0
31149,40.0
31110,40.0
28475,40.0
27066,40.0
24363,40.0
23661,40.0
22805,40.0
21415,40.0
21203,40.0
20973,40.0
19877,40.0
16775,40.0
74129,40.0
16633,40.0
14244,40.0
11793,40.0
11384,40.0
9826,40.0
7396,40.0
4825,40.0
4671,40.0
3306,40.0
2189,40.0
1845,40.0
587,40.0
72208,40.0
90382,40.0
88170,40.0
64986,40.0
71377,39.99
38674,39.99
37761,39.99
71216,39.99
72241,39.99
71014,39.99
73489,39.99
70363,39.99
74906,39.99
75682,39.99
69863,39.99
75794,39.99
75961,39.99
76146,39.99
76388,39.99
69789,39.99
837,39.99
1006,39.99
1234,39.99
69448,39.99
76587,39.99
76677,39.99
76976,39.99
1904,39.99
77740,39.99
4259,39.99
79099,39.99
69303,39.99
79269,39.99
79497,39.99
69257,39.99
79981,39.99
80281,39.99
8365,39.99
80545,39.99
8804,39.99
8849,39.99
69231,39.99
68997,39.99
65923,39.99
9688,39.99
10261,39.99
81686,39.99
10394,39.99
10451,39.99
82253,39.99
82731,39.99
65751,39.99
82912,39.99
11642,39.99
11818,39.99
65575,39.99
30395,39.99
12156,39.99
83661,39.99
64947,39.99
12307,39.99
64634,39.99
83958,39.99
13284,39.99
84497,39.99
85041,39.99
85289,39.99
85344,39.99
64597,39.99
85414,39.99
85783,39.99
13425,39.99
85924,39.99
85935,39.99
1577,39.99
64266,39.99
85998,39.99
86040,39.99
61749,39.99
61459,39.99
13829,39.99
86490,39.99
14486,39.99
86535,39.99
86626,39.99
14645,39.99
14776,39.99
86741,39.99
15207,39.99
15519,39.99
61054,39.99
87464,39.99
15529,39.99
15825,39.99
15973,39.99
88362,39.99
60830,39.99
60348,39.99
89222,39.99
60282,39.99
16048,39.99
60279,39.99
89397,39.99
59872,39.99
83359,39.99
89603,39.99
83273,39.99
16127,39.99
89783,39.99
16173,39.99
90042,39.99
99428,39.99
59707,39.99
59528,39.99
58626,39.99
56821,39.99
56753,39.99
91614,39.99
17415,39.99
91807,39.99
92288,39.99
92518,39.99
92698,39.99
93088,39.99
17775,39.99
17880,39.99
18669,39.99
18811,39.99
93246,39.99
56745,39.99
56682,39.99
94217,39.99
56363,39.99
94572,39.99
18840,39.99
19484,39.99
55897,39.99
96168,39.99
96545,39.99
19615,39.99
96646,39.99
19791,39.99
55249,39.99
54427,39.99
19794,39.99
20564,39.99
21055,39.99
21601,39.99
96916,39.99
97058,39.99
97124,39.99
97425,39.99
21901,39.99
97546,39.99
22438,39.99
53955,39.99
23038,39.99
52754,39.99
23531,39.99
98301,39.99
99099,39.99
99862,39.99
23893,39.99
99963,39.99
24156,39.99
24443,39.99
52521,39.99
26757,39.99
52124,39.99
27733,39.99
51742,39.99
28220,39.99
28226,39.99
51730,39.99
51404,39.99
2576,39.99
29534,39.99
29791,39.99
77552,39.99
29882,39.99
51366,39.99
30617,39.99
30653,39.99
51046,39.99
50710,39.99
50193,39.99
13792,39.99
50140,39.99
31325,39.99
49915,39.99
49714,39.99
49558,39.99
31789,39.99
49010,39.99
32636,39.99
32732,39.99
48628,39.99
32790,39.99
33562,39.99
48499,39.99
47424,39.99
46874,39.99
46641,39.99
33639,39.99
33866,39.99
34380,39.99
34802,39.99
45407,39.99
45041,39.99
35398,39.99
43899,39.99
43599,39.99
70841,39.99
43208,39.99
35697,39.99
36298,39.99
43057,39.99
42677,39.99
4062,39.99
36628,39.99
36718,39.99
42326,39.99
42000,39.99
41652,39.99
40050,39.99
39843,39.99
71269,39.99
80944,39.99
20737,39.99
38465,39.99
39644,39.99
39630,39.99
39472,39.99
39166,39.99
71963,39.99
9716,39.98
83067,39.98
73220,39.98
92424,39.98
64059,39.98
93398,39.98
63796,39.98
80282,39.98
79321,39.98
61341,39.98
60087,39.98
52246,39.98
99595,39.98
45499,39.98
86298,39.98
32458,39.98
28248,39.98
24845,39.98
95866,39.98
21125,39.98
54674,39.98
6974,39.98
4774,39.98
53175,39.98
31556,39.97
86088,39.96
69008,39.96
42090,39.95
7307,39.95
89571,39.95
86176,39.95
85732,39.95
85538,39.95
79629,39.95
78446,39.95
77492,39.95
43989,39.95
75601,39.95
72884,39.95
313,39.95
93134,39.95
71547,39.95
71135,39.95
70326,39.95
69686,39.95
65262,39.95
60573,39.95
58486,39.95
57866,39.95
97217,39.95
53466,39.95
49130,39.95
47658,39.95
46305,39.95
44737,39.95
1058,39.95
42095,39.95
39729,39.95
38860,39.95
38647,39.95
38546,39.95
38436,39.95
37832,39.95
34165,39.95
32551,39.95
31768,39.95
30866,39.95
25560,39.95
24532,39.95
24422,39.95
1112,39.95
2454,39.95
22727,39.95
21259,39.95
16575,39.95
15311,39.95
13483,39.95
11843,39.95
10773,39.95
7086,39.95
10411,39.95
8034,39.95
5379,39.95
72295,39.94
3319,39.94
11308,39.94
47809,39.94
31843,39.94
9888,39.94
51899,39.94
34430,39.94
43777,39.94
55527,39.93
86491,39.93
91260,39.92
55762,39.9
96091,39.9
86751,39.9
84829,39.9
79634,39.9
76835,39.9
67783,39.9
54366,39.9
72658,39.9
24709,39.88
21983,39.88
34002,39.88
48379,39.88
55759,39.88
59192,39.88
71212,39.88
85296,39.88
3508,39.88
12617,39.79
81956,39.78
97259,39.78
98645,39.75
81407,39.75
76786,39.74
36236,39.74
54613,39.69
64741,39.6
67838,39.6
64350,39.58
42101,39.54
55613,39.53
87017,39.5
71650,39.5
62867,39.5
71461,39.5
64055,39.5
65367,39.5
98990,39.5
757,39.5
97148,39.5
1371,39.5
97038,39.5
66017,39.5
5592,39.5
8405,39.5
8871,39.5
10342,39.5
10683,39.5
96354,39.5
96147,39.5
11733,39.5
15462,39.5
95716,39.5
17265,39.5
17530,39.5
18608,39.5
95178,39.5
22157,39.5
93601,39.5
92134,39.5
88493,39.5
87899,39.5
22400,39.5
87397,39.5
62258,39.5
85071,39.5
83244,39.5
83181,39.5
24389,39.5
62161,39.5
58736,39.5
26914,39.5
82653,39.5
27147,39.5
28233,39.5
82567,39.5
28810,39.5
82562,39.5
32111,39.5
57514,39.5
69048,39.5
34117,39.5
82191,39.5
71286,39.5
34885,39.5
37996,39.5
81447,39.5
38169,39.5
42690,39.5
81129,39.5
44336,39.5
47171,39.5
47807,39.5
80286,39.5
57025,39.5
56010,39.5
48836,39.5
50160,39.5
54897,39.5
53049,39.5
73273,39.5
73108,39.5
63088,39.5
23668,39.49
96364,39.49
10435,39.45
11408,39.45
32265,39.45
50081,39.45
74419,39.45
77838,39.45
88528,39.45
81122,39.45
22191,39.41
42056,39.4
68925,39.4
57491,39.38
61462,39.37
98556,39.37
75027,39.34
76725,39.29
66651,39.22
52177,39.1
94638,39.02
29826,39.0
42616,39.0
37828,39.0
93369,39.0
28755,39.0
40264,39.0
93463,39.0
9428,39.0
41811,39.0
87430,39.0
8266,39.0
91319,39.0
99054,39.0
7484,39.0
77618,39.0
29540,39.0
93898,39.0
22956,39.0
75394,39.0
74760,39.0
13822,39.0
42947,39.0
93647,39.0
72575,39.0
23418,39.0
67455,39.0
20416,39.0
5806,39.0
32041,39.0
65900,39.0
65440,39.0
19092,39.0
543,39.0
44984,39.0
46909,39.0
14469,39.0
62713,39.0
23279,39.0
59065,39.0
58967,39.0
53101,39.0
37758,39.0
34088,38.99
40245,38.99
74150,38.99
52647,38.99
14006,38.99
8371,38.99
73610,38.99
35807,38.99
72815,38.99
37910,38.99
17648,38.99
72655,38.99
30627,38.99
89313,38.99
89151,38.99
76507,38.99
88189,38.99
53471,38.99
68361,38.99
66299,38.99
76740,38.99
3596,38.99
4846,38.99
12701,38.99
52242,38.99
79495,38.99
23847,38.99
24677,38.99
28507,38.99
18139,38.99
52491,38.99
6608,38.99
99884,38.99
63439,38.99
84406,38.99
84128,38.99
13389,38.99
25462,38.99
19600,38.99
83649,38.99
46666,38.99
83637,38.99
98893,38.99
37992,38.98
9675,38.98
83900,38.98
29529,38.97
86315,38.97
43910,38.97
27595,38.97
50287,38.95
56386,38.95
66057,38.95
28746,38.95
26136,38.95
32375,38.95
66535,38.95
73002,38.95
79458,38.95
6644,38.95
52404,38.95
4,38.95
82162,38.95
52265,38.94
92776,38.94
12120,38.88
85353,38.87
84286,38.85
79095,38.84
97033,38.84
55822,38.84
57563,38.82
50917,38.82
41050,38.79
19928,38.75
87023,38.75
40592,38.75
56828,38.75
49754,38.74
15858,38.7
19944,38.7
63418,38.67
33705,38.67
94875,38.64
76415,38.62
86615,38.62
66336,38.61
21748,38.6
31063,38.6
30439,38.59
96287,38.59
96152,38.59
38838,38.59
50174,38.59
21034,38.56
48748,38.53
58256,38.53
94747,38.52
61598,38.5
12119,38.5
80083,38.5
86255,38.5
40725,38.5
36385,38.5
16251,38.5
26067,38.49
75317,38.49
88313,38.48
59575,38.47
67074,38.46
45361,38.44
24852,38.43
62679,38.4
89579,38.4
90673,38.4
52675,38.32
41355,38.3
59480,38.28
1532,38.24
85804,38.23
93495,38.2
74350,38.19
25577,38.18
86056,38.16
79970,38.15
26179,38.14
88852,38.12
79844,38.12
69120,38.12
49434,38.12
62852,38.0
5391,38.0
33731,38.0
97130,38.0
12547,38.0
61530,38.0
61654,38.0
19988,38.0
21509,38.0
50180,38.0
45235,38.0
11432,38.0
58402,38.0
99234,38.0
21874,38.0
45312,38.0
34238,38.0
34317,38.0
32333,38.0
65023,38.0
22660,38.0
40463,38.0
25008,38.0
65754,38.0
95440,38.0
99628,38.0
58065,38.0
35933,38.0
95350,38.0
46902,38.0
57440,38.0
47463,38.0
26084,38.0
88490,38.0
67019,38.0
48698,38.0
88105,38.0
85383,38.0
40272,38.0
67209,38.0
72540,38.0
83432,38.0
82508,38.0
73905,38.0
75579,38.0
80908,38.0
50549,38.0
38055,38.0
48706,38.0
52799,38.0
49725,38.0
80504,38.0
29697,38.0
9496,38.0
49792,38.0
55733,38.0
7512,38.0
28949,38.0
39887,38.0
49865,38.0
78347,38.0
55552,38.0
52809,38.0
76224,38.0
55488,38.0
6148,38.0
54570,38.0
5523,38.0
53739,38.0
28582,38.0
38370,38.0
12353,38.0
12445,37.99
62616,37.99
52284,37.99
46302,37.99
93351,37.99
98563,37.99
42645,37.99
54954,37.99
45392,37.99
37446,37.99
57536,37.99
29660,37.99
28207,37.99
27568,37.99
27499,37.99
24641,37.99
57919,37.99
88391,37.99
38318,37.99
71836,37.99
54404,37.99
17462,37.99
63664,37.99
66478,37.99
68297,37.99
85161,37.99
3864,37.99
1625,37.99
32250,37.98
60893,37.98
57103,37.98
46049,37.98
21401,37.98
34669,37.98
10732,37.98
3945,37.98
42112,37.98
45943,37.98
77315,37.97
8859,37.95
98212,37.95
70120,37.95
29603,37.95
26297,37.95
45793,37.95
34288,37.95
65865,37.95
61117,37.95
26088,37.95
33350,37.95
14460,37.95
76005,37.95
56237,37.95
80873,37.95
9843,37.95
36280,37.95
40732,37.95
97856,37.95
3099,37.95
49838,37.95
50637,37.95
72971,37.95
53001,37.94
44079,37.94
87438,37.93
46507,37.93
17277,37.93
10220,37.93
79900,37.93
30408,37.91
97914,37.9
31588,37.9
31805,37.9
85847,37.9
59465,37.9
93556,37.9
94917,37.9
16205,37.89
86674,37.89
91959,37.88
527,37.88
73252,37.87
45967,37.81
78845,37.8
1288,37.8
55692,37.8
51130,37.8
77526,37.8
71914,37.79
15152,37.76
6538,37.74
28822,37.74
36114,37.74
97730,37.74
56601,37.74
3648,37.72
91968,37.72
88564,37.72
54540,37.72
13690,37.72
53705,37.72
48085,37.72
50591,37.63
8893,37.63
21223,37.62
99395,37.61
85641,37.56
58565,37.5
80925,37.5
55255,37.5
39572,37.5
37977,37.5
90248,37.5
22856,37.5
20807,37.5
51367,37.5
12528,37.5
1503,37.5
823,37.5
60664,37.5
61966,37.5
529,37.5
83781,37.5
64938,37.5
75363,37.5
11467,37.49
4184,37.49
61856,37.49
78940,37.49
34120,37.47
69467,37.46
20357,37.46
9068,37.46
46844,37.44
3899,37.4
65817,37.4
33120,37.4
2587,37.4
6098,37.38
35019,37.37
35999,37.37
2078,37.36
62024,37.36
83624,37.35
28531,37.33
41510,37.32
72721,37.29
57350,37.29
33154,37.29
50429,37.28
41922,37.26
9415,37.26
18212,37.19
82612,37.18
17411,37.18
60911,37.14
82123,37.13
50969,37.13
15953,37.13
16587,37.13
22494,37.13
67360,37.13
72865,37.13
81744,37.13
91380,37.13
88677,37.0
18258,37.0
39608,37.0
57096,37.0
69136,37.0
71378,37.0
28703,37.0
88411,37.0
78763,37.0
96116,37.0
4227,37.0
85794,37.0
28526,36.99
79301,36.99
73807,36.99
48901,36.99
50631,36.99
63923,36.99
92422,36.99
10664,36.99
86838,36.99
87422,36.99
87727,36.99
88695,36.99
90315,36.99
64032,36.99
8967,36.99
24274,36.99
93427,36.99
21481,36.99
65343,36.99
94123,36.99
96462,36.99
63922,36.99
53544,36.99
77950,36.99
98239,36.99
12864,36.99
98290,36.99
826,36.99
62798,36.99
56697,36.99
1840,36.99
84865,36.99
62488,36.99
83357,36.99
98410,36.99
32542,36.99
83351,36.99
98996,36.99
61359,36.99
99150,36.99
86631,36.99
82796,36.99
4818,36.99
57286,36.99
82487,36.99
21163,36.99
5697,36.99
5711,36.99
18037,36.99
79540,36.99
66710,36.99
7905,36.99
95415,36.99
33276,36.99
59646,36.99
68953,36.99
36006,36.99
39612,36.99
43739,36.99
50788,36.99
59397,36.99
17700,36.99
45431,36.99
13072,36.99
16786,36.99
47700,36.99
58703,36.99
53127,36.99
69206,36.99
16610,36.99
73301,36.99
14024,36.99
53039,36.99
8510,36.99
73503,36.99
50606,36.99
91837,36.98
66986,36.98
50997,36.98
39798,36.98
36963,36.98
19820,36.98
26466,36.98
71903,36.97
61237,36.96
74162,36.95
25071,36.95
99288,36.95
62028,36.95
47341,36.95
58717,36.95
7417,36.95
91103,36.95
6169,36.95
46940,36.95
42940,36.95
64108,36.95
15122,36.95
81302,36.95
73812,36.95
34140,36.95
67539,36.95
30875,36.95
56203,36.95
70989,36.95
29517,36.95
47039,36.95
1742,36.95
25156,36.95
49973,36.95
16340,36.95
18860,36.95
49338,36.95
78496,36.95
8498,36.95
7156,36.94
73107,36.94
72569,36.88
16604,36.88
35177,36.88
39452,36.88
52922,36.88
29571,36.88
61723,36.88
56280,36.88
59012,36.88
88717,36.86
76900,36.8
1136,36.8
93322,36.76
22761,36.75
18494,36.75
29689,36.75
60386,36.75
87909,36.75
63978,36.75
95230,36.75
78410,36.75
7434,36.67
80410,36.67
96430,36.65
85442,36.6
32278,36.6
84452,36.59
70435,36.53
11711,36.5
33301,36.5
99062,36.5
82967,36.5
71590,36.5
51967,36.5
35581,36.5
36670,36.5
6906,36.5
40113,36.5
39582,36.5
95179,36.5
88600,36.48
26967,36.45
78605,36.45
86846,36.45
17913,36.43
96736,36.4
24212,36.4
71126,36.4
60558,36.4
91359,36.39
42272,36.39
14114,36.39
56174,36.38
50556,36.38
70442,36.33
31111,36.31
2416,36.3
92653,36.29
92880,36.29
3892,36.29
40420,36.28
69007,36.28
7017,36.19
84700,36.09
48426,36.09
35372,36.04
37465,36.0
80549,36.0
59955,36.0
60838,36.0
58460,36.0
57956,36.0
57177,36.0
65559,36.0
56461,36.0
56091,36.0
56051,36.0
65990,36.0
54675,36.0
54569,36.0
52332,36.0
51045,36.0
50100,36.0
49004,36.0
48518,36.0
48378,36.0
47962,36.0
47842,36.0
47747,36.0
47577,36.0
46453,36.0
44625,36.0
44203,36.0
43816,36.0
37118,36.0
43464,36.0
43272,36.0
42439,36.0
42438,36.0
42323,36.0
41872,36.0
40441,36.0
40416,36.0
66075,36.0
40064,36.0
38749,36.0
38250,36.0
68763,36.0
81159,36.0
36640,36.0
36392,36.0
72934,36.0
35340,36.0
35187,36.0
33470,36.0
33400,36.0
33290,36.0
32876,36.0
32768,36.0
73034,36.0
32129,36.0
31489,36.0
30473,36.0
29492,36.0
29193,36.0
28846,36.0
28051,36.0
26952,36.0
26667,36.0
25712,36.0
25043,36.0
24016,36.0
82784,36.0
23594,36.0
22916,36.0
22813,36.0
22412,36.0
22363,36.0
22216,36.0
21454,36.0
73799,36.0
20217,36.0
18954,36.0
16554,36.0
15000,36.0
13845,36.0
13487,36.0
9935,36.0
8414,36.0
6918,36.0
5373,36.0
5152,36.0
5024,36.0
58822,36.0
1768,36.0
1449,36.0
1317,36.0
83608,36.0
84071,36.0
84156,36.0
84334,36.0
84372,36.0
85374,36.0
89261,36.0
90377,36.0
93085,36.0
93324,36.0
93603,36.0
93610,36.0
95069,36.0
97530,36.0
97538,36.0
54965,36.0
97791,36.0
97863,36.0
90824,36.0
98175,36.0
98751,36.0
74404,36.0
24806,36.0
80015,36.0
79800,36.0
77801,36.0
77269,36.0
76861,36.0
74568,36.0
74507,36.0
63403,36.0
80067,36.0
32866,36.0
10792,35.99
24995,35.99
85473,35.99
85358,35.99
80442,35.99
76142,35.99
68908,35.99
63070,35.99
59252,35.99
58641,35.99
68918,35.99
12821,35.99
13603,35.99
54846,35.99
54789,35.99
54719,35.99
54718,35.99
50194,35.99
49822,35.99
36750,35.99
30935,35.99
30577,35.99
30330,35.99
30152,35.99
21226,35.99
23669,35.99
50912,35.99
25549,35.99
29656,35.99
91936,35.99
44789,35.98
60958,35.98
90543,35.98
87573,35.98
22505,35.98
98698,35.98
34581,35.98
72887,35.97
5487,35.96
60216,35.96
79042,35.96
90857,35.96
23416,35.96
88757,35.95
21123,35.95
50422,35.95
69969,35.95
48611,35.95
4241,35.95
87413,35.95
5979,35.95
43199,35.95
42315,35.95
67528,35.95
34097,35.95
33193,35.95
6477,35.95
30777,35.95
25294,35.95
22923,35.95
67328,35.95
94468,35.94
27055,35.94
80344,35.9
90334,35.86
9427,35.85
2672,35.83
46471,35.8
41556,35.8
31500,35.78
38855,35.77
75742,35.75
98073,35.74
40273,35.72
73917,35.72
85261,35.68
37524,35.68
92008,35.63
82420,35.63
99962,35.58
14807,35.58
75296,35.58
52032,35.53
38183,35.53
16959,35.5
25726,35.5
21130,35.5
6491,35.5
52431,35.5
6291,35.5
93095,35.49
75096,35.49
40674,35.49
2156,35.49
72008,35.42
50899,35.42
90848,35.38
64364,35.33
32586,35.33
86858,35.29
22859,35.29
24449,35.28
7923,35.27
8590,35.27
30062,35.27
50306,35.27
90066,35.27
8601,35.27
12365,35.27
14902,35.26
53524,35.26
27288,35.25
17479,35.2
94724,35.2
51535,35.19
36703,35.19
32498,35.19
69802,35.18
83687,35.1
66418,35.1
54268,35.1
91849,35.06
31982,35.06
77454,35.06
10242,35.06
79352,35.04
86002,35.04
49834,35.01
80198,35.01
191,35.0
73535,35.0
63477,35.0
61625,35.0
92842,35.0
58663,35.0
29526,35.0
57281,35.0
57269,35.0
57182,35.0
55855,35.0
55487,35.0
99731,35.0
64554,35.0
55203,35.0
53608,35.0
52772,35.0
52444,35.0
52433,35.0
51232,35.0
47271,35.0
99116,35.0
47108,35.0
46079,35.0
45786,35.0
45446,35.0
44413,35.0
42933,35.0
38972,35.0
38438,35.0
36432,35.0
36403,35.0
34185,35.0
34069,35.0
2219,35.0
33497,35.0
33465,35.0
97500,35.0
97256,35.0
33084,35.0
33044,35.0
28624,35.0
28222,35.0
28179,35.0
66561,35.0
25784,35.0
67048,35.0
24854,35.0
24525,35.0
23165,35.0
23026,35.0
22796,35.0
22433,35.0
22019,35.0
21903,35.0
96053,35.0
20207,35.0
19621,35.0
19516,35.0
19339,35.0
18293,35.0
18045,35.0
17491,35.0
16608,35.0
15559,35.0
95760,35.0
15361,35.0
95040,35.0
15330,35.0
12690,35.0
11932,35.0
11703,35.0
11651,35.0
8224,35.0
7215,35.0
6559,35.0
67080,35.0
6297,35.0
6051,35.0
4969,35.0
4265,35.0
3962,35.0
3128,35.0
2963,35.0
1714,35.0
94559,35.0
1330,35.0
1025,35.0
776,35.0
93895,35.0
111,35.0
67986,35.0
34,35.0
92822,35.0
89672,35.0
86457,35.0
86314,35.0
85610,35.0
83343,35.0
62606,35.0
81151,35.0
68819,35.0
69661,35.0
80085,35.0
69792,35.0
79801,35.0
79751,35.0
79061,35.0
77240,35.0
73725,35.0
70320,35.0
71254,35.0
35001,34.99
99125,34.99
89790,34.99
85900,34.99
84895,34.99
97191,34.99
83787,34.99
82614,34.99
81228,34.99
95253,34.99
91283,34.99
80880,34.99
80134,34.99
80116,34.99
80113,34.99
79804,34.99
91464,34.99
79622,34.99
79235,34.99
79155,34.99
79151,34.99
78747,34.99
78127,34.99
77734,34.99
77095,34.99
73352,34.99
72781,34.99
71663,34.99
91468,34.99
71598,34.99
71379,34.99
71096,34.99
70659,34.99
93880,34.99
91854,34.99
3897,34.99
69326,34.99
93545,34.99
68861,34.99
68242,34.99
68173,34.99
66882,34.99
66781,34.99
66116,34.99
66069,34.99
65883,34.99
65509,34.99
34599,34.99
99231,34.99
63309,34.99
90425,34.99
61467,34.99
60919,34.99
60866,34.99
60308,34.99
60130,34.99
59746,34.99
59436,34.99
2958,34.99
59345,34.99
59220,34.99
58625,34.99
3273,34.99
58581,34.99
58562,34.99
58163,34.99
57230,34.99
56816,34.99
56668,34.99
56658,34.99
56641,34.99
56189,34.99
93695,34.99
54586,34.99
51846,34.99
51502,34.99
50397,34.99
50386,34.99
50380,34.99
50166,34.99
48823,34.99
95450,34.99
4536,34.99
4921,34.99
48686,34.99
48622,34.99
48486,34.99
48269,34.99
47217,34.99
47211,34.99
46921,34.99
95524,34.99
46788,34.99
44288,34.99
43541,34.99
42276,34.99
41923,34.99
41709,34.99
41499,34.99
39330,34.99
39329,34.99
38806,34.99
35159,34.99
95978,34.99
34666,34.99
34343,34.99
32770,34.99
97610,34.99
31232,34.99
31168,34.99
28162,34.99
27771,34.99
27408,34.99
97992,34.99
98351,34.99
27400,34.99
27383,34.99
26412,34.99
26316,34.99
23875,34.99
98502,34.99
23377,34.99
23234,34.99
23230,34.99
21388,34.99
21364,34.99
20751,34.99
20739,34.99
20101,34.99
20070,34.99
19411,34.99
17020,34.99
16828,34.99
16660,34.99
16648,34.99
16047,34.99
15167,34.99
14664,34.99
14362,34.99
14068,34.99
13889,34.99
13502,34.99
13416,34.99
12906,34.99
10019,34.99
9457,34.99
9221,34.99
9127,34.99
8431,34.99
8275,34.99
8219,34.99
7885,34.99
7296,34.99
4939,34.99
2221,34.99
1847,34.98
33069,34.98
89881,34.98
83506,34.98
80640,34.98
78330,34.98
77577,34.98
76889,34.98
28415,34.98
3506,34.98
7113,34.98
9831,34.98
15168,34.98
74115,34.98
30148,34.98
19883,34.98
2065,34.98
68142,34.98
29669,34.98
67345,34.98
65327,34.98
64114,34.98
59000,34.98
47655,34.98
38439,34.98
14607,34.98
33101,34.97
41338,34.97
26392,34.97
68716,34.97
19379,34.97
6321,34.97
47903,34.96
12767,34.95
20741,34.95
96603,34.95
1391,34.95
11547,34.95
14760,34.95
79340,34.95
4740,34.95
96344,34.95
93646,34.95
93558,34.95
87905,34.95
87069,34.95
81908,34.95
80182,34.95
80033,34.95
19404,34.95
78909,34.95
3049,34.95
71382,34.95
70522,34.95
63813,34.95
13515,34.95
63727,34.95
62660,34.95
60342,34.95
56458,34.95
51491,34.95
48357,34.95
45889,34.95
39862,34.95
8432,34.95
13972,34.95
39642,34.95
35629,34.95
34551,34.95
34137,34.95
32948,34.95
28709,34.95
26784,34.95
24280,34.95
2707,34.95
32338,34.94
95722,34.94
2193,34.94
58755,34.91
9867,34.9
1718,34.9
94756,34.9
90031,34.9
78545,34.9
74924,34.9
34369,34.9
32258,34.9
20882,34.9
77901,34.89
1936,34.89
2563,34.88
44937,34.88
99719,34.88
51389,34.87
44849,34.86
68933,34.84
12136,34.82
38782,34.72
22220,34.7
74482,34.65
36791,34.65
96917,34.65
83455,34.65
46772,34.65
10867,34.63
51307,34.61
38988,34.58
31590,34.58
71315,34.57
13344,34.55
48029,34.55
52833,34.55
38149,34.54
54248,34.5
41529,34.5
36051,34.5
32922,34.5
25026,34.5
17600,34.5
16106,34.5
43214,34.5
77919,34.5
2973,34.5
92994,34.5
87309,34.5
85351,34.5
80692,34.5
77227,34.5
70183,34.5
65138,34.5
64919,34.5
57468,34.5
56144,34.5
92001,34.49
91302,34.49
48016,34.45
21613,34.45
12987,34.45
49978,34.45
67255,34.45
24081,34.44
16807,34.38
42063,34.35
52641,34.32
42161,34.31
25396,34.31
72616,34.31
55944,34.31
92109,34.3
65349,34.3
46548,34.3
22293,34.3
8307,34.3
15557,34.22
96356,34.15
21937,34.15
27135,34.14
33797,34.13
86668,34.12
91316,34.09
35753,34.07
73909,34.04
91935,34.0
12881,34.0
11599,34.0
96817,34.0
96072,34.0
94000,34.0
92988,34.0
92437,34.0
20174,34.0
649,34.0
88733,34.0
88509,34.0
86339,34.0
84745,34.0
83870,34.0
83299,34.0
82536,34.0
81990,34.0
79780,34.0
78389,34.0
77544,34.0
75945,34.0
74807,34.0
3090,34.0
73643,34.0
70814,34.0
72517,34.0
68619,34.0
68236,34.0
3610,34.0
65564,34.0
63788,34.0
63677,34.0
60631,34.0
4237,34.0
60187,34.0
59241,34.0
57026,34.0
56741,34.0
55003,34.0
54319,34.0
52787,34.0
4322,34.0
51123,34.0
50982,34.0
5710,34.0
50371,34.0
49334,34.0
48043,34.0
47242,34.0
46375,34.0
46037,34.0
45800,34.0
45385,34.0
44907,34.0
42950,34.0
39892,34.0
37820,34.0
36907,34.0
36017,34.0
35991,34.0
35251,34.0
33762,34.0
8463,34.0
32461,34.0
9062,34.0
89459,34.0
32146,34.0
10586,34.0
9956,34.0
29437,34.0
28721,34.0
27255,34.0
24584,34.0
24149,34.0
21769,34.0
19065,34.0
20964,34.0
12839,34.0
15750,34.0
15456,34.0
13375,34.0
13141,34.0
45682,34.0
10613,33.99
6418,33.99
27582,33.99
10910,33.99
14740,33.99
10037,33.99
24560,33.99
9426,33.99
14801,33.99
22347,33.99
7953,33.99
3788,33.99
74322,33.99
2892,33.99
99440,33.99
98940,33.99
95248,33.99
93820,33.99
90342,33.99
89056,33.99
88267,33.99
16511,33.99
87229,33.99
85561,33.99
85092,33.99
83753,33.99
80017,33.99
78029,33.99
76173,33.99
73992,33.99
71431,33.99
66683,33.99
64852,33.99
53668,33.99
52962,33.99
52655,33.99
50178,33.99
49712,33.99
49663,33.99
48201,33.99
22681,33.99
45162,33.99
43053,33.99
42809,33.99
42367,33.99
35839,33.99
35784,33.99
35100,33.99
28018,33.99
65149,33.98
39733,33.98
28254,33.98
1106,33.98
40048,33.98
40223,33.98
65717,33.98
21380,33.98
95922,33.98
89699,33.98
80706,33.98
66829,33.98
66494,33.98
52529,33.98
98170,33.97
97369,33.97
83453,33.97
43675,33.97
45774,33.97
26550,33.97
61922,33.97
54288,33.95
24247,33.95
22387,33.95
12577,33.95
11297,33.95
26972,33.95
7351,33.95
51052,33.95
97915,33.95
79979,33.95
73998,33.95
45463,33.95
12500,33.93
53241,33.92
83052,33.92
38266,33.9
71622,33.89
49479,33.88
36571,33.88
93165,33.86
85220,33.86
75692,33.86
68514,33.86
48841,33.86
22456,33.86
35972,33.79
54645,33.77
65356,33.75
660,33.75
10277,33.75
27895,33.75
10322,33.75
15204,33.75
41839,33.75
58862,33.75
58985,33.75
59749,33.75
64224,33.75
96751,33.75
78877,33.75
69537,33.75
75144,33.6
62076,33.6
96670,33.59
88203,33.58
44949,33.53
86619,33.5
73171,33.5
87848,33.5
77177,33.5
43468,33.49
67318,33.48
13371,33.45
58,33.45
20548,33.38
68404,33.32
85879,33.27
4053,33.27
13648,33.27
1994,33.22
12357,33.22
84810,33.21
40258,33.19
11868,33.16
412,33.14
83955,33.11
89152,33.11
32165,33.07
8060,33.07
56184,33.06
55896,33.06
22640,33.06
57031,33.0
17022,33.0
861,33.0
1173,33.0
1772,33.0
3109,33.0
8558,33.0
12954,33.0
14358,33.0
14899,33.0
43065,33.0
15192,33.0
50356,33.0
94930,33.0
92953,33.0
91407,33.0
91378,33.0
83237,33.0
41815,33.0
80114,33.0
76819,33.0
73761,33.0
73211,33.0
71406,33.0
65618,33.0
62275,33.0
59904,33.0
59579,33.0
58165,33.0
57781,33.0
57766,33.0
16752,33.0
56705,33.0
55832,33.0
46878,33.0
45283,33.0
44742,33.0
43295,33.0
41366,33.0
36459,33.0
32812,33.0
32251,33.0
24457,33.0
21407,33.0
18936,33.0
17445,33.0
48744,33.0
18492,32.99
17937,32.99
15792,32.99
14453,32.99
3552,32.99
68756,32.99
60683,32.99
96183,32.99
60581,32.99
2487,32.99
96580,32.99
95802,32.99
92844,32.99
92363,32.99
87983,32.99
87173,32.99
86071,32.99
85516,32.99
85194,32.99
84929,32.99
79240,32.99
79132,32.99
75600,32.99
73820,32.99
70898,32.99
66812,32.99
66695,32.99
66341,32.99
65545,32.99
64996,32.99
37727,32.99
63039,32.99
58490,32.99
57163,32.99
56588,32.99
55400,32.99
53968,32.99
52317,32.99
51803,32.99
50366,32.99
49307,32.99
48483,32.99
47869,32.99
45214,32.99
44598,32.99
42740,32.99
40901,32.99
40798,32.99
40557,32.99
36107,32.99
35246,32.99
34233,32.99
33716,32.99
32706,32.99
25700,32.99
22065,32.99
19799,32.99
77122,32.98
42082,32.98
50228,32.98
21907,32.98
58074,32.98
38744,32.98
77528,32.98
65017,32.98
61712,32.98
46686,32.98
40876,32.96
74925,32.95
32194,32.95
99557,32.95
95088,32.95
91200,32.95
84317,32.95
18228,32.95
8441,32.95
67502,32.95
67496,32.95
65868,32.95
61007,32.95
45613,32.95
45320,32.95
35951,32.95
69015,32.95
35328,32.95
27617,32.95
26431,32.95
25303,32.95
82576,32.94
61323,32.94
20836,32.91
83650,32.9
95635,32.9
71907,32.9
68872,32.9
34563,32.9
17589,32.9
11280,32.9
59440,32.9
79910,32.9
92972,32.88
49556,32.88
33320,32.88
3151,32.88
61095,32.86
12511,32.85
89289,32.83
17980,32.82
97931,32.8
60756,32.78
70550,32.78
15049,32.75
52984,32.74
87540,32.62
81599,32.62
26015,32.62
39118,32.56
1508,32.56
87041,32.54
67585,32.54
4481,32.5
80102,32.5
93539,32.5
56808,32.5
74325,32.5
46194,32.5
39852,32.5
38796,32.5
32803,32.5
29368,32.5
25410,32.5
94550,32.5
1139,32.5
89670,32.5
96469,32.5
8536,32.49
70027,32.49
69275,32.49
7064,32.49
95649,32.46
66019,32.46
53772,32.46
35971,32.45
46340,32.45
94594,32.45
31796,32.45
16286,32.45
45027,32.45
75774,32.41
44945,32.4
50630,32.38
43952,32.38
55201,32.35
44680,32.35
1828,32.17
63264,32.15
14431,32.15
26358,32.14
16059,32.14
46924,32.14
14925,32.13
27922,32.12
3390,32.1
86970,32.1
81796,32.09
79515,32.08
28517,32.08
83816,32.04
85222,32.04
3536,32.01
86696,32.0
2466,32.0
93338,32.0
90988,32.0
89298,32.0
2196,32.0
86679,32.0
85314,32.0
85115,32.0
84892,32.0
83749,32.0
93616,32.0
78939,32.0
75695,32.0
75345,32.0
74553,32.0
72675,32.0
70404,32.0
69885,32.0
1803,32.0
69096,32.0
68295,32.0
67808,32.0
67088,32.0
65993,32.0
64977,32.0
62748,32.0
61583,32.0
61103,32.0
93790,32.0
60754,32.0
59284,32.0
58125,32.0
56825,32.0
56085,32.0
53848,32.0
52344,32.0
95076,32.0
51107,32.0
48194,32.0
48180,32.0
48054,32.0
47398,32.0
46580,32.0
46023,32.0
44496,32.0
44404,32.0
42746,32.0
41781,32.0
98257,32.0
41283,32.0
38706,32.0
37264,32.0
36699,32.0
23722,32.0
35559,32.0
34587,32.0
33829,32.0
33787,32.0
33584,32.0
2517,32.0
32198,32.0
30587,32.0
30432,32.0
29900,32.0
29208,32.0
29199,32.0
28627,32.0
26202,32.0
26054,32.0
24715,32.0
24707,32.0
22480,32.0
21307,32.0
19730,32.0
18781,32.0
17877,32.0
17334,32.0
16481,32.0
15991,32.0
13324,32.0
13239,32.0
12286,32.0
9822,32.0
9282,32.0
8608,32.0
7071,32.0
279,32.0
59892,31.99
15929,31.99
5222,31.99
44319,31.99
5328,31.99
98854,31.99
92828,31.99
6244,31.99
91625,31.99
91582,31.99
91332,31.99
89888,31.99
89036,31.99
91111,31.99
88011,31.99
87628,31.99
86049,31.99
85078,31.99
85019,31.99
84158,31.99
89599,31.99
83361,31.99
80042,31.99
79822,31.99
79487,31.99
73825,31.99
73432,31.99
72762,31.99
70934,31.99
66370,31.99
63643,31.99
61521,31.99
7239,31.99
62233,31.99
8505,31.99
57878,31.99
53760,31.99
53457,31.99
52740,31.99
52629,31.99
36141,31.99
34777,31.99
33540,31.99
11416,31.99
28638,31.99
24940,31.99
21179,31.99
20196,31.99
13516,31.99
20029,31.99
17486,31.99
13877,31.99
15643,31.99
95681,31.98
17056,31.98
16753,31.98
31717,31.98
12934,31.98
35088,31.98
542,31.98
40262,31.98
77401,31.98
39483,31.98
81511,31.98
71772,31.98
94364,31.97
85956,31.97
13290,31.97
90320,31.95
88361,31.95
78580,31.95
60752,31.95
45764,31.95
45177,31.95
39179,31.95
9095,31.95
4591,31.95
57617,31.95
78015,31.95
97641,31.95
22882,31.94
19844,31.94
29659,31.93
71799,31.9
68368,31.9
67179,31.9
17831,31.9
4533,31.9
19781,31.89
41111,31.88
25995,31.85
18435,31.84
64945,31.83
78825,31.8
86058,31.79
51271,31.79
62733,31.72
4112,31.72
38958,31.68
12688,31.68
25754,31.59
27846,31.59
65091,31.59
31253,31.58
46620,31.58
38303,31.58
5258,31.58
54127,31.5
96780,31.5
93670,31.5
76991,31.5
57626,31.5
56297,31.5
44574,31.5
35345,31.5
29771,31.5
27484,31.5
19613,31.5
8607,31.5
2581,31.43
12970,31.4
10455,31.39
15961,31.38
51001,31.33
79744,31.27
11344,31.27
13325,31.26
35289,31.23
44103,31.2
82494,31.19
23215,31.17
77017,31.16
21546,31.15
93678,31.13
40513,31.12
76782,31.09
3619,31.07
76425,31.03
7011,31.0
70002,31.0
66746,31.0
64692,31.0
57481,31.0
46437,31.0
37379,31.0
35622,31.0
34494,31.0
19009,31.0
80197,31.0
18308,31.0
17389,31.0
12444,31.0
28530,30.99
98276,30.99
86564,30.99
60458,30.99
55462,30.99
51447,30.99
6058,30.99
81944,30.99
91563,30.99
78108,30.98
28947,30.98
27563,30.98
49763,30.98
352,30.98
82015,30.96
19920,30.96
76538,30.95
78000,30.95
55535,30.95
78543,30.95
53469,30.95
47366,30.95
24887,30.95
17268,30.95
85284,30.95
32238,30.95
9248,30.95
64590,30.95
98464,30.93
92455,30.91
4588,30.9
60532,30.9
94562,30.9
83923,30.89
35158,30.86
22994,30.85
5501,30.8
58557,30.8
71856,30.8
55989,30.74
35011,30.7
7274,30.7
20358,30.7
29101,30.64
71983,30.6
64159,30.6
87692,30.6
85643,30.58
20658,30.58
68407,30.57
55627,30.57
1115,30.54
6131,30.54
6727,30.54
81411,30.54
54102,30.52
88425,30.52
74111,30.5
12748,30.5
27020,30.5
31517,30.48
12427,30.45
66367,30.4
47357,30.4
7514,30.4
80575,30.4
75439,30.4
44798,30.35
24849,30.35
57228,30.27
39119,30.27
91377,30.24
67964,30.21
64039,30.21
84415,30.19
45629,30.16
44072,30.13
64186,30.09
39074,30.09
5941,30.09
12139,30.09
69291,30.04
98715,30.0
22300,30.0
20713,30.0
19389,30.0
18205,30.0
17818,30.0
14476,30.0
14319,30.0
14315,30.0
14299,30.0
13457,30.0
12862,30.0
24942,30.0
12105,30.0
10513,30.0
8503,30.0
3819,30.0
3666,30.0
1875,30.0
997,30.0
98,30.0
82734,30.0
99436,30.0
21887,30.0
96978,30.0
96821,30.0
96559,30.0
96178,30.0
95345,30.0
94888,30.0
93957,30.0
93824,30.0
91904,30.0
91471,30.0
87853,30.0
87086,30.0
86749,30.0
85496,30.0
83937,30.0
83204,30.0
82340,30.0
82168,30.0
81379,30.0
80948,30.0
80666,30.0
79508,30.0
79086,30.0
79021,30.0
79001,30.0
77848,30.0
77790,30.0
76787,30.0
74030,30.0
73510,30.0
70511,30.0
69279,30.0
68900,30.0
68816,30.0
68258,30.0
67224,30.0
66732,30.0
65047,30.0
64526,30.0
62518,30.0
62336,30.0
61098,30.0
60179,30.0
59650,30.0
56428,30.0
55969,30.0
55533,30.0
55055,30.0
54575,30.0
53068,30.0
51881,30.0
50617,30.0
50168,30.0
49706,30.0
49452,30.0
47888,30.0
47751,30.0
44913,30.0
44428,30.0
44368,30.0
44015,30.0
41809,30.0
41221,30.0
41072,30.0
38452,30.0
38264,30.0
37888,30.0
37441,30.0
36861,30.0
36357,30.0
35152,30.0
34702,30.0
32791,30.0
32635,30.0
32091,30.0
31916,30.0
31886,30.0
31762,30.0
31365,30.0
29964,30.0
27890,30.0
27416,30.0
26722,30.0
24869,30.0
23945,30.0
23921,30.0
22538,30.0
20868,30.0
64321,29.99
8642,29.99
29946,29.99
29712,29.99
235,29.99
486,29.99
519,29.99
1672,29.99
1736,29.99
2101,29.99
2312,29.99
86279,29.99
9748,29.99
2869,29.99
95430,29.99
3022,29.99
3068,29.99
3133,29.99
4488,29.99
4514,29.99
99237,29.99
5966,29.99
98766,29.99
98605,29.99
98093,29.99
97551,29.99
97352,29.99
96322,29.99
96288,29.99
95857,29.99
95246,29.99
94868,29.99
94460,29.99
94273,29.99
93997,29.99
92877,29.99
92701,29.99
92311,29.99
92213,29.99
91876,29.99
91369,29.99
90996,29.99
90954,29.99
90921,29.99
90059,29.99
89841,29.99
89663,29.99
88877,29.99
88153,29.99
87712,29.99
87544,29.99
87543,29.99
87177,29.99
86955,29.99
86344,29.99
86122,29.99
84852,29.99
84360,29.99
83669,29.99
83540,29.99
83213,29.99
82929,29.99
82812,29.99
82706,29.99
82163,29.99
82075,29.99
81707,29.99
81080,29.99
80478,29.99
80407,29.99
80062,29.99
79987,29.99
79832,29.99
79691,29.99
79413,29.99
79322,29.99
78773,29.99
78529,29.99
78486,29.99
77197,29.99
76866,29.99
76540,29.99
76160,29.99
75972,29.99
75590,29.99
75496,29.99
74309,29.99
74059,29.99
73537,29.99
73051,29.99
72265,29.99
71980,29.99
7344,29.99
71130,29.99
70738,29.99
70317,29.99
70289,29.99
70174,29.99
67788,29.99
67227,29.99
7345,29.99
66803,29.99
66739,29.99
66510,29.99
66139,29.99
65835,29.99
65718,29.99
65520,29.99
65215,29.99
65112,29.99
65003,29.99
64892,29.99
64824,29.99
7622,29.99
64258,29.99
62880,29.99
62495,29.99
62348,29.99
61974,29.99
61895,29.99
61321,29.99
61073,29.99
60796,29.99
60442,29.99
60336,29.99
60331,29.99
60227,29.99
60155,29.99
59665,29.99
59644,29.99
59560,29.99
58786,29.99
58763,29.99
58222,29.99
58078,29.99
57220,29.99
57199,29.99
57183,29.99
57137,29.99
55402,29.99
55351,29.99
55319,29.99
55134,29.99
54305,29.99
53871,29.99
52756,29.99
52299,29.99
51617,29.99
51347,29.99
50796,29.99
49634,29.99
49407,29.99
49121,29.99
48764,29.99
48727,29.99
48522,29.99
47330,29.99
46918,29.99
46804,29.99
46603,29.99
46557,29.99
46403,29.99
46391,29.99
46293,29.99
45428,29.99
45117,29.99
44956,29.99
44095,29.99
44016,29.99
43300,29.99
42807,29.99
42468,29.99
42158,29.99
41991,29.99
41385,29.99
40952,29.99
40841,29.99
40301,29.99
39759,29.99
39504,29.99
39041,29.99
38649,29.99
38523,29.99
38302,29.99
38247,29.99
37773,29.99
37665,29.99
37088,29.99
36841,29.99
41218,29.99
35651,29.99
34561,29.99
32844,29.99
32024,29.99
8009,29.99
31429,29.99
31343,29.99
31130,29.99
30495,29.99
30272,29.99
8178,29.99
29888,29.99
8412,29.99
28982,29.99
28247,29.99
28165,29.99
27835,29.99
27814,29.99
27810,29.99
27524,29.99
26881,29.99
26305,29.99
25444,29.99
24452,29.99
24219,29.99
24218,29.99
24190,29.99
23724,29.99
23035,29.99
22237,29.99
21667,29.99
21538,29.99
21150,29.99
20307,29.99
20292,29.99
20194,29.99
20170,29.99
19157,29.99
18902,29.99
18484,29.99
18425,29.99
18152,29.99
18015,29.99
17797,29.99
17091,29.99
16820,29.99
16248,29.99
15927,29.99
15807,29.99
15372,29.99
14716,29.99
14627,29.99
14314,29.99
14223,29.99
13405,29.99
13122,29.99
13055,29.99
12969,29.99
12710,29.99
11804,29.99
11683,29.99
11249,29.99
10649,29.99
10465,29.99
9932,29.99
31531,29.99
38121,29.98
37287,29.98
40924,29.98
81111,29.98
3515,29.98
9338,29.98
22863,29.98
96106,29.98
23978,29.98
57949,29.98
61076,29.98
64512,29.98
81561,29.98
89560,29.98
92739,29.98
12321,29.98
93722,29.98
94619,29.98
24642,29.98
55524,29.98
84517,29.97
57631,29.97
56360,29.97
50207,29.97
25039,29.97
9641,29.97
5126,29.97
6798,29.97
67249,29.96
8701,29.95
17455,29.95
14449,29.95
14471,29.95
6399,29.95
1649,29.95
1069,29.95
26978,29.95
275,29.95
14680,29.95
14791,29.95
15047,29.95
74625,29.95
75735,29.95
99155,29.95
96154,29.95
95287,29.95
94717,29.95
92875,29.95
90987,29.95
88651,29.95
87499,29.95
86572,29.95
86541,29.95
85754,29.95
83556,29.95
5612,29.95
81548,29.95
81317,29.95
81114,29.95
79612,29.95
78239,29.95
78238,29.95
75860,29.95
7177,29.95
75385,29.95
8625,29.95
73542,29.95
72612,29.95
69691,29.95
69500,29.95
69211,29.95
69073,29.95
68037,29.95
67200,29.95
66218,29.95
64845,29.95
63988,29.95
57753,29.95
52616,29.95
48972,29.95
48139,29.95
46816,29.95
44833,29.95
44237,29.95
43248,29.95
43010,29.95
42470,29.95
40720,29.95
39281,29.95
39020,29.95
36852,29.95
35090,29.95
34493,29.95
33000,29.95
32628,29.95
32565,29.95
32549,29.95
32079,29.95
30057,29.95
29438,29.95
28513,29.95
23649,29.95
20870,29.95
20835,29.95
4359,29.95
15248,29.94
28565,29.94
2492,29.94
17583,29.93
61037,29.93
36073,29.9
46606,29.9
35800,29.9
46273,29.9
2995,29.9
4749,29.9
13333,29.9
14159,29.9
17771,29.9
20297,29.9
24868,29.9
89901,29.9
86861,29.9
84119,29.9
81639,29.9
80084,29.9
78018,29.9
63277,29.9
54222,29.9
40815,29.88
31479,29.88
51225,29.88
41705,29.88
37376,29.88
9746,29.88
90633,29.88
53465,29.88
63067,29.86
89122,29.85
71682,29.85
28684,29.79
17811,29.79
17928,29.79
46217,29.79
50550,29.79
45185,29.72
90764,29.69
89922,29.69
68863,29.69
15545,29.69
41972,29.68
30210,29.65
58923,29.65
96304,29.64
94978,29.63
88415,29.62
28802,29.53
59547,29.52
7830,29.52
42521,29.52
74254,29.52
60111,29.52
9130,29.5
18615,29.5
13536,29.5
17084,29.5
99255,29.5
97942,29.5
89019,29.5
82588,29.5
80491,29.5
78461,29.5
77032,29.5
76940,29.5
75668,29.5
75414,29.5
71998,29.5
68020,29.5
67738,29.5
64211,29.5
62339,29.5
60267,29.5
58291,29.5
55703,29.5
54188,29.5
51646,29.5
50516,29.5
50382,29.5
44121,29.5
40542,29.5
38922,29.5
36789,29.5
36330,29.5
35050,29.5
34595,29.5
31973,29.5
31822,29.5
31636,29.5
28713,29.5
27252,29.5
26322,29.5
26122,29.5
25984,29.5
23158,29.5
20485,29.5
19989,29.5
19538,29.5
483,29.5
53820,29.48
84446,29.47
55468,29.45
43037,29.45
33411,29.45
73407,29.45
59539,29.45
15507,29.41
96175,29.41
95672,29.41
88131,29.41
82684,29.41
70025,29.41
54526,29.41
49396,29.41
41764,29.41
33510,29.41
8660,29.4
97129,29.4
1254,29.35
47113,29.3
49660,29.26
80006,29.25
80289,29.25
99961,29.24
75137,29.21
5675,29.21
39939,29.2
19592,29.15
94935,29.0
18223,29.0
96590,29.0
96297,29.0
96213,29.0
93288,29.0
89856,29.0
87026,29.0
85590,29.0
82779,29.0
82572,29.0
77481,29.0
73383,29.0
67777,29.0
61297,29.0
61283,29.0
60674,29.0
55522,29.0
54171,29.0
53844,29.0
52871,29.0
51530,29.0
47355,29.0
80615,29.0
38058,29.0
37128,29.0
34680,29.0
33696,29.0
30244,29.0
29083,29.0
24718,29.0
23790,29.0
22635,29.0
19288,29.0
16085,29.0
11604,29.0
9961,29.0
5512,29.0
3866,29.0
686,29.0
585,29.0
50101,29.0
15935,28.99
91229,28.99
88149,28.99
86514,28.99
86241,28.99
85948,28.99
83894,28.99
83574,28.99
82154,28.99
78592,28.99
75432,28.99
71776,28.99
68799,28.99
65020,28.99
64762,28.99
58667,28.99
48006,28.99
43442,28.99
35099,28.99
34875,28.99
31705,28.99
30369,28.99
30251,28.99
93242,28.99
95903,28.99
16679,28.99
14512,28.99
12419,28.99
11731,28.99
7413,28.99
4173,28.99
2700,28.99
2603,28.99
1469,28.99
19867,28.99
80354,28.99
67611,28.98
50118,28.98
49231,28.98
38946,28.98
82039,28.98
81528,28.98
98200,28.97
68905,28.97
43919,28.97
34690,28.97
20803,28.97
96245,28.96
43747,28.96
97593,28.95
96471,28.95
89780,28.95
69641,28.95
65178,28.95
47739,28.95
37182,28.95
32626,28.95
26791,28.95
23275,28.95
19100,28.95
12294,28.95
5699,28.95
97685,28.95
94245,28.95
8971,28.94
3860,28.9
82038,28.9
22165,28.9
2534,28.9
30049,28.9
20933,28.9
28064,28.88
36323,28.84
67090,28.8
49549,28.8
48234,28.8
9054,28.8
77150,28.75
63930,28.74
35274,28.69
20740,28.68
31163,28.68
57419,28.68
59696,28.68
54003,28.68
39702,28.63
12268,28.6
79774,28.6
65314,28.58
95534,28.56
59509,28.56
29475,28.56
29434,28.56
11589,28.56
46652,28.56
1682,28.5
36177,28.5
28301,28.5
21243,28.5
9665,28.5
9011,28.5
59332,28.5
61390,28.5
65681,28.5
66987,28.5
67903,28.5
76400,28.5
58930,28.5
59682,28.5
79552,28.5
84610,28.5
99769,28.49
28784,28.48
40204,28.45
25367,28.45
21370,28.45
88197,28.43
84948,28.4
85983,28.39
71636,28.37
41136,28.35
87301,28.35
25060,28.29
8546,28.24
75714,28.23
85407,28.2
60135,28.19
47977,28.17
12182,28.17
7383,28.16
38323,28.15
35294,28.12
45743,28.1
8697,28.0
91734,28.0
83599,28.0
83567,28.0
82435,28.0
80841,28.0
79661,28.0
77755,28.0
77385,28.0
76433,28.0
75070,28.0
74683,28.0
74247,28.0
72836,28.0
71828,28.0
71555,28.0
70422,28.0
67305,28.0
66896,28.0
66434,28.0
23238,28.0
64272,28.0
64251,28.0
87158,28.0
87980,28.0
64142,28.0
63983,28.0
63325,28.0
59637,28.0
59421,28.0
58146,28.0
57130,28.0
56718,28.0
54282,28.0
53595,28.0
53571,28.0
52441,28.0
52215,28.0
51357,28.0
51352,28.0
51275,28.0
50667,28.0
50552,28.0
49808,28.0
46551,28.0
46380,28.0
44056,28.0
44044,28.0
38708,28.0
37900,28.0
37359,28.0
35562,28.0
33988,28.0
33130,28.0
32856,28.0
32092,28.0
31425,28.0
30348,28.0
29575,28.0
28955,28.0
27611,28.0
27372,28.0
26564,28.0
26460,28.0
25309,28.0
23457,28.0
19472,28.0
18979,28.0
18917,28.0
18479,28.0
18217,28.0
17918,28.0
17193,28.0
16580,28.0
15108,28.0
12966,28.0
12203,28.0
10515,28.0
9872,28.0
9864,28.0
9155,28.0
88227,28.0
89306,28.0
7826,28.0
5648,28.0
4300,28.0
3908,28.0
2768,28.0
2175,28.0
1972,28.0
871,28.0
89931,28.0
99366,28.0
99279,28.0
98108,28.0
97710,28.0
96829,28.0
96320,28.0
95884,28.0
92349,28.0
6930,28.0
87079,28.0
92075,28.0
91182,28.0
76459,27.99
90862,27.99
63224,27.99
57713,27.99
53547,27.99
53138,27.99
51509,27.99
49674,27.99
49112,27.99
48206,27.99
43014,27.99
42265,27.99
40525,27.99
70163,27.99
36644,27.99
34399,27.99
33953,27.99
32847,27.99
26031,27.99
24105,27.99
23759,27.99
20749,27.99
19828,27.99
19098,27.99
18664,27.99
14870,27.99
11442,27.99
11294,27.99
11250,27.99
9188,27.99
7136,27.99
6476,27.99
6247,27.99
5440,27.99
5018,27.99
4240,27.99
4082,27.99
1831,27.99
697,27.99
73370,27.99
77857,27.99
79395,27.99
70506,27.99
79929,27.99
83215,27.99
88785,27.99
97776,27.99
95437,27.99
34912,27.99
68489,27.99
70493,27.99
46864,27.98
39033,27.98
47975,27.97
28923,27.97
46993,27.97
80670,27.96
67550,27.95
47299,27.95
15085,27.95
11484,27.95
8297,27.95
19841,27.95
90264,27.95
68520,27.95
88601,27.95
87008,27.95
86662,27.95
84508,27.95
23711,27.95
83132,27.95
68158,27.95
64044,27.95
61122,27.95
55553,27.95
53479,27.95
24661,27.95
27933,27.95
43870,27.95
18232,27.95
99750,27.94
50080,27.94
10454,27.9
12158,27.9
22553,27.9
25646,27.9
26774,27.9
34169,27.9
47935,27.9
72676,27.9
24772,27.89
52510,27.8
23924,27.75
83354,27.75
784,27.74
81386,27.72
86429,27.72
9421,27.72
58693,27.7
12489,27.64
64156,27.62
88242,27.6
45600,27.6
76586,27.6
13759,27.59
11670,27.59
43668,27.59
60432,27.59
1463,27.5
8229,27.5
52234,27.5
72000,27.5
82622,27.5
77493,27.47
80120,27.47
33588,27.45
95205,27.45
10498,27.42
36276,27.4
86184,27.4
77072,27.4
9780,27.39
50906,27.32
84184,27.3
52031,27.27
6823,27.25
22581,27.25
88499,27.2
30586,27.2
8107,27.12
65493,27.09
39982,27.07
49148,27.02
33329,27.0
2835,27.0
2244,27.0
36299,27.0
43408,27.0
46685,27.0
47150,27.0
52743,27.0
54608,27.0
15068,27.0
58538,27.0
60719,27.0
64218,27.0
70577,27.0
70810,27.0
15981,27.0
71120,27.0
71567,27.0
73891,27.0
14549,27.0
74146,27.0
26414,27.0
82807,27.0
88304,27.0
91979,27.0
93875,27.0
18497,27.0
17910,27.0
14233,27.0
11038,27.0
3423,27.0
30038,27.0
5510,26.99
72026,26.99
41462,26.99
40297,26.99
39221,26.99
38846,26.99
37418,26.99
35656,26.99
35157,26.99
33254,26.99
33228,26.99
32890,26.99
31606,26.99
31357,26.99
30735,26.99
29358,26.99
28637,26.99
28352,26.99
27808,26.99
24071,26.99
46598,26.99
11827,26.99
9862,26.99
46769,26.99
901,26.99
119,26.99
62772,26.99
34415,26.99
98401,26.99
98305,26.99
97695,26.99
94608,26.99
91271,26.99
90617,26.99
87705,26.99
86759,26.99
85526,26.99
83154,26.99
81339,26.99
45466,26.99
80627,26.99
78606,26.99
78154,26.99
50791,26.99
57356,26.99
59703,26.99
61766,26.99
63959,26.99
64680,26.99
64863,26.99
66267,26.99
15984,26.99
66420,26.99
66676,26.99
77400,26.99
78459,26.99
67853,26.99
70357,26.99
21093,26.99
48797,26.98
90317,26.98
12012,26.98
18373,26.98
45520,26.98
56036,26.98
65607,26.98
72385,26.98
74047,26.98
74991,26.98
99011,26.98
2207,26.97
50115,26.97
71981,26.97
75126,26.97
85621,26.97
13664,26.97
68463,26.96
73018,26.96
60809,26.95
63340,26.95
81838,26.95
98632,26.95
78724,26.95
74915,26.95
41013,26.95
58307,26.95
56332,26.95
54912,26.95
53800,26.95
52528,26.95
23229,26.95
17494,26.95
16641,26.95
59302,26.95
23800,26.94
19267,26.94
11304,26.94
46577,26.94
94257,26.94
2253,26.91
24061,26.9
26271,26.9
68094,26.86
30042,26.8
95821,26.78
9587,26.77
71083,26.76
55117,26.76
81433,26.75
36833,26.75
5892,26.75
15018,26.74
11436,26.69
79925,26.68
41941,26.68
54166,26.63
14817,26.62
43086,26.6
54257,26.6
39879,26.6
30264,26.57
7134,26.54
83968,26.52
44527,26.51
96267,26.5
80035,26.5
64538,26.5
56495,26.5
51812,26.5
20010,26.5
17187,26.5
16727,26.5
15756,26.5
7591,26.5
44137,26.49
93239,26.49
54698,26.49
20573,26.45
76312,26.45
36458,26.45
90351,26.44
9109,26.43
93827,26.43
26282,26.36
99886,26.36
89395,26.35
91168,26.3
96149,26.29
40062,26.25
47135,26.24
51785,26.23
87876,26.19
21428,26.15
28143,26.14
27761,26.14
9655,26.14
71408,26.13
97238,26.1
37413,26.1
35195,26.04
52224,26.02
54071,26.0
36187,26.0
21524,26.0
21330,26.0
18016,26.0
17701,26.0
17387,26.0
14135,26.0
13751,26.0
13343,26.0
13167,26.0
12937,26.0
10940,26.0
10216,26.0
8923,26.0
6766,26.0
6027,26.0
4091,26.0
1231,26.0
1074,26.0
848,26.0
38087,26.0
39549,26.0
40166,26.0
46810,26.0
47582,26.0
47873,26.0
28752,26.0
49201,26.0
49289,26.0
53494,26.0
53909,26.0
54798,26.0
55323,26.0
56322,26.0
57213,26.0
57293,26.0
61751,26.0
64204,26.0
65282,26.0
70341,26.0
71390,26.0
75819,26.0
77573,26.0
78889,26.0
82668,26.0
85417,26.0
85528,26.0
86435,26.0
86675,26.0
90470,26.0
91450,26.0
25981,26.0
53688,26.0
91725,26.0
92353,26.0
95755,26.0
96401,26.0
97520,26.0
98660,26.0
99019,26.0
99466,26.0
99581,26.0
36776,26.0
30256,26.0
32868,26.0
30950,25.99
17240,25.99
97811,25.99
96328,25.99
92237,25.99
89719,25.99
82996,25.99
77260,25.99
75969,25.99
75838,25.99
75644,25.99
64038,25.99
63481,25.99
63173,25.99
59032,25.99
57223,25.99
53474,25.99
51309,25.99
43703,25.99
38186,25.99
34061,25.99
33864,25.99
33173,25.99
2974,25.99
9676,25.99
19739,25.99
10180,25.99
28611,25.99
24118,25.99
23718,25.99
20614,25.99
32581,25.99
18646,25.99
15352,25.99
99469,25.99
99425,25.98
61389,25.98
2716,25.98
41228,25.98
15502,25.97
54409,25.97
84384,25.96
71784,25.96
39806,25.95
84722,25.95
74271,25.95
70374,25.95
42033,25.95
66753,25.95
38581,25.95
47938,25.95
51789,25.95
55091,25.95
57842,25.95
31987,25.95
18032,25.95
10246,25.95
49147,25.95
10110,25.95
80806,25.94
50512,25.93
45413,25.93
59811,25.91
92162,25.9
83482,25.9
76244,25.9
5431,25.9
22123,25.89
80275,25.88
96337,25.75
89164,25.59
96433,25.59
59270,25.57
8196,25.57
87012,25.56
35188,25.5
1909,25.5
69290,25.5
99157,25.5
92157,25.5
90980,25.5
89070,25.5
88232,25.5
84086,25.5
83740,25.5
78856,25.5
76988,25.5
72393,25.5
71290,25.5
69777,25.5
69162,25.5
55742,25.5
41078,25.5
30887,25.5
25095,25.5
20965,25.5
15307,25.5
13974,25.5
5615,25.5
2228,25.5
59213,25.5
23271,25.49
99303,25.49
92155,25.49
49377,25.48
43948,25.48
7771,25.48
74662,25.46
66073,25.45
11698,25.45
4907,25.45
70064,25.44
41487,25.41
18243,25.34
34096,25.33
35774,25.32
33697,25.32
88305,25.28
82134,25.25
85891,25.23
6893,25.23
72898,25.2
68881,25.2
65139,25.2
44736,25.2
41534,25.2
46463,25.19
47871,25.11
5787,25.11
5762,25.08
98021,25.06
6542,25.06
56797,25.0
99648,25.0
89123,25.0
88983,25.0
89713,25.0
88868,25.0
88719,25.0
88711,25.0
88683,25.0
88681,25.0
88599,25.0
88355,25.0
88090,25.0
87772,25.0
87569,25.0
87379,25.0
87331,25.0
87228,25.0
87039,25.0
87030,25.0
87006,25.0
86968,25.0
89768,25.0
86703,25.0
86680,25.0
86664,25.0
86635,25.0
86617,25.0
86608,25.0
86531,25.0
86410,25.0
86340,25.0
86259,25.0
86177,25.0
56878,25.0
85943,25.0
85938,25.0
85887,25.0
85730,25.0
85696,25.0
85576,25.0
85568,25.0
85357,25.0
85147,25.0
85018,25.0
85006,25.0
84827,25.0
84690,25.0
84397,25.0
84375,25.0
89878,25.0
83909,25.0
83533,25.0
83308,25.0
83070,25.0
83019,25.0
82931,25.0
82669,25.0
82404,25.0
82114,25.0
81904,25.0
81738,25.0
81539,25.0
81392,25.0
81320,25.0
80639,25.0
80497,25.0
80476,25.0
80250,25.0
80231,25.0
90592,25.0
92136,25.0
79687,25.0
79545,25.0
79441,25.0
79398,25.0
79182,25.0
79138,25.0
79071,25.0
79055,25.0
78957,25.0
78932,25.0
78630,25.0
78368,25.0
78258,25.0
78204,25.0
77976,25.0
77951,25.0
77803,25.0
77510,25.0
77242,25.0
77179,25.0
77139,25.0
77108,25.0
76714,25.0
76413,25.0
76104,25.0
75899,25.0
75852,25.0
75850,25.0
75780,25.0
75130,25.0
74653,25.0
74584,25.0
92241,25.0
74383,25.0
74363,25.0
73668,25.0
73617,25.0
73460,25.0
72986,25.0
72902,25.0
72731,25.0
72646,25.0
72469,25.0
72411,25.0
72344,25.0
72019,25.0
71877,25.0
71749,25.0
71415,25.0
71250,25.0
71172,25.0
70893,25.0
70673,25.0
70510,25.0
70136,25.0
70125,25.0
69921,25.0
69907,25.0
69747,25.0
69410,25.0
69305,25.0
69195,25.0
68696,25.0
68545,25.0
68372,25.0
68120,25.0
68038,25.0
67689,25.0
67406,25.0
67336,25.0
67018,25.0
66884,25.0
92429,25.0
66604,25.0
66495,25.0
66450,25.0
66368,25.0
66220,25.0
66155,25.0
92500,25.0
65820,25.0
65638,25.0
65615,25.0
65595,25.0
65551,25.0
65458,25.0
65106,25.0
64975,25.0
64848,25.0
64832,25.0
64771,25.0
64729,25.0
64189,25.0
64026,25.0
63814,25.0
63603,25.0
63434,25.0
63262,25.0
63170,25.0
63146,25.0
63087,25.0
63057,25.0
62891,25.0
62828,25.0
62397,25.0
62324,25.0
62111,25.0
62070,25.0
61963,25.0
61674,25.0
61586,25.0
61490,25.0
61420,25.0
90765,25.0
61286,25.0
61205,25.0
61078,25.0
60956,25.0
60926,25.0
60770,25.0
60047,25.0
59996,25.0
58964,25.0
58639,25.0
58526,25.0
58372,25.0
58269,25.0
58033,25.0
57869,25.0
57846,25.0
57812,25.0
57797,25.0
57708,25.0
57630,25.0
57569,25.0
57314,25.0
90777,25.0
91189,25.0
92597,25.0
56676,25.0
56478,25.0
56275,25.0
56202,25.0
55583,25.0
55574,25.0
55484,25.0
55195,25.0
55159,25.0
54850,25.0
54768,25.0
54639,25.0
54600,25.0
54595,25.0
54495,25.0
54493,25.0
54271,25.0
54185,25.0
54149,25.0
53975,25.0
53952,25.0
53698,25.0
53527,25.0
53478,25.0
53328,25.0
53242,25.0
53071,25.0
52928,25.0
52815,25.0
52519,25.0
52377,25.0
52323,25.0
52206,25.0
52106,25.0
52012,25.0
51974,25.0
51834,25.0
51726,25.0
51714,25.0
51470,25.0
50945,25.0
50876,25.0
50810,25.0
50642,25.0
50585,25.0
50511,25.0
50468,25.0
50364,25.0
50097,25.0
50069,25.0
49759,25.0
49694,25.0
49678,25.0
49643,25.0
49431,25.0
49266,25.0
49170,25.0
49053,25.0
48765,25.0
48757,25.0
48739,25.0
48716,25.0
48542,25.0
48514,25.0
48386,25.0
48377,25.0
48350,25.0
48333,25.0
48175,25.0
48160,25.0
48022,25.0
47980,25.0
47784,25.0
47696,25.0
47654,25.0
47471,25.0
47328,25.0
47052,25.0
47031,25.0
46992,25.0
46977,25.0
46499,25.0
46294,25.0
46285,25.0
46269,25.0
46220,25.0
46195,25.0
45989,25.0
45971,25.0
45849,25.0
45656,25.0
45538,25.0
45440,25.0
45086,25.0
45051,25.0
45000,25.0
44747,25.0
44540,25.0
44256,25.0
44032,25.0
44008,25.0
43939,25.0
43715,25.0
43572,25.0
43381,25.0
43165,25.0
92605,25.0
43095,25.0
42867,25.0
42843,25.0
42811,25.0
42477,25.0
42338,25.0
42237,25.0
42123,25.0
42104,25.0
42024,25.0
41964,25.0
41914,25.0
41647,25.0
41412,25.0
41408,25.0
41262,25.0
41236,25.0
41162,25.0
40920,25.0
40746,25.0
40664,25.0
40507,25.0
40220,25.0
40098,25.0
39903,25.0
39713,25.0
39664,25.0
39297,25.0
39097,25.0
39004,25.0
38715,25.0
38657,25.0
38639,25.0
37681,25.0
37622,25.0
37356,25.0
37339,25.0
37044,25.0
37014,25.0
36936,25.0
36741,25.0
36488,25.0
36188,25.0
36105,25.0
35451,25.0
35318,25.0
35032,25.0
35002,25.0
34942,25.0
34904,25.0
34779,25.0
34552,25.0
34342,25.0
34265,25.0
34222,25.0
33547,25.0
33390,25.0
33342,25.0
33070,25.0
33023,25.0
92785,25.0
32553,25.0
32521,25.0
32494,25.0
32413,25.0
32365,25.0
32339,25.0
32309,25.0
32284,25.0
32205,25.0
31732,25.0
31687,25.0
31634,25.0
31428,25.0
31314,25.0
31170,25.0
31156,25.0
30865,25.0
30827,25.0
30808,25.0
30760,25.0
30702,25.0
30651,25.0
30483,25.0
30457,25.0
30245,25.0
30239,25.0
30227,25.0
30189,25.0
30116,25.0
29872,25.0
29845,25.0
29673,25.0
29363,25.0
29292,25.0
29067,25.0
28927,25.0
28820,25.0
28806,25.0
28629,25.0
28610,25.0
28372,25.0
28186,25.0
28025,25.0
28015,25.0
27907,25.0
27868,25.0
27768,25.0
27609,25.0
27485,25.0
27171,25.0
26988,25.0
26980,25.0
26841,25.0
26578,25.0
26161,25.0
26044,25.0
25853,25.0
25852,25.0
25562,25.0
91361,25.0
25037,25.0
24912,25.0
24865,25.0
24859,25.0
24804,25.0
24523,25.0
24491,25.0
24416,25.0
24404,25.0
24287,25.0
24182,25.0
24167,25.0
24003,25.0
23522,25.0
23439,25.0
23132,25.0
23065,25.0
23034,25.0
22992,25.0
22784,25.0
22315,25.0
22304,25.0
22303,25.0
22248,25.0
22177,25.0
21740,25.0
21692,25.0
21521,25.0
21511,25.0
21347,25.0
21332,25.0
21328,25.0
21028,25.0
20887,25.0
20873,25.0
20831,25.0
20622,25.0
20565,25.0
20489,25.0
20375,25.0
19956,25.0
91952,25.0
19536,25.0
19380,25.0
19330,25.0
19228,25.0
19208,25.0
19099,25.0
19075,25.0
18949,25.0
18923,25.0
18593,25.0
18191,25.0
17881,25.0
17707,25.0
17621,25.0
17573,25.0
17497,25.0
17471,25.0
92951,25.0
17112,25.0
17066,25.0
17009,25.0
16989,25.0
16458,25.0
16439,25.0
16379,25.0
16062,25.0
15885,25.0
15754,25.0
15698,25.0
15569,25.0
15379,25.0
15250,25.0
15240,25.0
15229,25.0
15092,25.0
14889,25.0
14708,25.0
14413,25.0
14338,25.0
14030,25.0
13950,25.0
13887,25.0
13718,25.0
13651,25.0
13636,25.0
13525,25.0
13129,25.0
13125,25.0
12952,25.0
12815,25.0
12404,25.0
12319,25.0
12152,25.0
12009,25.0
11941,25.0
11781,25.0
11778,25.0
11424,25.0
11278,25.0
11160,25.0
11053,25.0
10668,25.0
10203,25.0
10015,25.0
9923,25.0
9694,25.0
8974,25.0
8911,25.0
8829,25.0
8795,25.0
8440,25.0
8079,25.0
7955,25.0
7807,25.0
7726,25.0
7575,25.0
7507,25.0
7363,25.0
7281,25.0
6917,25.0
6799,25.0
6630,25.0
6495,25.0
6354,25.0
6061,25.0
6031,25.0
5936,25.0
5684,25.0
5560,25.0
5392,25.0
5108,25.0
5080,25.0
5014,25.0
4987,25.0
4646,25.0
4464,25.0
4203,25.0
4147,25.0
4145,25.0
3867,25.0
3699,25.0
3689,25.0
3657,25.0
3631,25.0
3542,25.0
3497,25.0
2922,25.0
2769,25.0
2408,25.0
2368,25.0
2351,25.0
2346,25.0
1992,25.0
1985,25.0
1913,25.0
1155,25.0
1027,25.0
828,25.0
507,25.0
479,25.0
271,25.0
157,25.0
93283,25.0
93341,25.0
93442,25.0
93552,25.0
93669,25.0
89142,25.0
56810,25.0
93794,25.0
93851,25.0
94266,25.0
94300,25.0
94314,25.0
94611,25.0
94932,25.0
94973,25.0
95004,25.0
95387,25.0
96395,25.0
96451,25.0
91592,25.0
96640,25.0
96691,25.0
96731,25.0
97017,25.0
97133,25.0
97563,25.0
97642,25.0
97817,25.0
98026,25.0
98031,25.0
98338,25.0
71304,25.0
98614,25.0
98709,25.0
98823,25.0
98849,25.0
91518,25.0
98971,25.0
99018,25.0
99308,25.0
91507,25.0
91456,25.0
19584,25.0
13360,24.99
90911,24.99
75467,24.99
74667,24.99
74528,24.99
74424,24.99
74261,24.99
73082,24.99
70650,24.99
65822,24.99
64895,24.99
47259,24.99
63179,24.99
61638,24.99
60904,24.99
60903,24.99
60793,24.99
60636,24.99
60212,24.99
60161,24.99
59715,24.99
59550,24.99
59045,24.99
58603,24.99
58474,24.99
57687,24.99
57544,24.99
57294,24.99
57210,24.99
56465,24.99
55638,24.99
55131,24.99
54857,24.99
52295,24.99
51774,24.99
51278,24.99
50522,24.99
76922,24.99
49060,24.99
48528,24.99
47231,24.99
46191,24.99
43466,24.99
43360,24.99
42759,24.99
42308,24.99
41982,24.99
41655,24.99
40588,24.99
40365,24.99
39246,24.99
38287,24.99
37981,24.99
37856,24.99
37647,24.99
37632,24.99
36999,24.99
36700,24.99
36653,24.99
36434,24.99
36092,24.99
35148,24.99
35142,24.99
34326,24.99
33810,24.99
33803,24.99
32843,24.99
32303,24.99
32229,24.99
29447,24.99
28257,24.99
26313,24.99
25762,24.99
25655,24.99
24926,24.99
23338,24.99
22392,24.99
22265,24.99
21936,24.99
21665,24.99
21362,24.99
20974,24.99
19637,24.99
19598,24.99
19585,24.99
18758,24.99
17436,24.99
17113,24.99
15919,24.99
15680,24.99
15472,24.99
14840,24.99
75491,24.99
13094,24.99
12956,24.99
11592,24.99
11562,24.99
10157,24.99
10066,24.99
9687,24.99
9519,24.99
8632,24.99
7801,24.99
7376,24.99
7318,24.99
7087,24.99
6389,24.99
5795,24.99
5714,24.99
77780,24.99
4905,24.99
4482,24.99
3813,24.99
3654,24.99
2418,24.99
1126,24.99
1105,24.99
867,24.99
281,24.99
182,24.99
79108,24.99
80642,24.99
80665,24.99
80784,24.99
81025,24.99
81094,24.99
82267,24.99
82358,24.99
82952,24.99
83765,24.99
84787,24.99
84909,24.99
85635,24.99
85918,24.99
86231,24.99
86856,24.99
78532,24.99
87085,24.99
87273,24.99
88445,24.99
88702,24.99
89329,24.99
90481,24.99
98947,24.99
98521,24.99
97665,24.99
96211,24.99
95542,24.99
94738,24.99
94069,24.99
93413,24.99
93119,24.99
93110,24.99
92104,24.99
92058,24.99
91783,24.99
91383,24.99
76808,24.99
91288,24.99
91100,24.99
78873,24.99
8892,24.98
17099,24.98
23734,24.98
27177,24.98
29586,24.98
29721,24.98
32524,24.98
42304,24.98
58009,24.98
60325,24.98
63949,24.98
65660,24.98
85101,24.98
86334,24.98
87398,24.98
93513,24.98
97202,24.98
8080,24.98
13756,24.97
15687,24.97
57488,24.97
86828,24.97
95607,24.97
66395,24.95
20732,24.95
18429,24.95
11834,24.95
7186,24.95
4100,24.95
3027,24.95
1891,24.95
1839,24.95
1378,24.95
942,24.95
504,24.95
79529,24.95
98483,24.95
98101,24.95
18682,24.95
98022,24.95
97366,24.95
95608,24.95
91552,24.95
90881,24.95
82057,24.95
77831,24.95
77061,24.95
70828,24.95
70432,24.95
67735,24.95
66468,24.95
63379,24.95
62715,24.95
20008,24.95
60373,24.95
59634,24.95
54565,24.95
53260,24.95
51691,24.95
49058,24.95
48931,24.95
48431,24.95
20267,24.95
46417,24.95
43732,24.95
36972,24.95
35808,24.95
32244,24.95
30974,24.95
30073,24.95
28764,24.95
26645,24.95
25842,24.95
23253,24.95
22670,24.95
12794,24.95
42050,24.95
45771,24.95
46749,24.93
97764,24.9
70802,24.9
51740,24.9
50679,24.9
45201,24.9
37859,24.9
22050,24.9
21580,24.9
4912,24.9
37567,24.89
66574,24.89
77101,24.88
31694,24.88
14132,24.88
78278,24.85
73060,24.85
57109,24.79
36212,24.78
62213,24.78
79938,24.74
30973,24.69
3781,24.67
90692,24.65
3204,24.64
97650,24.55
38878,24.5
13989,24.5
19022,24.5
19398,24.5
23270,24.5
25597,24.5
41481,24.5
43744,24.5
49313,24.5
50713,24.5
53592,24.5
55296,24.5
60261,24.5
64047,24.5
76527,24.5
76545,24.5
79507,24.5
80543,24.5
85567,24.5
93423,24.49
48084,24.48
54998,24.48
20250,24.47
34950,24.46
86913,24.44
8421,24.44
761,24.44
81775,24.41
17742,24.36
7347,24.36
2785,24.33
28414,24.31
67434,24.3
12788,24.3
50813,24.3
62508,24.28
81679,24.26
87882,24.25
84666,24.25
65290,24.25
61327,24.25
30203,24.25
12018,24.25
4097,24.19
12503,24.19
7747,24.17
63243,24.14
60182,24.09
8789,24.06
79733,24.0
67752,24.0
67688,24.0
65589,24.0
67990,24.0
65490,24.0
64784,24.0
64503,24.0
63706,24.0
63414,24.0
62295,24.0
60675,24.0
59946,24.0
59380,24.0
58789,24.0
58653,24.0
58362,24.0
57822,24.0
55924,24.0
55001,24.0
54771,24.0
54762,24.0
53559,24.0
53347,24.0
53327,24.0
52428,24.0
52059,24.0
48184,24.0
48014,24.0
47334,24.0
46968,24.0
46019,24.0
45124,24.0
45071,24.0
44839,24.0
42535,24.0
42168,24.0
39774,24.0
39758,24.0
39237,24.0
39173,24.0
39140,24.0
38745,24.0
38170,24.0
37402,24.0
37285,24.0
37244,24.0
36272,24.0
35434,24.0
34329,24.0
34158,24.0
33581,24.0
33503,24.0
32108,24.0
29288,24.0
27745,24.0
27392,24.0
27126,24.0
26925,24.0
26766,24.0
25110,24.0
24346,24.0
24186,24.0
23926,24.0
23908,24.0
23406,24.0
23186,24.0
22267,24.0
21890,24.0
21848,24.0
21052,24.0
20273,24.0
18684,24.0
17868,24.0
17840,24.0
17792,24.0
16129,24.0
16008,24.0
15950,24.0
12549,24.0
12221,24.0
12031,24.0
8773,24.0
7727,24.0
7543,24.0
5827,24.0
5670,24.0
5123,24.0
5030,24.0
3193,24.0
2444,24.0
2374,24.0
1924,24.0
1420,24.0
1130,24.0
70382,24.0
70634,24.0
71085,24.0
72573,24.0
72953,24.0
73390,24.0
73461,24.0
74038,24.0
74799,24.0
75283,24.0
79920,24.0
80074,24.0
81553,24.0
81610,24.0
82566,24.0
83073,24.0
83969,24.0
85204,24.0
86155,24.0
88366,24.0
88560,24.0
88737,24.0
88738,24.0
89559,24.0
89626,24.0
90797,24.0
92626,24.0
92833,24.0
92862,24.0
92956,24.0
93057,24.0
93889,24.0
94197,24.0
95266,24.0
95572,24.0
95893,24.0
95958,24.0
96052,24.0
97927,24.0
98336,24.0
98896,24.0
99181,24.0
99485,24.0
15475,24.0
68277,24.0
68754,24.0
68486,24.0
76817,24.0
8662,23.99
44101,23.99
96120,23.99
95655,23.99
95613,23.99
93507,23.99
93337,23.99
1979,23.99
79982,23.99
10905,23.99
5933,23.99
11365,23.99
11516,23.99
13470,23.99
20475,23.99
21633,23.99
23752,23.99
28560,23.99
91972,23.99
91500,23.99
88793,23.99
87935,23.99
86502,23.99
86047,23.99
85304,23.99
84551,23.99
84096,23.99
83901,23.99
79039,23.99
78448,23.99
78399,23.99
76242,23.99
75112,23.99
73969,23.99
73658,23.99
73623,23.99
36627,23.99
72996,23.99
70533,23.99
69904,23.99
50908,23.99
68241,23.99
65767,23.99
56469,23.99
50529,23.99
50021,23.99
49028,23.99
98589,23.99
76060,23.98
17165,23.98
47541,23.98
21995,23.97
24906,23.97
29979,23.97
41336,23.97
50041,23.97
59791,23.97
70101,23.97
94277,23.97
59627,23.96
59143,23.95
9289,23.95
97314,23.95
97065,23.95
95782,23.95
88842,23.95
88594,23.95
88315,23.95
52196,23.95
87295,23.95
49987,23.95
47085,23.95
44171,23.95
43337,23.95
42374,23.95
39338,23.95
36108,23.95
33238,23.95
25659,23.95
24368,23.95
17553,23.95
51585,23.95
91482,23.94
38627,23.9
39093,23.87
29991,23.86
80643,23.86
49565,23.86
4890,23.86
98154,23.82
91016,23.82
82502,23.81
9711,23.8
33650,23.79
70628,23.76
13903,23.75
49559,23.73
45092,23.7
48649,23.7
14669,23.7
64014,23.64
73081,23.61
26702,23.59
34760,23.58
3719,23.55
91546,23.53
82195,23.53
66226,23.53
6184,23.53
45405,23.5
209,23.49
76044,23.48
54686,23.47
44613,23.45
6719,23.45
39529,23.44
24356,23.43
38433,23.43
61665,23.39
58472,23.39
31839,23.36
55587,23.33
12860,23.33
23753,23.28
7464,23.28
64636,23.25
99142,23.23
88619,23.23
74259,23.23
70090,23.23
44285,23.23
25078,23.23
18369,23.23
11900,23.23
32207,23.19
28020,23.19
98818,23.16
97823,23.16
97337,23.16
32819,23.16
90509,23.05
75411,23.0
83590,23.0
64335,23.0
64522,23.0
71625,23.0
71974,23.0
74311,23.0
53540,23.0
86350,23.0
89081,23.0
91999,23.0
92549,23.0
96277,23.0
46715,23.0
46434,23.0
46328,23.0
43947,23.0
42630,23.0
36887,23.0
34090,23.0
28253,23.0
21659,23.0
17966,23.0
15570,23.0
14259,23.0
13684,23.0
12305,23.0
11894,23.0
9503,23.0
6929,23.0
6327,23.0
4884,23.0
3367,23.0
79758,23.0
84509,23.0
63236,23.0
25990,22.99
87833,22.99
96568,22.99
95402,22.99
74082,22.99
91586,22.99
80,22.99
90447,22.99
184,22.99
1259,22.99
2580,22.99
3224,22.99
3936,22.99
5818,22.99
8485,22.99
8717,22.99
8766,22.99
10888,22.99
11470,22.99
15141,22.99
15617,22.99
17487,22.99
21924,22.99
23319,22.99
24338,22.99
25065,22.99
25501,22.99
26591,22.99
29110,22.99
31666,22.99
32293,22.99
32686,22.99
34893,22.99
36567,22.99
37112,22.99
37487,22.99
38094,22.99
47268,22.99
49765,22.99
50569,22.99
57910,22.99
60666,22.99
61939,22.99
67359,22.99
69219,22.99
72586,22.99
72837,22.99
73169,22.99
74414,22.99
75983,22.99
78786,22.99
85571,22.99
87064,22.99
97380,22.99
84803,22.98
6320,22.98
7342,22.97
51949,22.97
43338,22.97
19544,22.97
95986,22.95
67762,22.95
45785,22.95
26038,22.95
10155,22.95
98267,22.95
96668,22.95
89227,22.95
5060,22.95
26648,22.95
73878,22.95
69965,22.93
28230,22.92
9223,22.9
42268,22.9
48317,22.9
14589,22.9
60957,22.9
91560,22.9
92364,22.9
67941,22.9
94739,22.9
94442,22.88
92217,22.88
61661,22.88
50764,22.88
64890,22.83
57534,22.81
29186,22.8
82324,22.8
62520,22.8
67845,22.79
1603,22.78
71178,22.77
2345,22.75
75398,22.71
488,22.65
48551,22.64
6871,22.58
44521,22.58
10918,22.58
92694,22.56
38991,22.56
20060,22.5
12673,22.5
41492,22.5
56430,22.5
57174,22.5
60115,22.5
63148,22.5
66806,22.5
67926,22.5
74566,22.5
78016,22.5
79627,22.5
84967,22.5
87230,22.5
91303,22.5
94688,22.5
28762,22.5
28399,22.5
27368,22.5
25859,22.5
24185,22.5
39112,22.5
15741,22.5
767,22.5
13619,22.5
12982,22.5
38632,22.5
39816,22.47
83476,22.47
72545,22.45
83170,22.45
30880,22.45
5943,22.44
99690,22.39
87020,22.38
73818,22.38
86712,22.36
21290,22.35
68072,22.26
93942,22.26
15279,22.2
40906,22.17
31370,22.13
77433,22.1
57446,22.08
43045,22.07
44102,22.07
48873,22.07
52320,22.03
46564,22.01
63589,22.01
21275,22.0
18214,22.0
13159,22.0
12770,22.0
12046,22.0
11012,22.0
10729,22.0
10727,22.0
10127,22.0
7052,22.0
7003,22.0
6621,22.0
6620,22.0
6609,22.0
3875,22.0
3804,22.0
3537,22.0
3266,22.0
3237,22.0
1196,22.0
1144,22.0
14583,22.0
20674,22.0
26129,22.0
26181,22.0
28912,22.0
29224,22.0
30420,22.0
31917,22.0
33921,22.0
15173,22.0
34081,22.0
36085,22.0
39663,22.0
41411,22.0
42195,22.0
43325,22.0
44178,22.0
45601,22.0
47955,22.0
48633,22.0
48728,22.0
50262,22.0
50724,22.0
51144,22.0
52263,22.0
53386,22.0
55959,22.0
55971,22.0
57285,22.0
57692,22.0
58665,22.0
58688,22.0
59693,22.0
60124,22.0
61280,22.0
61767,22.0
63903,22.0
65473,22.0
67827,22.0
67872,22.0
68196,22.0
68714,22.0
68947,22.0
69743,22.0
70252,22.0
70764,22.0
71082,22.0
15249,22.0
73120,22.0
73768,22.0
74882,22.0
74939,22.0
17166,22.0
75663,22.0
77397,22.0
79221,22.0
80663,22.0
80832,22.0
81852,22.0
81876,22.0
84822,22.0
87484,22.0
87590,22.0
87643,22.0
88139,22.0
88710,22.0
89429,22.0
89711,22.0
90483,22.0
96255,22.0
97007,22.0
17765,22.0
23357,22.0
19011,22.0
2382,21.99
98008,21.99
583,21.99
95317,21.99
95110,21.99
93591,21.99
89695,21.99
89288,21.99
86083,21.99
81905,21.99
76966,21.99
73258,21.99
72921,21.99
71144,21.99
69782,21.99
62666,21.99
62256,21.99
61334,21.99
61188,21.99
60509,21.99
58931,21.99
56522,21.99
53904,21.99
53057,21.99
51796,21.99
51247,21.99
51062,21.99
50138,21.99
46826,21.99
45202,21.99
44587,21.99
42493,21.99
42368,21.99
40533,21.99
36068,21.99
34699,21.99
29147,21.99
24748,21.99
22831,21.99
22617,21.99
22383,21.99
22134,21.99
21833,21.99
19631,21.99
18286,21.99
14280,21.99
13808,21.99
12939,21.99
10568,21.99
10109,21.99
7218,21.99
7073,21.99
5926,21.99
2458,21.99
4436,21.98
94861,21.98
84419,21.98
50411,21.98
46882,21.98
33571,21.98
16343,21.98
77946,21.97
56381,21.97
66687,21.95
11753,21.95
93540,21.95
68030,21.95
6634,21.95
99978,21.95
6676,21.95
51358,21.95
10673,21.95
65467,21.95
50752,21.95
86613,21.95
85223,21.95
50136,21.95
78107,21.95
44360,21.95
77461,21.95
39891,21.95
33479,21.95
27506,21.95
26060,21.95
21768,21.95
19163,21.95
18862,21.95
18823,21.95
16703,21.95
14213,21.95
13192,21.95
88573,21.95
65964,21.94
85360,21.94
94147,21.94
80210,21.94
59501,21.94
15996,21.94
58101,21.93
28767,21.93
12879,21.93
33252,21.91
52367,21.9
67007,21.9
81884,21.9
85270,21.9
87001,21.9
61210,21.9
45710,21.89
32187,21.87
78179,21.84
61282,21.8
39048,21.8
23413,21.8
17126,21.8
14102,21.76
44112,21.71
87156,21.71
65690,21.68
26604,21.65
17155,21.65
77858,21.65
17116,21.64
35442,21.63
2596,21.6
81958,21.55
93719,21.5
68304,21.5
57885,21.5
55242,21.5
20635,21.5
6507,21.5
3990,21.5
2080,21.5
72813,21.5
77349,21.48
56390,21.48
25911,21.48
46813,21.45
38558,21.45
18691,21.45
17134,21.45
25096,21.41
39485,21.4
1481,21.4
3740,21.37
85228,21.35
53355,21.35
95897,21.3
86061,21.22
26172,21.18
97717,21.16
18557,21.08
33881,21.06
73015,21.05
96234,21.05
90597,21.05
46758,21.02
325,21.0
4013,21.0
97172,21.0
91894,21.0
91188,21.0
90163,21.0
87521,21.0
78925,21.0
77676,21.0
73465,21.0
70813,21.0
68453,21.0
66886,21.0
63666,21.0
61189,21.0
60323,21.0
52931,21.0
50603,21.0
50137,21.0
46825,21.0
45756,21.0
44746,21.0
44466,21.0
38133,21.0
37385,21.0
33529,21.0
31467,21.0
28002,21.0
25976,21.0
25461,21.0
17566,21.0
11054,21.0
8481,21.0
52279,21.0
19335,20.99
12413,20.99
48263,20.99
60145,20.99
10672,20.99
5044,20.99
65873,20.99
3800,20.99
62879,20.99
60332,20.99
77513,20.99
48427,20.99
81677,20.99
33918,20.99
28833,20.99
26871,20.99
25626,20.99
21358,20.99
83355,20.99
92463,20.99
94729,20.99
95422,20.99
96313,20.99
97302,20.99
98174,20.99
99985,20.99
15986,20.99
11298,20.99
20756,20.99
74100,20.99
12200,20.99
73400,20.99
67057,20.98
93223,20.97
15269,20.95
73846,20.95
29076,20.95
24158,20.95
13244,20.95
26069,20.95
32716,20.95
37028,20.95
87145,20.95
55556,20.95
62123,20.95
67852,20.95
10989,20.95
70693,20.95
77757,20.95
24029,20.95
41835,20.9
44996,20.9
11390,20.88
42781,20.88
29354,20.88
17453,20.86
19842,20.86
20508,20.79
97723,20.78
68549,20.78
23688,20.75
68320,20.69
84343,20.67
38246,20.66
55972,20.64
59962,20.5
58297,20.5
31381,20.5
14152,20.5
8544,20.5
16124,20.49
6283,20.48
47546,20.48
22827,20.45
48232,20.39
13436,20.3
95392,20.3
50751,20.27
39698,20.23
88660,20.23
31099,20.22
60596,20.2
64168,20.18
8931,20.18
8949,20.16
40688,20.1
38277,20.1
70587,20.04
7780,20.02
21802,20.02
80655,20.02
97139,20.0
20794,20.0
96542,20.0
353,20.0
1347,20.0
1965,20.0
4010,20.0
4629,20.0
4766,20.0
5282,20.0
5533,20.0
99829,20.0
99972,20.0
6128,20.0
7165,20.0
7229,20.0
8393,20.0
10354,20.0
10604,20.0
11414,20.0
14087,20.0
14121,20.0
15095,20.0
20999,20.0
21084,20.0
21284,20.0
25690,20.0
27781,20.0
28087,20.0
28238,20.0
29690,20.0
30303,20.0
31397,20.0
31548,20.0
32077,20.0
32763,20.0
33091,20.0
36293,20.0
37989,20.0
38408,20.0
39117,20.0
39265,20.0
45299,20.0
47638,20.0
51371,20.0
51109,20.0
53960,20.0
54126,20.0
54745,20.0
55020,20.0
61083,20.0
61987,20.0
66027,20.0
67422,20.0
67753,20.0
67773,20.0
70562,20.0
72023,20.0
74006,20.0
74027,20.0
74686,20.0
75347,20.0
75477,20.0
76331,20.0
76739,20.0
77669,20.0
80378,20.0
80435,20.0
81142,20.0
82089,20.0
82362,20.0
83507,20.0
87653,20.0
87731,20.0
89495,20.0
90100,20.0
17192,20.0
52281,20.0
95045,20.0
61124,19.99
58248,19.99
56673,19.99
55908,19.99
55874,19.99
55280,19.99
54759,19.99
54138,19.99
53301,19.99
53133,19.99
52343,19.99
52183,19.99
52002,19.99
51542,19.99
51035,19.99
50728,19.99
50673,19.99
49852,19.99
49641,19.99
49164,19.99
48827,19.99
48755,19.99
48696,19.99
47882,19.99
47677,19.99
47611,19.99
47146,19.99
46174,19.99
46148,19.99
46118,19.99
45836,19.99
71259,19.99
44960,19.99
44165,19.99
43281,19.99
42949,19.99
42899,19.99
42399,19.99
41886,19.99
40039,19.99
39599,19.99
37750,19.99
37722,19.99
37666,19.99
36930,19.99
36832,19.99
72732,19.99
36282,19.99
35145,19.99
34179,19.99
33980,19.99
33322,19.99
32536,19.99
32432,19.99
31783,19.99
31236,19.99
30941,19.99
30140,19.99
29995,19.99
29556,19.99
29377,19.99
29287,19.99
29109,19.99
29019,19.99
28645,19.99
28164,19.99
28141,19.99
27649,19.99
27291,19.99
24487,19.99
24164,19.99
24157,19.99
23757,19.99
22745,19.99
22283,19.99
22115,19.99
21708,19.99
19996,19.99
19184,19.99
18140,19.99
17289,19.99
16781,19.99
16615,19.99
16315,19.99
16297,19.99
15487,19.99
15444,19.99
15246,19.99
13463,19.99
13323,19.99
13012,19.99
12826,19.99
12647,19.99
12601,19.99
12408,19.99
11583,19.99
11007,19.99
10902,19.99
10822,19.99
10499,19.99
10010,19.99
9885,19.99
9793,19.99
9101,19.99
9006,19.99
8497,19.99
8447,19.99
8298,19.99
8204,19.99
7875,19.99
7519,19.99
6769,19.99
6555,19.99
6134,19.99
5867,19.99
4855,19.99
4621,19.99
4260,19.99
3414,19.99
3360,19.99
2633,19.99
2496,19.99
2365,19.99
1298,19.99
499,19.99
73785,19.99
74139,19.99
74788,19.99
74794,19.99
74831,19.99
75328,19.99
75666,19.99
75746,19.99
76924,19.99
77490,19.99
78160,19.99
78609,19.99
79125,19.99
79204,19.99
79756,19.99
79926,19.99
81673,19.99
81684,19.99
69563,19.99
82349,19.99
82626,19.99
83104,19.99
83440,19.99
83887,19.99
84442,19.99
85421,19.99
86027,19.99
87151,19.99
87310,19.99
87481,19.99
87865,19.99
88071,19.99
88668,19.99
88975,19.99
58149,19.99
89257,19.99
89304,19.99
89357,19.99
89388,19.99
89845,19.99
89985,19.99
90002,19.99
69355,19.99
90241,19.99
90341,19.99
92170,19.99
93118,19.99
93648,19.99
93758,19.99
93761,19.99
93928,19.99
94139,19.99
94296,19.99
94543,19.99
69308,19.99
95518,19.99
95587,19.99
96549,19.99
95888,19.99
96841,19.99
96900,19.99
96941,19.99
97182,19.99
97320,19.99
98180,19.99
57397,19.99
98291,19.99
99553,19.99
68931,19.99
67888,19.99
67340,19.99
66525,19.99
65468,19.99
64897,19.99
64181,19.99
63929,19.99
63411,19.99
62915,19.99
62774,19.99
62079,19.99
59474,19.99
59522,19.99
71054,19.99
69609,19.99
70218,19.99
59206,19.99
69901,19.99
95777,19.98
10288,19.98
17381,19.98
26982,19.98
40278,19.98
57401,19.98
75966,19.98
76287,19.98
82720,19.98
91743,19.98
95438,19.98
7282,19.97
15340,19.97
15820,19.97
17398,19.97
68113,19.97
73161,19.97
88802,19.97
53064,19.95
90441,19.95
2402,19.95
2491,19.95
8664,19.95
13387,19.95
14386,19.95
17264,19.95
17611,19.95
18989,19.95
27916,19.95
29319,19.95
31246,19.95
32410,19.95
33426,19.95
34527,19.95
35060,19.95
38190,19.95
38209,19.95
40000,19.95
58829,19.95
45887,19.95
46707,19.95
48343,19.95
49878,19.95
63489,19.95
71706,19.95
74782,19.95
74929,19.95
75281,19.95
75670,19.95
1148,19.95
78462,19.95
80669,19.95
81913,19.95
82641,19.95
86988,19.95
87933,19.95
87997,19.95
89018,19.95
90255,19.95
95963,19.95
94054,19.95
56824,19.95
74992,19.94
38243,19.93
42975,19.93
71718,19.93
35243,19.92
5698,19.9
11726,19.9
26470,19.9
26536,19.9
30695,19.9
65162,19.9
68125,19.9
76121,19.9
86459,19.9
67840,19.9
9408,19.89
98547,19.89
29198,19.79
5110,19.79
51427,19.77
15540,19.77
61154,19.76
85533,19.7
42357,19.65
29056,19.65
34846,19.65
81759,19.61
91612,19.6
65950,19.6
49751,19.6
16904,19.6
9052,19.6
87819,19.6
23633,19.54
19464,19.54
53586,19.5
7919,19.5
41752,19.5
42021,19.5
51860,19.5
52302,19.5
2242,19.5
62220,19.5
65409,19.5
78061,19.5
88598,19.5
89950,19.5
34413,19.5
93956,19.5
94318,19.5
94850,19.5
22130,19.5
12434,19.5
41176,19.5
50655,19.49
35675,19.49
3523,19.49
82306,19.45
83282,19.45
70019,19.41
9436,19.41
96851,19.39
56913,19.39
48714,19.39
23874,19.38
21670,19.37
23423,19.36
59553,19.3
7682,19.29
19546,19.28
60418,19.27
75594,19.26
6347,19.24
85920,19.21
97903,19.2
44923,19.2
12472,19.2
39591,19.17
23070,19.16
76704,19.14
59428,19.11
8237,19.1
58948,19.08
93802,19.0
6583,19.0
74020,19.0
91976,19.0
87248,19.0
82534,19.0
77120,19.0
74994,19.0
74757,19.0
66625,19.0
64804,19.0
63204,19.0
63182,19.0
62440,19.0
55339,19.0
45029,19.0
39942,19.0
38175,19.0
35091,19.0
27855,19.0
25636,19.0
23378,19.0
21845,19.0
21177,19.0
13805,19.0
96249,19.0
12742,19.0
6075,19.0
55483,18.99
8395,18.99
65265,18.99
67137,18.99
67590,18.99
67997,18.99
74449,18.99
78325,18.99
81010,18.99
85010,18.99
87636,18.99
88516,18.99
90541,18.99
94281,18.99
63761,18.99
59077,18.99
56546,18.99
55166,18.99
53642,18.99
49601,18.99
48491,18.99
43216,18.99
42623,18.99
37917,18.99
32727,18.99
32148,18.99
27969,18.99
26842,18.99
24619,18.99
24438,18.99
16936,18.99
16808,18.99
48042,18.99
65580,18.99
9723,18.99
65118,18.99
41538,18.98
81866,18.98
33590,18.98
31294,18.98
33811,18.97
1057,18.96
66058,18.96
95008,18.95
87845,18.95
82893,18.95
81243,18.95
71240,18.95
63768,18.95
61209,18.95
52417,18.95
48374,18.95
47400,18.95
12609,18.95
23344,18.95
99180,18.95
26601,18.95
51320,18.94
13447,18.94
24993,18.94
31978,18.93
90329,18.92
5094,18.92
45817,18.9
38638,18.9
35365,18.9
52764,18.89
89527,18.88
37344,18.88
49082,18.83
66998,18.8
54550,18.8
42502,18.78
93245,18.77
45481,18.76
67230,18.75
14890,18.75
11678,18.75
17838,18.72
3320,18.71
31866,18.71
78450,18.7
89411,18.65
121,18.65
58319,18.62
44690,18.62
39709,18.62
19346,18.62
9210,18.62
63004,18.61
8299,18.6
84024,18.59
57952,18.59
80359,18.58
68893,18.57
39015,18.54
19166,18.54
48726,18.53
86582,18.5
95198,18.5
95184,18.5
81748,18.5
80038,18.5
76836,18.5
74209,18.5
68078,18.5
65424,18.5
35625,18.5
30891,18.5
27628,18.5
27248,18.5
22357,18.5
18116,18.5
17461,18.5
9558,18.5
70646,18.48
92575,18.42
58384,18.4
79659,18.35
92445,18.32
57712,18.32
38572,18.3
17876,18.3
55372,18.27
28634,18.27
30035,18.2
77487,18.15
86783,18.1
76171,18.1
30945,18.1
24598,18.1
4809,18.1
86096,18.08
55243,18.08
13615,18.08
50281,18.06
48461,18.06
51302,18.02
81390,18.02
81377,18.0
20923,18.0
5031,18.0
6454,18.0
82375,18.0
83124,18.0
84171,18.0
84521,18.0
85899,18.0
87097,18.0
87862,18.0
89697,18.0
91499,18.0
93865,18.0
94494,18.0
96300,18.0
97300,18.0
97604,18.0
98441,18.0
98606,18.0
98926,18.0
69611,18.0
76270,18.0
69313,18.0
69139,18.0
67176,18.0
66641,18.0
65948,18.0
64774,18.0
79088,18.0
70139,18.0
64466,18.0
63700,18.0
63406,18.0
62965,18.0
61876,18.0
76278,18.0
77064,18.0
59346,18.0
56739,18.0
55459,18.0
55241,18.0
54805,18.0
52975,18.0
49831,18.0
48928,18.0
48849,18.0
48363,18.0
47188,18.0
73481,18.0
44187,18.0
43690,18.0
42291,18.0
41557,18.0
41244,18.0
35916,18.0
34241,18.0
31848,18.0
30915,18.0
27926,18.0
27487,18.0
26441,18.0
25722,18.0
137,18.0
296,18.0
1663,18.0
3034,18.0
3072,18.0
4443,18.0
4872,18.0
25711,18.0
5644,18.0
25610,18.0
78419,18.0
11260,18.0
11550,18.0
14186,18.0
14197,18.0
18706,18.0
18754,18.0
22622,18.0
68959,17.99
10113,17.99
67232,17.99
99970,17.99
99811,17.99
97488,17.99
95336,17.99
31960,17.99
94331,17.99
93019,17.99
91617,17.99
91523,17.99
89271,17.99
85723,17.99
84552,17.99
83334,17.99
81312,17.99
80682,17.99
78804,17.99
77636,17.99
77489,17.99
76857,17.99
75631,17.99
70908,17.99
70777,17.99
69890,17.99
69651,17.99
1009,17.99
3219,17.99
4318,17.99
5358,17.99
7264,17.99
1305,17.99
10706,17.99
10985,17.99
69338,17.99
14009,17.99
18756,17.99
23006,17.99
23705,17.99
26330,17.99
29760,17.99
30257,17.99
30655,17.99
33046,17.99
37330,17.99
38913,17.99
40213,17.99
41092,17.99
43549,17.99
48792,17.99
54451,17.99
54923,17.99
56397,17.99
57000,17.99
57482,17.99
59326,17.99
8749,17.99
10492,17.99
64987,17.99
97572,17.98
24779,17.98
63473,17.98
49288,17.98
50857,17.98
38351,17.98
978,17.97
14698,17.97
17716,17.97
92853,17.97
93963,17.97
96647,17.97
42469,17.95
43294,17.95
11400,17.95
16672,17.95
9743,17.95
4677,17.95
683,17.95
84,17.95
95490,17.95
91029,17.95
79147,17.95
73956,17.95
70494,17.95
31689,17.95
67240,17.95
67185,17.95
64410,17.95
61086,17.95
57564,17.95
38446,17.95
50861,17.95
48462,17.95
48231,17.95
48106,17.95
43385,17.95
13069,17.95
13936,17.9
3408,17.9
80366,17.9
71886,17.9
58290,17.9
47403,17.9
28034,17.9
20437,17.88
73105,17.85
17007,17.85
63873,17.84
59979,17.84
38509,17.84
26848,17.8
16540,17.8
73153,17.75
77716,17.75
42571,17.71
99314,17.69
54293,17.69
44375,17.66
44059,17.66
16532,17.63
41421,17.59
17726,17.58
77565,17.56
35435,17.5
59981,17.5
23958,17.5
20120,17.5
15064,17.5
6177,17.5
47657,17.5
48331,17.5
59142,17.5
98331,17.5
92790,17.5
92488,17.5
92416,17.5
89519,17.5
85116,17.5
81181,17.5
79347,17.5
79197,17.5
75346,17.5
69384,17.5
62608,17.5
24231,17.5
1744,17.49
80886,17.49
97749,17.48
4049,17.45
10017,17.45
94368,17.39
31601,17.38
74289,17.32
57615,17.32
9708,17.32
18804,17.31
3296,17.27
62388,17.26
40618,17.25
69457,17.24
57599,17.18
65614,17.15
17080,17.15
20435,17.05
56417,17.05
77369,17.05
61556,17.04
82780,17.04
73232,17.0
2247,17.0
425,17.0
2025,17.0
98438,17.0
88423,17.0
85835,17.0
75620,17.0
74249,17.0
62857,17.0
62043,17.0
60549,17.0
60211,17.0
75537,17.0
47824,17.0
33845,17.0
27117,17.0
14395,17.0
12225,17.0
11849,17.0
7393,17.0
6054,17.0
31883,16.99
13115,16.99
5917,16.99
99664,16.99
97793,16.99
96888,16.99
87123,16.99
83988,16.99
82878,16.99
80734,16.99
80589,16.99
78978,16.99
78778,16.99
75520,16.99
72948,16.99
71865,16.99
71121,16.99
70878,16.99
69951,16.99
66997,16.99
63692,16.99
63493,16.99
60548,16.99
60004,16.99
59513,16.99
58053,16.99
51672,16.99
51540,16.99
44446,16.99
43458,16.99
40931,16.99
40522,16.99
29967,16.99
28984,16.99
28868,16.99
28775,16.99
25824,16.99
24889,16.99
18208,16.99
17658,16.99
15197,16.99
73,16.99
4067,16.99
4453,16.99
5901,16.99
40494,16.99
8426,16.99
36739,16.99
11456,16.99
8611,16.99
88393,16.98
55615,16.98
51794,16.98
50462,16.98
12241,16.98
93524,16.97
6866,16.97
5965,16.97
5880,16.96
40717,16.95
340,16.95
37654,16.95
97639,16.95
95685,16.95
93084,16.95
90810,16.95
80223,16.95
77597,16.95
77190,16.95
76860,16.95
72868,16.95
65346,16.95
65108,16.95
58952,16.95
58447,16.95
57539,16.95
56602,16.95
56250,16.95
56050,16.95
48328,16.95
48266,16.95
41884,16.95
4878,16.95
25570,16.95
37492,16.95
31813,16.95
31630,16.95
37536,16.95
31484,16.95
20167,16.95
16252,16.95
10349,16.95
40735,16.95
23785,16.95
50733,16.91
41680,16.9
42563,16.9
50675,16.9
59387,16.9
68575,16.9
73858,16.9
39414,16.9
5756,16.9
96922,16.88
78283,16.88
60542,16.88
5921,16.85
14478,16.85
99033,16.8
97426,16.8
36102,16.8
26255,16.8
18978,16.8
32579,16.79
54564,16.78
9364,16.78
8885,16.78
2406,16.75
99270,16.75
90124,16.75
64198,16.75
48484,16.75
47720,16.75
43111,16.75
23327,16.75
15273,16.75
2163,16.74
10206,16.74
81754,16.7
81959,16.69
45729,16.67
80492,16.66
76299,16.66
72862,16.66
76109,16.63
40962,16.6
86454,16.59
80684,16.59
80461,16.57
30396,16.57
20890,16.57
79570,16.52
27042,16.52
93087,16.5
83087,16.5
57606,16.5
56793,16.5
19780,16.5
10486,16.5
7627,16.5
7209,16.5
2754,16.5
23768,16.5
84933,16.45
27521,16.45
18321,16.45
64141,16.44
28429,16.44
51336,16.43
80996,16.42
77557,16.42
25903,16.42
56219,16.38
39841,16.38
37109,16.38
30455,16.38
31506,16.37
13504,16.36
80824,16.34
34631,16.28
10721,16.26
45576,16.26
39983,16.26
77222,16.25
19018,16.25
12475,16.25
64802,16.24
27886,16.24
19265,16.24
98052,16.22
66209,16.21
25076,16.21
5843,16.21
5046,16.21
40572,16.2
87305,16.2
21943,16.19
53198,16.19
54135,16.16
94678,16.12
7037,16.1
64665,16.1
10662,16.08
35986,16.06
1408,16.02
84466,16.01
24238,16.01
52109,16.0
66586,16.0
67289,16.0
73316,16.0
77121,16.0
78465,16.0
81330,16.0
82995,16.0
67404,16.0
83741,16.0
84429,16.0
85817,16.0
89277,16.0
89444,16.0
89597,16.0
93235,16.0
93520,16.0
97531,16.0
48395,16.0
57983,16.0
52639,16.0
63972,16.0
3510,16.0
3785,16.0
4619,16.0
4678,16.0
5588,16.0
6012,16.0
6245,16.0
8753,16.0
8905,16.0
10243,16.0
11357,16.0
12439,16.0
13733,16.0
14789,16.0
18924,16.0
18966,16.0
19669,16.0
23630,16.0
25100,16.0
26406,16.0
27124,16.0
27677,16.0
28704,16.0
32126,16.0
32965,16.0
33081,16.0
35346,16.0
36254,16.0
38377,16.0
39895,16.0
41026,16.0
41650,16.0
42258,16.0
43636,16.0
45713,16.0
46969,16.0
65832,16.0
62454,16.0
60782,16.0
52964,16.0
53055,16.0
71223,16.0
72242,16.0
66582,16.0
7576,15.99
75911,15.99
7050,15.99
44077,15.99
2112,15.99
67787,15.99
68741,15.99
69382,15.99
65529,15.99
61208,15.99
59714,15.99
53964,15.99
51602,15.99
46828,15.99
69391,15.99
42860,15.99
39431,15.99
39225,15.99
73403,15.99
35616,15.99
35096,15.99
31412,15.99
27458,15.99
24131,15.99
22898,15.99
22491,15.99
20530,15.99
16436,15.99
11031,15.99
69427,15.99
10887,15.99
216,15.99
1054,15.99
1485,15.99
99196,15.99
99031,15.99
97548,15.99
96080,15.99
95475,15.99
94716,15.99
71482,15.99
90634,15.99
87969,15.99
79575,15.99
78541,15.99
77476,15.99
65609,15.99
72476,15.98
60885,15.98
62118,15.98
76615,15.98
46544,15.97
16764,15.95
80678,15.95
56993,15.95
99220,15.95
42694,15.95
89063,15.95
88914,15.95
86971,15.95
84845,15.95
83283,15.95
41919,15.95
82948,15.95
41386,15.95
37639,15.95
36588,15.95
21119,15.95
18613,15.95
60050,15.95
70351,15.95
75921,15.95
44325,15.95
68472,15.95
81629,15.94
95390,15.94
80728,15.94
74931,15.9
74903,15.9
74362,15.9
71674,15.9
57234,15.9
54791,15.9
42497,15.9
27627,15.9
24141,15.9
16661,15.9
12138,15.9
78313,15.9
11582,15.9
2640,15.9
38685,15.88
12548,15.86
87765,15.75
81983,15.75
64758,15.75
65026,15.75
43879,15.75
22389,15.75
33364,15.72
78555,15.71
4765,15.7
35575,15.67
30749,15.67
27424,15.67
14118,15.67
43171,15.67
18048,15.64
7193,15.64
10851,15.64
34591,15.6
20908,15.6
84320,15.56
99757,15.5
32463,15.5
26661,15.5
52475,15.47
82359,15.44
69119,15.44
98969,15.39
39199,15.38
78040,15.31
56576,15.31
5765,15.31
46492,15.3
3838,15.3
39493,15.3
83536,15.3
79742,15.28
80749,15.28
75831,15.28
71550,15.28
50970,15.28
97111,15.27
91344,15.27
29510,15.27
15464,15.27
53226,15.25
67174,15.24
22301,15.24
97183,15.21
85035,15.21
21701,15.21
95113,15.16
49811,15.16
7871,15.16
39911,15.13
88697,15.09
78420,15.08
96551,15.06
52578,15.05
26779,15.05
14020,15.05
9367,15.05
17865,15.0
53151,15.0
321,15.0
1099,15.0
4331,15.0
4510,15.0
5898,15.0
7637,15.0
7943,15.0
8627,15.0
10446,15.0
11149,15.0
11349,15.0
11914,15.0
11930,15.0
12242,15.0
13076,15.0
14167,15.0
15131,15.0
15880,15.0
18560,15.0
19260,15.0
19569,15.0
19813,15.0
19948,15.0
20628,15.0
22390,15.0
23371,15.0
23520,15.0
26936,15.0
27005,15.0
27732,15.0
29231,15.0
29644,15.0
31924,15.0
34502,15.0
36123,15.0
36579,15.0
40109,15.0
40854,15.0
41579,15.0
43044,15.0
44671,15.0
45349,15.0
46123,15.0
46317,15.0
46477,15.0
47220,15.0
51094,15.0
52100,15.0
53857,15.0
54827,15.0
55368,15.0
56109,15.0
56336,15.0
58159,15.0
60727,15.0
64896,15.0
65795,15.0
66938,15.0
68005,15.0
68987,15.0
69803,15.0
70214,15.0
70521,15.0
71063,15.0
71249,15.0
75244,15.0
75356,15.0
75953,15.0
79087,15.0
79306,15.0
79345,15.0
79599,15.0
80499,15.0
82945,15.0
83195,15.0
83794,15.0
83878,15.0
85547,15.0
87752,15.0
88848,15.0
91166,15.0
91282,15.0
91991,15.0
92108,15.0
94207,15.0
94972,15.0
99312,15.0
52791,15.0
17917,15.0
2,15.0
3249,14.99
8459,14.99
359,14.99
40548,14.99
99990,14.99
99817,14.99
98607,14.99
98208,14.99
98074,14.99
97746,14.99
97744,14.99
93492,14.99
92494,14.99
91598,14.99
91109,14.99
90762,14.99
89819,14.99
4840,14.99
86101,14.99
85808,14.99
83976,14.99
83097,14.99
81947,14.99
81730,14.99
80962,14.99
5952,14.99
79967,14.99
78523,14.99
77794,14.99
76398,14.99
76292,14.99
75802,14.99
75298,14.99
75057,14.99
72130,14.99
68715,14.99
68624,14.99
67772,14.99
67677,14.99
67243,14.99
66958,14.99
66294,14.99
63855,14.99
62541,14.99
62065,14.99
7014,14.99
60931,14.99
60516,14.99
59371,14.99
58885,14.99
7279,14.99
58809,14.99
56349,14.99
56339,14.99
54350,14.99
52995,14.99
52658,14.99
51235,14.99
48925,14.99
48822,14.99
48687,14.99
47774,14.99
47389,14.99
47019,14.99
45156,14.99
45048,14.99
44449,14.99
43267,14.99
41569,14.99
38818,14.99
38682,14.99
38492,14.99
38425,14.99
38269,14.99
37409,14.99
36831,14.99
34261,14.99
29309,14.99
28439,14.99
26672,14.99
26487,14.99
25727,14.99
24954,14.99
23144,14.99
22563,14.99
22435,14.99
22373,14.99
21009,14.99
20875,14.99
18581,14.99
7842,14.99
18141,14.99
18077,14.99
17855,14.99
16962,14.99
16650,14.99
16349,14.99
15414,14.99
14597,14.99
3766,14.99
41231,14.99
8323,14.99
13610,14.99
12645,14.99
40685,14.99
61702,14.98
900,14.98
92420,14.98
9012,14.98
59067,14.98
53533,14.98
53330,14.98
44090,14.98
41638,14.98
39968,14.98
28104,14.98
27717,14.98
20790,14.98
15182,14.98
13821,14.98
88870,14.97
4961,14.97
28783,14.97
69002,14.97
81067,14.97
95994,14.97
28109,14.96
61125,14.95
80822,14.95
51487,14.95
53062,14.95
53938,14.95
41024,14.95
64400,14.95
68557,14.95
73451,14.95
73965,14.95
75977,14.95
76125,14.95
82866,14.95
83662,14.95
86637,14.95
86706,14.95
94906,14.95
95183,14.95
96454,14.95
36360,14.95
35874,14.95
29890,14.95
22567,14.95
18744,14.95
16773,14.95
12913,14.95
12437,14.95
11279,14.95
11095,14.95
5991,14.95
41493,14.95
33068,14.9
19253,14.9
53692,14.9
4103,14.9
42658,14.9
40846,14.9
37134,14.9
34733,14.9
8418,14.9
31571,14.9
31093,14.87
10800,14.87
88386,14.84
35117,14.82
4576,14.82
52930,14.82
99754,14.81
91408,14.81
14548,14.81
58848,14.79
56636,14.79
12348,14.78
1775,14.78
26494,14.75
27948,14.74
34134,14.72
60791,14.71
42441,14.7
11578,14.7
16903,14.69
85278,14.65
19611,14.63
43036,14.63
85745,14.61
6110,14.6
40574,14.6
72480,14.59
88403,14.59
84516,14.57
15515,14.57
31527,14.57
43651,14.55
76231,14.54
40843,14.5
6790,14.5
10899,14.5
84816,14.5
31191,14.5
31519,14.5
80928,14.5
90311,14.5
45627,14.5
48261,14.5
50050,14.5
52612,14.5
53792,14.5
66236,14.5
72831,14.5
78507,14.5
94997,14.5
88066,14.49
46418,14.49
27592,14.49
54372,14.48
4052,14.48
66743,14.47
76868,14.43
77273,14.41
43661,14.4
92145,14.4
71962,14.4
43512,14.4
44928,14.4
13123,14.4
61852,14.4
59127,14.38
10525,14.36
31511,14.34
36731,14.29
29970,14.27
62634,14.25
66331,14.24
83458,14.23
96561,14.23
15702,14.22
73801,14.21
76526,14.21
63295,14.2
46643,14.2
6077,14.2
75237,14.17
58782,14.15
41984,14.15
89322,14.14
82617,14.13
53238,14.12
98565,14.09
78617,14.07
76330,14.07
27742,14.07
12981,14.07
83863,14.05
83205,14.02
13905,14.02
739,14.0
26428,14.0
24263,14.0
17585,14.0
27544,14.0
28375,14.0
30548,14.0
32261,14.0
33048,14.0
40394,14.0
41757,14.0
44376,14.0
48723,14.0
49111,14.0
50122,14.0
51584,14.0
51608,14.0
51736,14.0
53941,14.0
54083,14.0
54808,14.0
56037,14.0
56807,14.0
65667,14.0
67467,14.0
68166,14.0
70110,14.0
72179,14.0
83464,14.0
84774,14.0
85281,14.0
91534,14.0
92247,14.0
94272,14.0
94937,14.0
95386,14.0
96983,14.0
97467,14.0
98517,14.0
16236,14.0
13472,14.0
10900,14.0
9552,14.0
9172,14.0
3655,14.0
3498,14.0
2987,14.0
2010,14.0
24691,14.0
26809,14.0
19326,14.0
73100,13.99
90837,13.99
66915,13.99
67440,13.99
67546,13.99
67558,13.99
70223,13.99
71500,13.99
74682,13.99
75088,13.99
78173,13.99
79525,13.99
59598,13.99
80891,13.99
81162,13.99
83024,13.99
59385,13.99
51539,13.99
48385,13.99
47480,13.99
44933,13.99
42541,13.99
39275,13.99
38284,13.99
37956,13.99
34635,13.99
32707,13.99
29837,13.99
26647,13.99
20745,13.99
18044,13.99
83312,13.99
18000,13.99
16675,13.99
15846,13.99
15593,13.99
13788,13.99
11305,13.99
11024,13.99
9837,13.99
9400,13.99
9322,13.99
6350,13.99
87748,13.99
4965,13.99
94967,13.99
1964,13.99
1564,13.99
94618,13.99
94517,13.99
93710,13.99
66274,13.99
63658,13.99
98686,13.99
19945,13.98
3329,13.98
24652,13.97
30603,13.97
30826,13.97
43082,13.97
99448,13.97
68771,13.96
27279,13.95
56097,13.95
38219,13.95
37377,13.95
27590,13.95
56566,13.95
67238,13.95
23450,13.95
95489,13.95
20947,13.95
19336,13.95
17312,13.95
238,13.95
97412,13.95
19331,13.94
86677,13.93
51686,13.93
73285,13.93
62941,13.92
37862,13.92
66300,13.92
23930,13.9
6984,13.9
36622,13.9
62783,13.9
48119,13.89
28404,13.89
46331,13.87
29505,13.87
85339,13.82
83902,13.82
81475,13.82
94279,13.81
32003,13.81
3363,13.81
55820,13.8
51609,13.8
18668,13.8
99382,13.79
61269,13.79
48076,13.79
8446,13.79
35976,13.78
12174,13.77
59641,13.76
26073,13.76
59376,13.76
21072,13.75
96969,13.75
37041,13.74
64619,13.74
46133,13.73
11587,13.73
51356,13.72
37237,13.72
42989,13.72
74291,13.72
37506,13.71
99900,13.71
93459,13.71
21618,13.7
68107,13.67
25204,13.67
29196,13.66
99433,13.65
43352,13.64
71725,13.62
10449,13.61
43612,13.6
25743,13.6
1614,13.6
64216,13.6
53366,13.6
56378,13.59
47783,13.59
11193,13.57
19139,13.54
96065,13.52
79330,13.52
5767,13.5
86332,13.5
84755,13.5
83895,13.5
74752,13.5
68256,13.5
96819,13.5
63117,13.5
62517,13.5
99534,13.5
60979,13.5
58356,13.5
48843,13.5
47612,13.5
32991,13.5
29460,13.5
20905,13.5
9515,13.5
28897,13.49
77057,13.49
8160,13.49
42676,13.49
34188,13.49
93910,13.49
1575,13.49
72419,13.49
45232,13.49
91555,13.45
45338,13.43
43543,13.42
35734,13.42
75574,13.39
18881,13.39
32253,13.38
96258,13.37
40224,13.35
9425,13.35
7896,13.35
3351,13.34
71407,13.33
18714,13.31
68438,13.31
63784,13.3
25465,13.3
23385,13.3
23999,13.29
27988,13.28
62890,13.26
32130,13.26
863,13.26
9951,13.25
25139,13.23
40984,13.22
85833,13.2
74751,13.2
74913,13.14
70846,13.12
96409,13.07
32983,13.05
10819,13.05
655,13.05
13273,13.04
4414,13.02
73526,13.02
6636,13.01
77245,13.01
42783,13.0
38150,13.0
94881,13.0
89868,13.0
86616,13.0
25773,13.0
85895,13.0
79068,13.0
73263,13.0
71213,13.0
20486,13.0
69806,13.0
20457,13.0
27436,13.0
28825,13.0
29833,13.0
64138,13.0
52107,13.0
48829,13.0
19216,13.0
14550,13.0
8167,13.0
32566,13.0
5420,13.0
3432,13.0
1308,13.0
1638,13.0
2502,13.0
1941,13.0
23407,13.0
99597,12.99
97628,12.99
5671,12.99
9863,12.99
11119,12.99
99324,12.99
15174,12.99
806,12.99
17379,12.99
4935,12.99
5511,12.99
2864,12.99
22164,12.99
99210,12.99
22290,12.99
99082,12.99
98780,12.99
22324,12.99
23116,12.99
23897,12.99
24565,12.99
24981,12.99
26003,12.99
26241,12.99
26729,12.99
27221,12.99
27731,12.99
29951,12.99
29968,12.99
34010,12.99
35305,12.99
35462,12.99
36311,12.99
99967,12.99
37150,12.99
37993,12.99
38481,12.99
39628,12.99
40857,12.99
42115,12.99
43553,12.99
49310,12.99
49764,12.99
49934,12.99
50842,12.99
54191,12.99
54220,12.99
54329,12.99
54681,12.99
58360,12.99
64786,12.99
65538,12.99
65541,12.99
66037,12.99
66813,12.99
69463,12.99
70999,12.99
71465,12.99
72248,12.99
72691,12.99
74456,12.99
77377,12.99
79252,12.99
79503,12.99
79590,12.99
80436,12.99
80823,12.99
80857,12.99
84832,12.99
86253,12.99
87455,12.99
88309,12.99
90598,12.99
90611,12.99
90891,12.99
91602,12.99
91772,12.99
96814,12.99
6511,12.99
1888,12.98
14422,12.98
16246,12.98
60463,12.98
61872,12.98
82840,12.98
66913,12.97
35406,12.97
73781,12.97
28933,12.97
26204,12.97
9683,12.97
1673,12.97
84944,12.96
90503,12.95
58135,12.95
58021,12.95
47078,12.95
46973,12.95
40250,12.95
36885,12.95
35469,12.95
29444,12.95
26676,12.95
22014,12.95
19740,12.95
4914,12.95
58900,12.94
79421,12.92
33030,12.91
22075,12.91
86126,12.91
8388,12.9
95174,12.9
66860,12.9
58103,12.9
53962,12.9
51457,12.9
18504,12.9
10752,12.89
36307,12.86
54503,12.83
47491,12.83
78280,12.83
28734,12.83
4479,12.83
92176,12.8
81986,12.8
81544,12.8
79587,12.8
73044,12.8
58271,12.8
53528,12.8
43192,12.8
40813,12.8
26143,12.8
12697,12.8
8754,12.8
2389,12.8
37517,12.79
36430,12.75
80803,12.75
36576,12.75
1734,12.75
22046,12.74
15644,12.74
89003,12.74
83449,12.72
46460,12.72
25090,12.71
96246,12.67
84182,12.66
67518,12.65
35391,12.65
30023,12.64
46805,12.64
37364,12.64
91836,12.64
11785,12.64
95597,12.64
60840,12.63
55355,12.63
95566,12.61
83514,12.61
77228,12.61
81536,12.6
78895,12.59
31900,12.56
44926,12.55
9449,12.53
25170,12.51
34555,12.51
15289,12.51
9007,12.51
28626,12.51
52879,12.5
93035,12.5
88970,12.5
86424,12.5
81140,12.5
71252,12.5
94307,12.5
95899,12.5
30130,12.5
8077,12.5
67995,12.5
27720,12.49
24686,12.49
8958,12.49
94838,12.48
11064,12.48
20480,12.45
65489,12.45
43815,12.43
41901,12.42
65826,12.39
72040,12.39
93217,12.38
76514,12.38
755,12.38
1252,12.37
60833,12.37
28940,12.36
4440,12.35
64013,12.3
35731,12.3
70401,12.25
25439,12.25
7339,12.25
59183,12.24
40252,12.24
51195,12.23
31509,12.23
54377,12.22
70433,12.21
63982,12.21
11071,12.21
79613,12.21
79891,12.2
36094,12.2
7654,12.2
7502,12.2
3159,12.2
55204,12.14
36941,12.14
4887,12.14
25143,12.1
6019,12.1
96767,12.09
42442,12.08
5568,12.06
98986,12.0
50918,12.0
27618,12.0
26850,12.0
25122,12.0
87791,12.0
24195,12.0
23925,12.0
23597,12.0
23483,12.0
89854,12.0
21232,12.0
20898,12.0
17259,12.0
16726,12.0
90137,12.0
16079,12.0
16074,12.0
92325,12.0
15508,12.0
15074,12.0
14389,12.0
13608,12.0
13225,12.0
11485,12.0
11253,12.0
10860,12.0
10196,12.0
94503,12.0
9599,12.0
9355,12.0
8318,12.0
4124,12.0
3389,12.0
2690,12.0
108,12.0
53813,12.0
43686,12.0
54233,12.0
56314,12.0
56953,12.0
95883,12.0
27698,12.0
58113,12.0
96050,12.0
28667,12.0
59235,12.0
59874,12.0
65756,12.0
38858,12.0
66021,12.0
66756,12.0
79406,12.0
68873,12.0
87011,12.0
69460,12.0
70199,12.0
70429,12.0
78116,12.0
30944,12.0
37457,12.0
74056,12.0
98188,12.0
77585,12.0
99497,12.0
99079,12.0
74160,12.0
75740,12.0
35862,12.0
35400,12.0
32841,12.0
32088,12.0
32012,12.0
31610,12.0
52426,12.0
49123,12.0
50391,12.0
57786,11.99
58611,11.99
51280,11.99
51210,11.99
61735,11.99
50782,11.99
50712,11.99
50508,11.99
62792,11.99
64860,11.99
46776,11.99
44864,11.99
43298,11.99
42234,11.99
41551,11.99
40737,11.99
40666,11.99
37340,11.99
35667,11.99
34229,11.99
67213,11.99
31403,11.99
30838,11.99
26605,11.99
26584,11.99
25336,11.99
25248,11.99
23906,11.99
23549,11.99
21206,11.99
67543,11.99
18535,11.99
18374,11.99
18339,11.99
17559,11.99
17388,11.99
12455,11.99
12266,11.99
11636,11.99
8844,11.99
67730,11.99
7190,11.99
6033,11.99
4558,11.99
3518,11.99
1382,11.99
69309,11.99
70428,11.99
71219,11.99
72219,11.99
72860,11.99
74267,11.99
77771,11.99
79936,11.99
81063,11.99
83253,11.99
84268,11.99
84502,11.99
84678,11.99
84858,11.99
84931,11.99
85465,11.99
86277,11.99
86418,11.99
86542,11.99
88360,11.99
91365,11.99
91801,11.99
94324,11.99
95985,11.99
97852,11.99
98091,11.99
99914,11.99
54442,11.99
56726,11.99
55834,11.99
35042,11.98
9774,11.98
77357,11.98
85471,11.98
85151,11.98
3124,11.98
30438,11.96
2071,11.96
52779,11.96
12593,11.95
2626,11.95
98128,11.95
93702,11.95
88676,11.95
87189,11.95
66009,11.95
63453,11.95
53911,11.95
50828,11.95
38360,11.95
42704,11.95
6390,11.95
37565,11.95
39378,11.95
32496,11.95
14834,11.95
77553,11.94
48036,11.94
48487,11.92
34079,11.9
36751,11.9
45587,11.9
45982,11.9
78602,11.9
84344,11.9
97383,11.9
43334,11.88
77275,11.88
86212,11.88
99975,11.88
2304,11.86
20612,11.86
5335,11.85
35021,11.85
55007,11.81
4040,11.79
24271,11.78
69939,11.78
57106,11.78
2896,11.77
75067,11.76
3653,11.73
77472,11.71
36584,11.7
87530,11.69
53281,11.68
47077,11.68
10371,11.68
83246,11.66
19102,11.66
41061,11.63
13452,11.63
37831,11.58
11291,11.57
62960,11.57
63539,11.57
97950,11.57
18935,11.57
71354,11.55
25921,11.53
28389,11.53
97719,11.53
44954,11.52
17366,11.51
20935,11.51
85133,11.51
26693,11.5
11182,11.49
21855,11.49
59259,11.49
51204,11.49
12808,11.47
16670,11.47
49985,11.44
47652,11.44
91547,11.44
6961,11.44
80649,11.41
51075,11.41
54088,11.4
29992,11.4
28772,11.4
62759,11.38
43450,11.38
35759,11.38
97697,11.37
62771,11.37
53847,11.37
30069,11.35
43402,11.35
34759,11.35
81123,11.33
20970,11.33
1390,11.32
78312,11.28
3391,11.28
40977,11.28
70601,11.25
54786,11.25
52540,11.25
38113,11.25
29121,11.25
22801,11.25
22146,11.25
14679,11.25
21221,11.22
19527,11.22
83702,11.21
86400,11.16
58735,11.16
93919,11.16
14325,11.14
22544,11.13
26042,11.13
48998,11.13
62964,11.12
64599,11.12
24242,11.1
46648,11.09
96544,11.09
80936,11.08
33741,11.06
27045,11.03
40321,11.03
79303,11.01
4675,11.01
51749,11.0
6773,11.0
29407,11.0
44405,11.0
5633,11.0
82553,11.0
90726,11.0
80194,11.0
3531,11.0
75235,11.0
60443,11.0
56740,11.0
27401,11.0
31451,11.0
18255,11.0
42220,11.0
61398,10.99
63031,10.99
47758,10.99
46612,10.99
46352,10.99
64876,10.99
37829,10.99
35040,10.99
28930,10.99
26337,10.99
70804,10.99
23505,10.99
20559,10.99
19771,10.99
16612,10.99
13979,10.99
13552,10.99
12670,10.99
11896,10.99
11630,10.99
6007,10.99
3206,10.99
73132,10.99
2609,10.99
1324,10.99
73892,10.99
76646,10.99
78290,10.99
83720,10.99
86832,10.99
88899,10.99
97497,10.99
89390,10.99
90288,10.99
93991,10.99
23598,10.99
33035,10.98
41089,10.98
59589,10.98
54183,10.98
47490,10.98
22976,10.97
59128,10.97
44291,10.97
28951,10.97
51959,10.95
25172,10.95
19101,10.95
54129,10.95
34454,10.94
80530,10.9
99013,10.9
16712,10.89
83492,10.89
83433,10.89
83300,10.88
73303,10.88
35768,10.88
24809,10.88
22755,10.88
95211,10.87
40905,10.87
50690,10.82
2675,10.8
48497,10.8
53989,10.8
99293,10.8
41190,10.8
82481,10.79
20259,10.78
17962,10.78
82234,10.78
76990,10.75
86460,10.7
45260,10.7
69646,10.7
27574,10.69
25488,10.69
35089,10.69
48671,10.69
72216,10.69
2744,10.65
1758,10.63
1135,10.63
48965,10.62
81780,10.56
51179,10.56
1834,10.55
40430,10.51
94834,10.5
79919,10.5
70243,10.5
65905,10.5
64843,10.5
59357,10.5
53096,10.5
49739,10.5
49315,10.5
47983,10.5
36792,10.5
33136,10.5
32782,10.5
32192,10.5
27041,10.5
10611,10.5
14003,10.49
86421,10.49
83832,10.49
46036,10.48
15077,10.45
8782,10.45
76061,10.43
67102,10.41
35682,10.41
93252,10.4
4122,10.39
64704,10.38
35231,10.38
7601,10.38
79618,10.35
47961,10.31
29825,10.27
19768,10.27
22410,10.22
68391,10.2
71874,10.19
69714,10.18
8038,10.17
38224,10.17
81979,10.17
38786,10.12
66165,10.11
56958,10.11
28689,10.11
94111,10.11
78067,10.11
90310,10.1
63716,10.1
42762,10.1
45699,10.1
76185,10.07
41848,10.07
24323,10.07
73680,10.06
67459,10.06
8303,10.06
75844,10.02
2964,10.0
8612,10.0
5234,10.0
4978,10.0
3075,10.0
3032,10.0
7451,10.0
99650,10.0
99145,10.0
97794,10.0
97616,10.0
94194,10.0
93627,10.0
93417,10.0
89137,10.0
86215,10.0
85655,10.0
84677,10.0
81041,10.0
80051,10.0
78862,10.0
78776,10.0
73005,10.0
72582,10.0
70255,10.0
69933,10.0
68654,10.0
5948,10.0
67321,10.0
65526,10.0
65158,10.0
64405,10.0
64260,10.0
64075,10.0
61918,10.0
60044,10.0
58866,10.0
58754,10.0
58594,10.0
58504,10.0
58133,10.0
56866,10.0
56444,10.0
56310,10.0
55732,10.0
54534,10.0
52849,10.0
49890,10.0
48455,10.0
44659,10.0
43984,10.0
42135,10.0
39537,10.0
7159,10.0
38111,10.0
37966,10.0
37644,10.0
33948,10.0
33643,10.0
29163,10.0
27904,10.0
27857,10.0
27508,10.0
27187,10.0
27078,10.0
26280,10.0
25882,10.0
24510,10.0
22686,10.0
22079,10.0
20290,10.0
16050,10.0
14965,10.0
13500,10.0
13140,10.0
9567,10.0
9476,10.0
9126,10.0
5680,10.0
32623,9.99
26509,9.99
25844,9.99
24265,9.99
6016,9.99
6113,9.99
6225,9.99
6280,9.99
7123,9.99
14921,9.99
97246,9.99
97234,9.99
95758,9.99
94244,9.99
93070,9.99
92883,9.99
89195,9.99
88023,9.99
84854,9.99
84612,9.99
83554,9.99
82922,9.99
82400,9.99
82172,9.99
2729,9.99
16166,9.99
17863,9.99
79005,9.99
78534,9.99
77091,9.99
75507,9.99
74972,9.99
74417,9.99
73517,9.99
72913,9.99
72237,9.99
72231,9.99
70851,9.99
70665,9.99
70563,9.99
70181,9.99
68351,9.99
67579,9.99
66793,9.99
66411,9.99
65753,9.99
18357,9.99
63839,9.99
63574,9.99
62916,9.99
61172,9.99
59102,9.99
58418,9.99
53291,9.99
52858,9.99
51925,9.99
48295,9.99
22160,9.99
47815,9.99
47444,9.99
47310,9.99
2683,9.99
46693,9.99
44493,9.99
43759,9.99
43648,9.99
43277,9.99
25808,9.99
40805,9.99
39962,9.99
39023,9.99
35061,9.99
34781,9.99
33713,9.99
624,9.99
32593,9.99
29896,9.99
29747,9.99
5515,9.99
76906,9.98
67380,9.98
45141,9.98
7718,9.98
86133,9.97
85646,9.97
79911,9.97
75466,9.97
71474,9.97
68702,9.97
52562,9.97
34422,9.97
74833,9.96
65460,9.96
52244,9.95
58336,9.95
26673,9.95
53134,9.95
25670,9.95
25227,9.95
22607,9.95
22024,9.95
21102,9.95
20509,9.95
13460,9.95
10450,9.95
10403,9.95
2250,9.95
1585,9.95
1542,9.95
34181,9.95
53987,9.95
58276,9.95
99824,9.95
99753,9.95
99398,9.95
98027,9.95
92671,9.95
42212,9.95
43177,9.95
78098,9.95
71058,9.95
70347,9.95
66692,9.95
66268,9.95
61358,9.95
52052,9.95
58587,9.95
33074,9.95
46162,9.94
25668,9.93
86055,9.93
63420,9.92
43524,9.92
51068,9.92
78237,9.92
32235,9.9
90245,9.9
86147,9.9
78684,9.89
85042,9.89
4574,9.88
24819,9.85
61900,9.83
80036,9.82
92035,9.81
38780,9.81
65594,9.8
55586,9.8
37710,9.8
61512,9.79
18865,9.79
10447,9.78
13898,9.77
12098,9.76
18538,9.75
492,9.75
88642,9.68
41808,9.67
16999,9.66
85312,9.66
10152,9.65
82053,9.63
39055,9.6
44641,9.6
13295,9.59
49390,9.59
52633,9.59
1311,9.58
97272,9.56
34915,9.55
12829,9.55
52368,9.54
31841,9.54
55975,9.51
14475,9.5
80693,9.5
86733,9.5
1467,9.5
80998,9.5
28072,9.5
29898,9.5
45197,9.5
68928,9.5
76550,9.5
78039,9.5
7672,9.49
8975,9.49
45752,9.49
57369,9.49
15657,9.48
19170,9.47
61678,9.47
71814,9.45
71396,9.45
76911,9.44
31722,9.43
79785,9.41
69527,9.41
40937,9.41
13512,9.4
211,9.4
51248,9.39
8936,9.39
69164,9.38
68506,9.38
59138,9.38
55935,9.36
34522,9.36
95768,9.35
44645,9.35
31344,9.35
1856,9.35
98023,9.33
10598,9.3
8847,9.27
57747,9.27
22180,9.26
27106,9.2
78744,9.2
32537,9.19
34697,9.19
5267,9.17
29024,9.17
4551,9.16
1990,9.16
73557,9.12
69992,9.06
55266,9.06
77881,9.05
85178,9.03
82372,9.03
23366,9.02
17899,9.01
57613,9.01
93657,9.0
79207,9.0
71829,9.0
69596,9.0
67480,9.0
66592,9.0
61351,9.0
54254,9.0
47770,9.0
42980,9.0
39933,9.0
36723,9.0
31125,9.0
18678,9.0
2613,9.0
88822,9.0
69328,8.99
67675,8.99
18910,8.99
20312,8.99
59879,8.99
57930,8.99
54107,8.99
49750,8.99
60159,8.99
46521,8.99
60346,8.99
62961,8.99
42506,8.99
64718,8.99
41541,8.99
65627,8.99
41235,8.99
37668,8.99
34434,8.99
32920,8.99
31364,8.99
68927,8.99
27840,8.99
79735,8.99
82461,8.99
85595,8.99
65840,8.99
25753,8.99
85869,8.99
86848,8.99
89004,8.99
89641,8.99
91981,8.99
60132,8.99
25531,8.99
25271,8.99
95143,8.99
95900,8.99
16425,8.99
1472,8.99
66383,8.99
1922,8.99
3673,8.99
67141,8.99
4041,8.99
6802,8.99
25041,8.99
9879,8.99
11775,8.99
11803,8.99
12279,8.99
23961,8.99
73630,8.99
87500,8.98
87443,8.98
81416,8.98
66355,8.98
63409,8.98
54889,8.98
44075,8.98
28065,8.98
11151,8.98
3526,8.98
77884,8.98
22646,8.97
90562,8.96
73986,8.95
60521,8.95
12262,8.95
20938,8.95
11846,8.95
91619,8.95
83782,8.95
32116,8.95
43503,8.95
57308,8.95
76074,8.95
71019,8.95
61859,8.95
12040,8.95
80106,8.92
24644,8.91
87205,8.9
62696,8.87
83127,8.84
51080,8.84
63475,8.83
63338,8.83
57385,8.83
51246,8.82
39501,8.82
33445,8.82
26384,8.8
17250,8.79
23011,8.79
38642,8.79
91411,8.79
74732,8.78
75030,8.78
61582,8.77
29955,8.77
21212,8.75
15327,8.73
2217,8.73
75433,8.73
76356,8.73
47734,8.72
58489,8.72
41789,8.72
66250,8.67
23723,8.65
72104,8.65
51853,8.64
84117,8.64
73259,8.64
86374,8.63
59566,8.63
15585,8.61
11744,8.61
60033,8.57
58060,8.5
52626,8.5
49938,8.5
45335,8.5
42567,8.5
89351,8.5
70982,8.5
88698,8.49
19864,8.49
99481,8.49
46106,8.49
81508,8.49
37608,8.47
11157,8.47
75247,8.47
43109,8.45
95530,8.4
17638,8.39
86602,8.39
35837,8.37
47068,8.37
45286,8.35
16638,8.3
97179,8.18
23962,8.0
16646,8.0
82759,8.0
88412,8.0
94863,8.0
89512,8.0
31410,8.0
90335,8.0
3780,8.0
37552,8.0
53230,8.0
38218,8.0
4426,8.0
6635,8.0
38710,8.0
87410,8.0
39467,8.0
1440,8.0
45442,8.0
47275,8.0
66579,8.0
8883,8.0
47562,8.0
80527,8.0
49807,8.0
14204,8.0
79983,8.0
66600,8.0
99273,8.0
89662,8.0
21705,8.0
79583,8.0
69018,8.0
75954,8.0
2518,7.99
90417,7.99
99842,7.99
28639,7.99
6125,7.99
63593,7.99
96459,7.99
21049,7.99
33236,7.99
33318,7.99
34629,7.99
38252,7.99
42586,7.99
44715,7.99
48979,7.99
20786,7.99
51960,7.99
18358,7.99
55403,7.99
15328,7.99
7864,7.99
13179,7.99
8680,7.99
12965,7.99
11546,7.99
68617,7.99
73218,7.99
74909,7.99
79803,7.99
81161,7.99
81505,7.99
2111,7.99
81997,7.99
82276,7.99
11002,7.99
87407,7.99
88174,7.99
88977,7.99
89671,7.99
89908,7.99
23803,7.99
62683,7.98
39735,7.98
5491,7.98
29248,7.98
52797,7.98
17678,7.98
25672,7.98
18715,7.98
5134,7.96
72151,7.95
58821,7.95
39773,7.95
14127,7.95
8741,7.95
1218,7.95
76929,7.95
89858,7.95
92511,7.95
94409,7.95
95494,7.95
55735,7.95
69149,7.95
79028,7.91
84112,7.9
78774,7.9
54470,7.9
72137,7.87
71164,7.81
67810,7.74
95605,7.69
21963,7.69
30428,7.69
72189,7.67
752,7.56
11937,7.56
38506,7.56
97177,7.56
36754,7.52
11897,7.52
94062,7.5
70891,7.5
61119,7.5
30813,7.5
5252,7.5
5008,7.5
14081,7.5
70981,7.49
97508,7.45
80370,7.35
74401,7.34
98928,7.26
50879,7.25
45487,7.2
42342,7.16
62436,7.16
67326,7.16
92135,7.16
85135,7.13
58326,7.11
96743,7.11
84351,7.09
484,7.08
89942,7.02
52954,7.01
17115,7.01
71299,7.01
51620,7.0
23647,7.0
93037,7.0
851,7.0
92998,7.0
88764,7.0
81107,7.0
66103,7.0
38137,7.0
97396,6.99
73735,6.99
57980,6.99
56827,6.99
55953,6.99
44127,6.99
39440,6.99
36024,6.99
32519,6.99
29862,6.99
28477,6.99
25621,6.99
23679,6.99
19493,6.99
68621,6.99
17803,6.99
13482,6.99
7150,6.99
1669,6.99
96914,6.99
91081,6.99
65402,6.99
89190,6.99
86437,6.99
77727,6.99
95043,6.99
20033,6.98
36020,6.98
75652,6.97
49023,6.95
45565,6.95
10579,6.95
56391,6.95
69009,6.95
80342,6.95
92654,6.95
37269,6.94
36903,6.91
6346,6.76
58671,6.74
51879,6.74
94720,6.73
34482,6.73
42247,6.57
98051,6.5
74741,6.5
60451,6.5
56777,6.5
49640,6.5
42498,6.5
29291,6.5
18097,6.5
13569,6.5
9788,6.5
6567,6.5
99135,6.49
78187,6.49
66006,6.49
21753,6.49
58624,6.45
73906,6.41
54036,6.41
70470,6.41
29324,6.39
93269,6.39
60769,6.37
26306,6.36
24571,6.36
51781,6.0
10357,6.0
5369,6.0
12250,6.0
99987,6.0
92011,6.0
77836,6.0
77074,6.0
18930,6.0
39042,6.0
70941,6.0
68483,6.0
54008,6.0
15073,5.99
9267,5.99
72236,5.99
71932,5.99
63197,5.99
53765,5.99
2645,5.99
44191,5.99
21727,5.99
20912,5.99
1111,5.98
86432,5.95
85391,5.95
35165,5.95
28349,5.95
25467,5.95
90047,5.95
10133,5.95
82990,5.95
50984,5.94
21267,5.94
55214,5.94
47083,5.9
76134,5.9
8159,5.9
9499,5.9
97570,5.83
4654,5.83
95115,5.78
2358,5.78
8030,5.76
94803,5.64
55061,5.63
87420,5.6
58162,5.59
75633,5.5
99102,5.49
65432,5.49
16210,5.37
231,5.0
35520,5.0
27900,5.0
19568,5.0
36986,4.99
77850,4.99
83739,4.99
91289,4.99
93194,4.99
96240,4.99
73749,4.99
72520,4.99
52023,4.99
46201,4.99
15509,4.99
20350,4.99
29072,4.99
727,4.99
12691,4.97
81690,4.95
45003,4.95
10177,4.95
6055,4.95
22767,4.89
53246,4.88
65011,4.85
90691,4.73
9674,4.68
55596,4.5
31066,4.38
5667,4.38
31902,4.33
63426,4.33
65114,4.27
83419,4.27
69827,4.21
77386,4.21
17420,4.1
79978,4.1
99805,4.0
60479,3.99
16015,3.99
28968,3.99
52485,3.99
52840,3.99
57390,3.99
59942,3.99
90496,3.99
76488,3.99
70817,3.99
60296,3.95
38386,3.7
10959,3.5
39107,3.5
97118,3.5
59388,3.46
52094,3.46
7213,3.4
16618,3.29
84371,3.25
98907,3.17
16517,2.99
70396,2.99
70425,2.99
10434,2.95
32849,2.95
70261,2.95
70335,2.95
83038,2.95
14339,2.95
23169,2.78
60758,2.67
64850,1.95
26884,1.95
55144,1.82
82898,1.72