order_id,revenue_per_order
123368,0.02
21879,45.49
35475,53.48
37767,0.49
7524,1.5
40957,1.5
102862,94.95
122139,1.5
9045,146.51
40090,1.72
91374,1.72
114543,1.75
35100,1.82
55921,91.77
62242,313.82
114753,1.82
124141,80.82
25846,1.95
27763,1.95
38399,70.95
75572,1.95
78196,55.7
100206,1.95
116340,420.85
77845,31.97
89455,110.47
91156,2.5
101550,2.67
1001,52.77
15129,2.78
57458,197.88
112590,56.8
12674,182.94
13344,155.31
18327,2.95
23557,2.95
26348,2.95
27190,2.95
44320,2.95
55575,49.94
66052,72.94
80205,2.95
86186,2.95
90193,2.95
96050,92.45
101926,11.61
106698,12.95
113026,40.21
117821,26.95
118247,2.95
4044,2.99
11965,2.99
14071,46.99
24110,43.54
28872,25.99
38892,2.99
55646,2.99
59910,2.99
65418,2.99
96199,2.99
100912,91.76
103189,45.94
109957,16.87
123748,2.99
37435,112.99
72978,52.89
81291,16.04
93496,3.11
4852,3.17
61459,3.17
98906,101.6
98237,3.2
102764,33.19
19930,3.25
88908,32.25
99129,42.24
111095,3.25
77431,84.81
90440,3.28
101958,101.23
32313,368.24
76006,3.29
81162,3.29
68063,77.32
114614,94.77
98211,3.48
7092,37.5
18299,3.5
30179,3.5
33544,68.5
57908,3.5
61908,34.86
65109,155.16
74528,53.0
117466,28.49
48362,128.6
43964,63.62
89990,286.67
42686,14.69
43980,3.7
101320,197.68
54085,3.75
65426,3.8
72590,231.3
108033,14.49
118335,25.79
125074,3.8
30925,3.88
28118,3.95
47469,3.95
55636,18.95
56335,3.95
85096,106.93
89257,58.94
96116,3.95
106463,124.43
113798,29.94
124963,116.85
82298,173.97
2441,3.99
5163,69.44
6340,68.94
13778,3.99
17361,3.99
20159,3.99
25264,3.99
27904,3.99
29208,3.99
31186,43.98
44565,3.99
45013,123.99
51520,106.79
56250,3.99
60351,21.99
60757,43.98
77655,187.72
79361,3.99
80513,305.99
82608,33.98
83995,3.99
92411,89.95
94310,105.98
102627,3.99
102986,103.97
106727,128.98
107853,440.94
108327,78.49
109535,163.99
110595,52.99
114147,83.99
118738,3.99
28601,23.99
43053,50.0
98121,4.0
74970,24.96
89183,142.16
111083,383.04
13179,4.11
89382,4.11
112763,4.15
85977,4.21
107260,41.21
93236,4.27
70616,4.33
104527,4.33
112299,105.98
76526,4.38
81796,36.37
86353,4.38
91358,29.38
110286,4.38
90676,4.5
122722,212.4
20183,62.57
39366,4.58
91070,123.53
29643,4.63
50554,173.63
54431,4.63
55969,4.63
92234,104.58
37905,124.68
83257,4.73
43535,4.74
47839,18.24
62861,4.74
119989,150.22
123407,89.74
23133,53.84
94886,237.79
9246,205.91
9414,94.84
66877,4.85
15590,24.87
64594,4.89
117671,182.21
5429,35.94
14293,4.95
20935,4.95
24678,4.95
41158,4.95
46848,4.95
50992,79.95
64812,17.31
72933,4.95
76086,173.79
76383,4.95
115867,4.95
116432,114.94
34269,185.87
20044,73.98
21621,97.35
23325,4.99
23663,75.99
27227,4.99
34513,4.99
40057,4.99
53944,44.99
63827,4.99
68266,4.99
71245,182.99
71452,54.98
77589,4.99
84669,4.99
94094,4.99
98083,73.24
103726,198.49
110780,232.99
111745,4.99
115355,4.99
123766,4.99
6741,5.0
11691,5.0
11799,5.0
14248,29.0
22552,24.99
24438,5.0
28278,78.6
33384,5.0
38827,5.0
40235,5.0
54477,5.0
75832,156.52
78936,5.0
82172,60.99
83244,5.0
89136,27.98
105784,28.4
112562,27.0
118119,25.0
52728,5.09
60982,5.09
22178,5.16
104202,103.66
29384,60.19
36276,21.19
106574,5.2
680,5.29
13911,5.33
48378,240.31
83290,5.33
10108,749.87
26340,5.37
101012,5.37
12540,5.49
54601,136.47
66136,5.49
111853,5.49
34928,242.44
89568,14.1
1902,105.75
28073,5.55
115121,5.55
95831,133.59
109745,163.59
108051,5.64
19892,5.69
84279,5.69
74257,5.76
75753,103.75
92421,5.78
8092,93.83
44564,27.73
53450,28.33
71497,5.83
76791,5.83
94557,180.51
95360,5.83
99362,5.83
22290,5.87
40376,237.74
89802,5.94
646,5.95
15737,5.95
23625,207.38
30695,166.45
31701,137.44
32974,37.45
61255,5.95
65123,143.65
72515,5.95
72539,165.9
83222,5.95
86703,153.43
88579,5.95
91545,5.95
96759,5.95
98395,5.95
107940,5.95
112788,214.9
113087,58.37
123913,5.95
124638,5.95
25461,5.98
68973,50.98
70604,19.21
2166,5.99
5762,17.99
7475,62.48
9944,95.56
10154,5.99
14402,5.99
18286,35.98
20882,140.93
21286,5.99
28370,148.83
28979,69.98
28992,23.96
29999,19.99
33968,168.98
34736,51.99
35764,5.99
36851,30.99
41470,58.99
41622,36.73
42502,5.99
53237,5.99
54957,5.99
55905,30.99
65881,135.92
68025,35.98
69515,5.99
71257,223.99
72681,114.99
77267,5.99
85959,5.99
87035,64.99
90538,37.4
94626,62.73
96260,5.99
96703,5.99
109748,5.99
111401,5.99
116552,400.99
120041,5.99
121101,5.99
123219,5.99
12257,6.0
13647,42.94
16380,53.5
16683,6.0
26259,66.94
36892,86.96
45318,16.08
47520,30.99
52596,19.9
59621,231.99
65871,39.99
76667,25.99
81432,6.0
84850,6.0
89557,6.0
99124,35.99
102607,31.99
105103,95.7
108202,6.0
111414,6.0
122224,6.0
19906,30.07
67698,139.56
49763,6.08
102250,6.18
56931,6.25
115200,272.58
122844,6.33
6004,6.35
51223,44.1
75868,27.84
115286,6.39
121148,6.39
13285,49.36
23396,6.41
21401,334.44
24788,18.07
53429,6.45
53448,173.44
66094,6.45
78381,6.45
117119,6.45
2541,6.49
4841,135.7
7689,18.59
9689,6.49
46191,6.49
87179,45.99
1059,6.5
4667,56.48
7420,6.5
7589,6.5
14181,105.5
15678,40.5
22636,6.5
23157,6.5
30969,6.5
31108,6.5
36015,6.5
49442,6.5
52035,6.5
54526,6.5
64588,6.5
72082,58.43
80985,104.48
81588,6.5
83463,169.5
85915,6.5
87546,51.49
111008,231.73
111196,308.24
113972,6.5
38289,92.46
42836,6.57
53140,274.36
53751,6.57
5763,6.59
15131,23.44
97366,211.89
90298,81.68
118411,160.68
112271,6.71
5820,6.74
8984,157.64
53457,143.92
73231,46.74
95710,90.32
44979,93.75
66621,6.75
23369,6.76
48872,6.76
39754,173.79
18292,6.85
54963,176.35
75412,100.35
86975,6.85
27438,6.87
35152,200.94
67279,6.87
87244,6.87
9623,6.9
63210,6.9
68709,191.79
88602,6.91
7321,184.91
44584,6.92
60485,6.92
83704,6.92
54377,6.93
34225,81.88
214,6.95
1548,40.95
15892,40.95
18767,86.9
25675,40.9
64275,6.95
78496,6.95
79888,129.44
80148,460.95
90441,6.95
93170,105.01
93479,6.95
93949,289.79
97449,26.95
99534,6.95
100549,6.95
100782,6.95
103786,6.95
119295,114.51
6265,105.97
11757,124.94
34705,6.97
39012,178.9
59916,6.97
64258,86.97
69654,124.97
85298,6.97
86104,6.97
87423,16.96
89301,6.97
117018,46.95
3869,6.98
10972,6.98
14511,6.98
30508,6.98
30773,56.48
40873,45.98
47779,94.98
69711,98.97
75907,51.98
96951,6.98
123980,145.97
1269,6.99
5940,6.99
7245,199.98
7902,6.99
9008,81.96
12467,6.99
13859,6.99
14425,6.99
17987,6.99
18139,111.93
18244,6.99
19228,6.99
20387,136.97
20900,16.99
20997,6.99
24107,65.99
26827,6.99
27013,74.99
27951,42.0
31023,36.94
32371,64.97
35185,6.99
36523,6.99
39444,217.47
40788,205.08
42042,56.94
42262,6.99
43656,354.49
45265,6.99
45898,6.99
47659,6.99
49829,6.99
50764,6.99
51358,47.93
52784,70.99
53021,6.99
58775,6.99
58903,6.99
59044,6.99
60882,235.13
61940,6.99
63556,6.99
64533,30.99
66213,6.99
68751,6.99
70815,43.98
72919,6.99
73404,147.98
74641,95.99
74798,6.99
76056,6.99
76740,6.99
76881,6.99
80809,119.49
85258,6.99
88193,6.99
90039,56.49
93176,6.99
94222,6.99
96479,257.42
99023,6.99
99757,298.98
100690,58.02
101114,35.98
101968,121.94
102547,6.99
102610,6.99
104278,6.99
104454,818.98
106567,965.84
106864,36.97
108192,26.98
109635,194.84
110182,203.6
110496,6.99
110574,6.99
111483,6.99
112835,210.98
113584,6.99
117446,15.98
117565,6.99
120189,6.99
120639,6.99
122701,117.98
123318,40.98
123705,39.94
124042,6.99
124207,109.94
3391,80.71
4348,7.0
4753,7.0
8921,7.0
16335,61.0
21231,7.0
26298,7.0
28936,219.71
33360,7.0
39583,604.99
42761,7.0
46169,7.0
53748,51.95
59304,7.0
63188,7.0
64073,167.93
64939,229.24
66046,83.27
67224,7.0
67439,883.63
72873,82.97
87935,7.0
100645,447.05
101854,159.76
104421,59.62
109285,186.94
114428,32.0
117148,147.99
121023,307.0
50606,115.99
72850,7.01
8503,7.02
14796,7.02
75856,7.02
99713,66.02
116257,22.92
30665,59.99
85882,7.09
96566,28.04
9129,7.11
115263,7.11
102213,128.13
119870,7.13
6380,32.14
122994,17.13
2382,7.16
60292,146.05
74830,253.9
124354,79.64
4849,7.18
83023,7.18
3013,7.2
26695,7.2
37543,7.2
42467,30.2
108775,7.2
1168,7.25
2443,7.25
42659,225.5
101553,112.22
118502,7.25
27540,192.74
17867,17.23
16293,72.29
43698,7.29
55920,7.29
35538,57.31
86443,32.32
99488,87.33
37692,23.3
22324,63.34
53064,7.46
97141,71.46
683,7.5
3737,176.5
11523,7.5
25715,7.5
30071,117.49
37002,100.57
44944,37.48
49963,40.84
64854,7.5
81579,216.89
88868,7.5
97072,7.5
108440,96.5
111526,104.11
1221,7.52
3074,7.52
76722,7.52
9672,58.56
49119,7.56
32369,29.96
78472,7.68
40257,7.69
49456,7.69
3118,286.29
100668,7.7
33137,7.74
63083,131.1
2273,115.75
78842,7.75
81323,7.75
115432,47.7
6159,7.85
66576,75.84
94040,158.85
73619,7.87
77906,157.41
14301,7.9
46503,44.5
55433,7.9
65577,40.08
77181,7.9
79045,7.9
98182,277.9
114351,7.9
45575,7.91
61154,75.91
83056,53.91
107486,19.91
36218,117.92
92599,76.92
101469,7.92
1288,7.95
8869,7.95
9065,73.67
11017,7.95
15827,7.95
27831,166.33
30725,186.94
31333,28.36
31470,42.95
34104,7.95
37210,69.85
37538,126.95
38470,7.95
38606,7.95
39306,311.4
47880,7.95
49151,7.95
49770,7.95
49775,7.95
52295,7.95
52466,317.94
55753,47.94
55900,7.95
57537,211.4
61476,7.95
64094,7.95
65986,136.94
67053,87.9
69402,211.89
72647,7.95
75389,7.95
75987,45.95
76592,46.95
82009,7.95
83654,135.95
83795,7.95
84493,69.95
91015,7.95
91956,105.98
92052,7.95
93877,96.89
100389,7.95
101592,29.94
110684,55.85
114711,30.16
115076,7.95
124705,7.95
47729,7.97
66337,7.97
24161,67.98
27530,94.98
52046,311.48
63606,7.98
64264,7.98
73267,458.57
83480,25.97
84728,7.98
94264,7.98
104674,22.93
107071,7.98
119227,52.1
119480,19.64
2181,7.99
2999,61.99
5417,7.99
5509,7.99
5689,7.99
6827,7.99
7356,136.98
7595,54.98
10333,7.99
11628,7.99
12899,67.99
12964,7.99
13739,81.47
17337,67.98
17664,7.99
18070,180.99
19134,7.99
22574,7.99
23077,86.99
23591,7.99
29358,7.99
31196,7.99
32151,88.72
32176,141.93
32913,7.99
34387,7.99
34762,7.99
37847,69.99
38506,7.99
39060,7.99
39759,7.99
41323,7.99
44528,55.96
47005,132.57
47908,7.99
55907,56.94
56091,53.99
57243,7.99
59723,176.94
61068,7.99
61789,156.87
63293,15.99
63862,7.99
64244,7.99
68086,153.94
70810,7.99
72155,84.05
72349,7.99
73565,7.99
74364,7.99
76752,109.98
76897,57.47
77401,606.99
77453,137.73
78571,7.99
78602,7.99
80569,43.52
80974,7.99
80976,7.99
81309,27.94
81314,57.98
82589,123.49
82722,35.98
83567,43.96
83771,118.17
85284,7.99
87959,7.99
89585,197.88
89922,7.99
91716,31.99
92182,7.99
94527,79.89
95096,204.98
95293,7.99
95573,19.99
96591,7.99
98131,7.99
101668,77.49
102071,7.99
103642,32.99
108105,7.99
109653,94.68
111944,7.99
112000,69.78
112074,41.99
112838,20.98
113811,107.49
115774,7.99
116175,37.98
117957,55.1
117969,96.93
118566,7.99
119560,15.99
120413,149.58
123377,17.99
123515,7.99
7825,112.95
8246,8.0
9542,61.0
10121,103.89
12268,8.0
13968,90.95
15434,8.0
19106,64.99
19145,67.0
19396,8.0
19583,8.0
20174,48.0
20976,8.0
21311,199.99
22952,227.97
22990,8.0
23166,35.2
23233,8.0
25663,458.49
30518,72.14
34749,8.0
38037,8.0
39965,8.0
43072,58.0
43279,8.0
46238,103.08
48063,8.0
53579,112.15
55206,53.0
59081,54.99
60260,117.0
61727,52.99
65530,8.0
72803,137.52
76187,61.4
79554,8.0
82687,180.5
82940,542.99
83429,8.0
83558,113.65
83993,8.0
84069,8.0
87028,70.95
88799,126.0
89078,42.0
91689,8.0
92975,27.99
94427,8.0
94774,8.0
97980,8.0
99574,8.0
99684,107.99
101423,69.22
103256,107.44
103307,48.0
104485,8.0
105395,8.0
109746,57.98
111423,8.0
112152,8.0
116636,8.0
123455,27.99
97558,255.04
13897,359.05
83826,8.18
110442,83.16
7535,8.19
31685,8.19
67781,31.83
65103,148.13
120977,8.27
1262,8.28
52759,8.29
35790,67.8
78868,8.3
10039,200.13
31561,8.32
50265,38.92
7715,8.35
44241,279.8
88971,8.35
11647,8.37
5317,19.44
13377,8.38
55533,8.38
55809,48.37
61882,8.38
72190,8.38
79149,36.38
98798,26.68
16939,8.39
39874,8.39
39904,8.39
41503,68.32
53610,43.38
55463,526.98
116679,33.39
73011,155.53
73042,8.4
57842,8.43
69067,8.43
90359,48.33
93762,8.43
103792,66.73
1471,8.45
22814,8.45
27264,23.44
41611,34.45
86393,8.45
89577,33.43
94811,8.45
105577,8.45
1946,83.42
17216,8.47
18438,82.47
23309,8.47
24268,8.47
50183,8.47
59303,70.21
61202,8.47
61303,8.47
88790,112.97
18956,30.49
22973,99.48
44279,122.4
106880,118.49
114148,8.49
7144,8.5
16459,8.5
22011,35.48
25482,8.5
27272,8.5
27315,8.5
33857,88.45
34814,124.0
40254,8.5
41608,8.5
43115,8.5
44623,317.73
55027,8.5
64877,181.48
75365,126.58
85010,8.5
89188,40.5
90347,276.61
92744,20.49
93985,17.49
96416,18.06
100906,157.45
101608,8.5
102888,58.4
104331,18.45
104526,27.45
116703,8.5
120939,87.5
58358,333.02
87825,8.51
105958,8.54
46415,28.55
64327,8.56
90265,278.56
31503,231.5
34394,8.57
26321,8.6
97458,8.6
100728,8.6
8812,8.61
48658,47.61
71398,142.83
3104,197.64
19411,21.64
27476,33.64
90751,8.64
3097,93.16
11462,8.67
35258,8.67
80994,8.67
106765,98.65
32782,8.71
18718,8.72
55490,196.32
60676,33.67
73893,8.72
85760,8.72
6785,8.73
59247,8.74
66018,31.72
70010,8.74
100491,8.74
59322,8.75
17866,156.84
48230,32.76
110208,8.76
112270,8.76
3110,48.76
73608,8.77
117554,108.78
11891,8.8
32327,45.3
41712,8.8
60222,56.8
79560,141.29
4402,30.12
59413,130.77
73881,8.82
79408,160.8
84338,8.82
86560,8.82
114568,8.82
117679,8.82
21177,92.88
27915,337.78
33098,8.83
65258,8.83
121010,8.83
29938,8.84
38522,433.82
40529,30.84
43999,8.84
109103,86.84
5857,8.87
55887,25.86
73706,8.87
74897,8.87
85404,8.87
9147,56.99
122818,8.88
74808,28.88
76443,8.89
118158,8.89
17134,8.9
30112,83.65
51154,8.9
53658,212.89
80864,112.76
85273,8.9
92124,8.9
93554,8.9
107432,8.9
107686,8.9
110258,8.9
122412,8.9
123193,8.9
45226,8.91
96109,77.91
1424,8.94
32891,249.94
55208,128.94
60984,8.94
65322,68.43
110320,38.93
7500,8.95
11681,8.95
13170,8.95
22476,8.95
27300,8.95
30080,8.95
36584,8.95
40889,42.7
44938,33.95
47850,48.94
52894,8.95
58611,8.95
63903,8.95
68109,62.66
72438,61.02
76037,78.22
92171,66.09
95724,307.92
95823,8.95
96837,312.94
99737,18.94
105117,8.95
109842,8.95
110887,53.94
115904,8.95
116477,40.95
12189,8.96
17825,8.96
85899,112.96
101061,258.95
120247,8.96
120584,447.96
36739,8.97
119310,93.97
13383,42.98
17691,103.43
21354,137.98
26719,8.98
31840,28.97
35050,8.98
39046,8.98
49978,8.98
57386,8.98
60362,8.98
61873,8.98
62147,156.98
62660,43.98
68821,8.98
71649,8.98
72047,83.48
86941,123.97
88397,8.98
88833,8.98
90090,57.38
102553,132.93
104347,8.98
108604,8.98
114855,8.98
117175,21.05
123115,8.98
124975,8.98
265,117.98
1563,76.92
1823,8.99
6602,8.99
8904,138.99
9392,8.99
9741,132.91
10868,8.99
10930,187.46
11214,101.43
12018,8.99
12859,60.99
13628,58.99
13726,26.98
14231,8.99
15059,38.92
17488,8.99
17543,154.52
18041,47.99
18077,18.94
18227,8.99
18969,8.99
19711,233.98
20056,63.94
20285,8.99
21055,8.99
23136,8.99
23438,8.99
24861,269.35
24971,33.99
30453,28.76
32827,41.48
34361,8.99
36174,8.99
36816,8.99
37603,8.99
37690,8.99
38069,521.69
38115,8.99
38773,8.99
39374,8.99
40716,8.99
41105,36.99
42037,108.98
42453,72.4
46894,8.99
48846,8.99
49904,162.98
50821,158.38
51830,8.99
52624,8.99
56440,360.13
58080,195.86
59816,329.71
60011,18.99
60109,8.99
65734,8.99
67778,54.88
68660,28.98
70848,8.99
71485,8.99
73509,52.99
74099,46.99
74670,8.99
75759,135.31
76300,33.99
77994,113.99
78104,8.99
80306,8.99
80324,8.99
80387,8.99
81731,99.98
83012,8.99
84359,8.99
85022,28.97
85213,8.99
85549,166.97
85911,18.49
91406,134.99
91639,70.02
91739,8.99
92207,103.93
92491,157.97
92587,174.99
92611,8.99
95981,48.49
97109,101.98
97475,8.99
99038,8.99
102525,8.99
103660,98.99
104096,8.99
104332,8.99
104944,23.98
106332,451.49
107269,8.99
107519,166.98
107602,8.99
108298,123.99
109765,58.98
110390,8.99
110815,8.99
112026,8.99
112525,51.49
113377,8.99
114407,8.99
114779,103.47
117348,8.99
117964,46.72
122808,8.99
123796,22.98
1934,9.0
3581,23.0
3708,51.95
10498,127.0
11177,9.0
13353,9.0
14498,9.0
15732,21.5
21303,9.0
21541,9.0
32397,9.0
33646,9.0
33693,29.95
34777,73.99
37206,9.0
45834,9.0
51507,198.0
59705,9.0
60113,38.99
60626,107.0
63072,9.0
63618,9.0
65956,19.38
67064,9.0
73733,9.0
74126,9.0
77104,9.0
88055,123.0
89687,9.0
92055,49.0
95613,73.0
96556,9.0
96835,61.99
108592,102.0
109269,124.0
111307,75.99
112580,31.88
120119,269.0
120329,9.0
120828,9.0
123045,87.0
124775,56.17
51491,9.01
93082,43.99
100143,9.01
111411,54.37
118191,9.01
45208,9.03
58338,9.03
90849,9.03
110183,9.04
20093,29.04
39486,9.05
67881,9.05
111356,9.05
118008,9.05
122911,21.04
41073,9.06
42086,266.54
69772,9.06
92601,9.09
26913,9.11
27528,9.11
49460,75.76
52396,19.13
79957,9.11
7099,42.94
18147,9.12
21906,9.12
31979,29.12
40236,9.12
100983,9.12
14078,9.15
47263,9.15
88266,34.15
100357,135.38
16862,50.61
34625,9.16
40654,249.13
47782,9.16
68114,98.16
74883,29.46
13588,9.17
26819,9.17
42978,9.17
85335,9.17
5239,45.19
87777,45.19
108666,44.19
12348,9.25
61269,9.25
74542,9.25
8788,9.26
12523,9.26
33638,9.26
51848,34.26
58458,144.71
88898,9.26
22767,9.27
34115,23.25
35769,9.27
41895,19.26
42324,9.27
59295,9.27
76577,142.12
79219,9.27
92723,9.27
93509,9.27
106855,36.17
108217,23.67
116622,146.78
122153,107.27
18663,121.29
60999,64.3
99421,58.31
10994,9.32
39487,252.29
123341,26.28
124265,9.33
84885,42.33
93688,9.35
120309,9.35
14811,168.75
42553,9.36
46815,9.36
108368,177.32
928,9.38
12214,68.38
21719,115.13
35572,9.38
48207,9.38
50573,9.38
54934,26.37
59804,109.37
76862,76.34
101167,9.38
108762,9.38
110041,113.38
111145,118.28
111354,9.38
111937,99.32
111158,9.39
117762,40.33
8911,121.62
26334,9.41
61412,9.41
75429,9.41
89958,9.41
88788,23.44
92530,102.63
22096,9.45
80933,9.45
21249,9.47
35749,194.96
104996,205.45
64395,44.43
6591,44.46
35079,9.49
48055,9.49
50953,33.47
99408,103.31
106966,51.48
3006,9.5
8749,9.5
9077,9.5
9089,278.95
10812,9.5
13397,9.5
19233,9.5
23589,9.5
23793,9.5
27003,135.45
30708,36.45
31457,9.5
32113,339.28
33862,9.5
51919,9.5
52448,9.5
54440,64.45
59956,9.5
62465,51.5
63513,9.5
65512,54.48
65846,9.5
72661,239.49
73279,9.5
74757,157.5
79739,9.5
80339,318.37
80700,9.5
94501,116.83
95389,9.5
99227,112.63
101433,66.1
103697,178.5
105563,9.5
110700,9.5
119930,46.49
17722,9.51
63116,9.51
556,9.55
1970,9.55
37352,9.55
79126,63.55
9078,87.48
49902,167.56
53726,57.54
55240,9.56
61185,9.56
62803,124.68
62983,9.56
63599,32.56
68883,9.56
72621,9.56
78081,9.56
87927,220.27
93222,110.04
114103,29.55
48831,158.57
49427,9.57
94345,9.57
20361,66.27
43426,9.58
51464,9.58
55069,361.58
103586,28.58
108223,9.58
114730,9.58
123468,26.57
45235,9.59
66535,54.54
78049,43.64
78227,39.58
101898,9.59
106433,9.59
120435,9.59
61540,9.6
70589,219.6
100533,34.55
88984,9.61
98299,34.61
80573,84.21
104348,9.63
124572,9.65
40597,9.66
52443,29.65
73432,203.21
78318,148.63
96083,44.64
120706,80.11
120959,120.15
27233,200.67
45492,161.65
121888,9.67
39411,184.29
82718,89.69
89857,9.7
73961,409.72
77152,128.67
82765,164.72
98073,59.6
41570,9.73
1181,9.75
12495,9.75
37521,9.75
66462,32.73
93112,9.75
100698,9.75
101498,9.75
108866,9.75
6898,70.91
39206,9.77
5270,9.78
47621,34.76
54451,167.77
63023,9.78
79732,405.78
4177,9.79
6546,218.69
84683,62.74
100341,129.93
109257,9.79
118362,9.79
18289,99.78
44682,9.81
111234,9.81
123460,9.81
72011,9.82
75464,141.82
63837,9.83
109935,144.82
121034,110.82
122849,9.84
60446,85.92
11215,87.87
17857,9.87
106141,112.81
19359,9.88
38679,9.88
69782,80.65
96051,9.88
121611,9.88
6166,34.89
58856,9.89
65453,9.89
294,155.22
2197,9.9
23712,9.9
24049,9.9
30299,28.62
42525,227.9
46923,9.9
50429,222.39
52772,154.85
53287,58.81
55977,9.9
62663,9.9
63542,9.9
78777,9.9
79953,198.89
83700,9.9
94452,279.29
104879,41.88
115298,267.9
122596,9.9
2017,9.91
113703,41.9
28331,299.85
49522,9.92
86863,9.92
95363,34.42
42451,115.77
10446,9.94
2232,84.89
2912,34.94
8592,9.95
9350,29.95
9666,9.95
12319,140.76
13232,9.95
13608,218.94
14998,77.92
16437,97.94
21731,9.95
21939,57.14
22277,297.95
23568,124.54
23641,28.25
24100,20.07
25223,9.95
27056,9.95
27455,9.95
28338,19.94
29307,109.94
36263,9.95
38021,34.95
38203,63.8
38559,9.95
42422,345.96
45860,127.39
47735,79.92
49871,9.95
49883,99.87
52505,89.95
53769,9.95
54712,9.95
55502,9.95
58392,9.95
59419,9.95
61567,24.9
64209,69.89
64747,41.95
64874,83.95
65623,9.95
67321,34.93
68023,34.95
68279,68.95
68979,24.45
69972,100.0
71474,34.95
73396,9.95
73740,214.95
74043,25.32
76418,250.9
78793,43.7
80615,9.95
82681,108.42
82988,9.95
83379,9.95
84564,44.94
85310,9.95
87298,9.95
88539,47.94
89594,9.95
90279,71.46
90584,9.95
91198,9.95
93678,270.33
94453,9.95
94767,9.95
97269,25.85
97727,9.95
98044,9.95
98373,9.95
99206,98.6
100304,157.95
100605,91.83
100614,69.93
106681,9.95
106773,119.25
109744,9.95
110655,113.03
112532,9.95
113555,9.95
118634,9.95
120315,78.9
120422,24.95
120476,9.95
121243,250.84
124030,9.95
9354,73.91
68002,221.95
78029,9.96
86580,39.91
94028,103.95
109987,9.96
3483,70.93
4823,9.97
52553,9.97
55492,9.97
63534,9.97
70713,9.97
84587,49.92
85829,9.97
93111,9.97
97580,9.97
117975,9.97
70477,9.98
96921,42.97
717,67.99
900,337.23
1091,172.39
1668,9.99
2032,9.99
2621,64.99
2644,9.99
3191,9.99
6144,172.94
6850,228.94
7154,9.99
8229,42.84
8336,103.94
8694,9.99
9515,9.99
10421,38.99
10588,47.25
10752,9.99
11635,9.99
12573,9.99
12867,48.93
12990,9.99
13751,44.98
13893,307.97
14346,63.02
14380,9.99
14381,9.99
14685,9.99
15296,9.99
15745,74.99
15993,9.99
16159,37.94
17254,22.98
17596,39.99
18194,9.99
18651,9.99
19390,9.99
20296,149.98
20467,147.84
20590,9.99
20700,9.99
21429,9.99
22083,358.99
22657,9.99
23942,9.99
23988,9.99
25121,64.99
26965,39.98
26968,9.99
27172,9.99
27991,9.99
27992,39.98
28537,34.99
30405,9.99
32888,125.78
33287,283.41
33409,9.99
33733,209.09
34010,64.99
34534,9.99
35289,34.99
35621,117.99
35673,59.98
36514,9.99
38151,9.99
38162,284.99
38781,9.99
39242,9.99
39246,34.99
39364,9.99
41348,57.99
41853,9.99
44016,9.99
44193,84.99
44331,67.19
44522,9.99
44660,9.99
44964,26.99
46383,9.99
46596,279.41
47073,9.99
47503,219.99
47727,60.45
47745,117.8
48607,9.99
48791,9.99
49167,180.97
50243,200.49
50330,35.98
52378,75.89
52606,119.94
53044,309.99
53458,9.99
54056,106.98
55828,36.94
56847,9.99
57169,9.99
57214,9.99
57420,207.99
57684,9.99
57831,179.46
58366,373.98
59301,9.99
59448,9.99
59522,99.97
60164,9.99
60210,9.99
60310,9.99
60515,129.44
63096,9.99
63279,115.97
63308,9.99
63642,9.99
63937,9.99
66011,107.92
66832,41.99
67532,9.99
67598,9.99
68183,37.71
68520,39.98
68672,9.99
69087,9.99
71070,24.2
71176,9.99
71547,67.44
71868,9.99
71899,9.99
72038,99.98
74265,9.99
74727,109.98
75229,9.99
76038,21.03
77195,9.99
78704,9.99
79221,9.99
79512,9.99
79835,9.99
81452,9.99
81787,9.99
82448,411.45
82744,29.98
82769,105.26
84169,9.99
84313,9.99
85960,9.99
85987,64.99
86482,9.99
86810,9.99
86901,37.98
88769,9.99
90045,9.99
91526,9.99
91834,31.99
92024,69.99
93476,9.99
94221,9.99
95486,9.99
96858,49.98
98241,78.99
99042,21.11
100076,9.99
100085,29.98
100216,379.99
100711,103.98
101502,9.99
102648,9.99
103375,35.99
103647,9.99
104828,9.99
107296,321.89
107808,9.99
108164,166.24
108562,59.99
109829,54.98
109890,86.99
111725,164.23
111800,9.99
112071,104.79
112389,76.98
112721,9.99
112927,9.99
113375,184.22
113591,52.73
114574,9.99
116020,9.99
116023,412.93
116397,9.99
116754,9.99
116783,9.99
116935,33.98
117303,9.99
117491,9.99
117663,9.99
117687,9.99
118775,9.99
118889,9.99
119078,39.14
120524,9.99
120550,142.38
120675,9.99
121056,9.99
121063,9.99
121116,49.99
124365,9.99
124542,143.03
484,10.0
532,139.5
735,10.0
971,93.95
2105,10.0
2589,10.0
2707,10.0
3668,10.0
4340,10.0
4906,10.0
5381,10.0
5393,53.76
6342,25.0
6764,10.0
7708,36.59
7732,21.92
8145,32.0
9531,10.0
10088,104.0
10248,10.0
11404,103.99
11428,10.0
11685,48.43
11997,10.0
12471,10.0
13151,10.0
13279,10.0
13551,121.49
13664,32.99
13670,149.95
13812,104.5
13979,52.0
16083,44.0
16318,10.0
16965,29.99
18049,26.0
18761,249.4
19263,37.94
19866,170.3
20736,66.86
21141,164.0
21318,22.98
21405,10.0
21577,696.99
22947,10.0
24099,10.0
25522,10.0
25727,10.0
26063,139.13
27847,10.0
28429,10.0
28615,144.99
30842,10.0
30895,10.0
32590,25.0
32804,10.0
33087,10.0
33659,151.37
35916,34.44
36716,63.0
40842,10.0
41172,10.0
41356,113.99
41633,94.64
43411,10.0
43570,64.0
43708,10.0
43893,54.5
44019,10.0
44458,228.0
44593,29.14
45954,10.0
45970,10.0
46356,113.89
46633,104.94
47269,10.0
47306,219.98
47487,46.99
47810,24.75
47926,10.0
48526,10.0
48801,204.94
49428,32.99
49747,39.99
49869,126.72
50484,149.99
51423,10.0
51424,10.0
51556,10.0
52181,97.3
53270,10.0
54118,10.0
54569,10.0
55399,259.0
56126,100.99
56179,60.79
56503,10.0
58287,24.0
58588,67.1
58939,78.95
61081,151.99
61297,10.0
61610,121.95
62481,10.0
63655,20.99
64029,10.0
64318,10.0
65969,10.0
66725,279.39
67253,95.99
67471,69.99
67954,10.0
69429,10.0
69852,10.0
70258,221.2
70463,170.26
70546,10.0
73022,78.72
73880,88.77
74149,123.18
74349,10.0
75553,10.0
76089,37.95
78078,10.0
78689,86.85
79394,54.0
79449,10.0
80646,48.98
82202,100.0
83885,55.98
84625,93.98
85023,10.0
85117,10.0
85811,10.0
86453,99.5
86515,10.0
86945,98.77
87225,10.0
88951,10.0
89093,10.0
89099,64.0
89567,100.3
90882,10.0
91061,140.7
91345,35.0
91433,10.0
93350,10.0
94166,10.0
96532,10.0
97477,189.0
98399,187.49
98629,10.0
99315,10.0
100539,10.0
100999,10.0
101504,153.0
101880,58.98
102441,142.5
102471,99.95
102625,10.0
103878,10.0
104108,10.0
105843,10.0
106193,10.0
106599,10.0
109489,10.0
109559,43.22
111070,79.0
112687,135.36
113003,10.0
114597,95.0
115612,158.5
118952,10.0
119882,96.15
119961,10.0
120300,10.0
122635,95.81
124999,10.0
125088,10.0
3730,10.02
61183,10.02
70044,21.55
98255,54.13
27120,556.0
32724,10.03
42230,288.03
57788,10.03
21827,57.66
50499,97.64
92137,10.06
93102,35.06
69567,10.07
99901,10.07
116138,24.52
32086,10.08
35590,55.07
41643,97.84
97298,10.1
1806,270.12
2793,40.1
5656,101.6
6510,10.11
10225,10.11
13929,10.11
14741,132.75
17856,10.11
34280,35.1
36468,127.1
86815,10.11
104801,10.11
104987,10.11
108237,10.11
117832,72.1
119956,10.11
34221,212.01
54488,10.12
93958,174.12
95643,10.12
39866,136.13
47982,94.16
118547,10.14
85824,132.12
120526,44.14
13041,10.17
38578,10.17
43750,172.66
81624,32.62
99116,28.12
115672,214.47
26780,37.16
42408,90.17
10556,10.19
38677,10.19
86314,10.19
23792,72.2
107243,10.2
92187,10.21
15933,102.62
17331,32.2
122289,10.27
105904,38.19
88147,10.3
101138,10.3
107636,151.24
4209,187.31
59907,10.31
114643,152.32
53967,10.35
64329,80.34
86990,468.31
92765,10.36
60326,234.55
93756,10.37
116937,52.37
29677,72.38
39240,10.38
91489,10.38
92019,10.38
99059,10.38
16703,207.41
46249,35.39
48619,30.39
59043,50.36
84599,10.39
27626,140.68
64380,10.41
114143,40.4
15743,177.43
31047,40.43
49222,10.43
23971,252.45
24275,10.45
31997,29.45
73013,10.46
102150,139.46
109930,294.64
3662,48.47
6730,61.48
67231,32.68
12769,10.49
20787,10.49
54755,10.49
54901,10.49
62541,10.49
78314,10.49
88950,10.49
96255,79.49
96762,55.42
103072,10.49
4488,10.5
4832,84.5
10785,10.5
11233,10.5
15793,332.57
19140,218.99
23198,10.5
26849,183.0
28023,27.49
28101,10.5
33522,10.5
35661,10.5
42227,30.0
49139,10.5
52559,62.77
60524,47.49
60629,10.5
61482,63.61
64428,165.5
64787,115.55
73065,33.4
76946,132.72
78026,150.5
79428,35.5
81140,10.5
81390,10.5
82261,10.5
83120,10.5
85359,10.5
89446,155.48
90851,55.5
92830,75.38
95624,10.5
100322,10.5
102163,10.5
103193,70.45
104464,10.5
108138,10.5
109288,10.5
113143,10.5
115266,194.46
115403,10.5
116860,10.5
119379,10.5
121332,130.91
123950,69.95
123966,74.5
124407,10.5
12036,10.56
18649,10.56
57775,10.56
90031,10.56
18830,88.92
49561,34.58
82938,10.58
90292,10.58
121410,30.53
12760,10.59
85996,77.54
21576,10.62
29640,10.62
50252,23.37
89118,89.58
49687,50.58
51454,10.63
71958,10.63
36254,10.64
3025,462.28
21184,10.69
50442,10.69
76691,95.69
77171,108.69
80218,10.69
85845,10.69
91016,28.69
101018,10.69
107667,635.69
112333,46.64
115922,10.69
120170,93.56
81,23.69
8074,10.7
10360,10.7
35403,10.7
53008,35.7
62633,10.7
78137,10.7
87882,10.7
97063,10.7
174,10.72
36536,140.67
44357,10.72
99056,65.72
104577,10.72
125094,213.71
61093,79.72
12218,10.75
112390,10.75
4309,10.76
9428,10.76
25375,32.75
25474,10.76
49469,10.76
62781,10.76
2161,10.77
33060,10.77
36883,119.67
52180,84.76
81658,425.77
24754,10.78
26598,30.77
28987,106.78
36009,158.78
73549,10.78
80941,10.78
91440,10.78
92018,23.77
104854,290.73
106407,10.78
108759,10.78
117710,43.78
120549,225.75
120766,10.78
10264,109.79
72563,45.78
97189,10.79
105438,10.79
13245,25.79
49317,47.79
79094,67.39
41731,10.81
44244,70.81
48799,32.82
2760,188.11
11970,10.88
18003,10.88
19816,10.88
20091,10.88
59235,90.82
87130,10.88
113519,60.88
116205,10.88
33627,10.89
34815,10.89
40342,90.88
50216,10.89
50955,10.89
63323,258.88
86343,64.89
81965,10.9
96961,22.9
266,35.16
36157,10.91
37039,10.91
87290,43.91
27375,10.92
48997,49.92
52616,201.81
86812,10.92
123929,310.91
95081,10.94
97724,60.94
1615,81.94
9441,198.95
14687,38.42
19642,10.95
23520,10.95
26700,10.95
41228,10.95
48609,69.4
70677,618.14
71249,80.85
92001,22.4
110111,85.89
114470,50.95
44778,10.97
69793,10.97
93457,49.91
97752,10.97
1603,799.97
5697,10.98
18936,52.98
19856,10.98
49970,10.98
63443,10.98
81980,10.98
86604,113.37
1858,10.99
3655,10.99
4324,70.98
4833,42.99
5956,10.99
6789,10.99
7131,10.99
9732,10.99
10073,85.94
10370,22.98
10601,104.79
10851,66.99
12605,10.99
15389,35.99
20570,10.99
21739,46.98
22622,10.99
25300,26.94
26567,10.99
26736,265.99
27211,90.94
27218,10.99
29293,188.24
30411,64.17
30939,10.99
31008,10.99
32037,25.37
33181,10.99
34051,96.99
36821,27.21
38189,80.98
38952,10.99
39342,10.99
41705,77.02
43087,10.99
43548,49.39
44878,155.49
44983,58.99
47417,27.94
49493,10.99
49727,62.06
51156,10.99
53050,60.98
53244,49.97
54687,133.49
59580,10.99
63358,56.97
66176,35.99
66495,10.99
68006,10.99
68946,431.49
72327,409.19
72440,10.99
72889,99.92
72989,10.99
73324,39.49
74422,10.99
75719,30.98
76486,40.89
77895,10.99
78191,10.99
78269,10.99
79496,185.99
80349,10.99
80880,188.98
82914,10.99
83160,70.89
84063,10.99
85108,169.98
87563,238.93
89826,10.99
90557,10.99
91124,10.99
91601,10.99
92097,10.99
93930,87.95
94126,10.99
94584,10.99
96445,82.49
99973,58.99
100848,10.99
101314,10.99
102166,10.99
102510,10.99
105147,78.43
106609,129.99
106639,69.99
108717,30.99
109161,47.08
109271,10.99
111224,104.93
113809,105.49
116419,10.99
116713,66.99
117600,46.71
118064,75.99
118454,63.99
119485,148.98
119841,32.99
122155,99.34
122737,45.98
123058,10.99
123549,10.99
123888,10.99
5662,25.23
27258,11.0
41863,11.0
43172,11.0
45727,178.99
46729,115.69
47365,355.93
51760,11.0
53492,11.0
57482,11.0
57497,70.5
58709,11.0
60958,11.0
65071,118.99
68340,36.5
68758,11.0
73974,11.0
79012,120.99
79440,11.0
81794,34.9
93978,63.13
95668,11.0
98119,140.9
99220,60.9
100056,262.13
102465,55.0
111948,11.0
112554,190.95
122601,11.0
22874,11.01
31474,11.01
69471,11.01
77183,11.01
84547,11.01
51207,11.02
7076,97.03
66538,39.79
119090,73.04
121951,33.04
52685,169.05
53739,81.0
53750,11.05
69557,44.0
90591,11.05
96250,75.05
108049,48.98
113559,11.05
123296,120.9
68605,189.55
80808,11.07
35943,31.08
52184,28.58
52200,41.07
63216,11.08
64823,11.08
94139,209.34
98705,57.54
104248,11.08
109934,11.08
5241,11.09
25726,229.08
44094,11.09
80260,11.09
122923,11.09
87275,11.1
6788,57.12
41634,11.12
45397,30.11
57178,287.11
66143,11.12
74035,83.12
89454,209.96
96804,11.12
11967,11.13
14383,204.13
34303,170.13
66739,11.13
89256,163.12
93755,11.13
25706,11.14
37724,11.14
41631,73.09
58101,11.14
63648,11.14
83373,11.14
87360,11.14
98614,38.13
43081,11.16
74271,29.06
48573,28.21
104788,11.17
13155,11.18
58457,11.18
73298,166.18
55884,11.19
68553,11.19
78385,11.19
112512,104.38
15280,11.2
16832,76.21
18582,101.16
84394,115.24
106519,11.21
30341,11.22
55297,34.21
83509,11.22
91922,11.22
115713,11.22
6238,11.23
48926,32.24
119071,11.24
44520,11.25
52983,11.25
58522,109.25
69472,107.36
79504,41.25
87319,36.24
87867,11.25
88978,11.25
101611,112.24
117178,11.25
120484,11.25
80708,11.26
90,47.27
18313,32.53
63709,29.96
85855,11.28
115832,11.28
119928,91.27
12088,11.31
40637,437.71
114159,11.31
115465,11.31
104197,91.31
73779,11.33
78320,11.33
100896,66.33
18318,59.34
45871,91.34
81719,11.34
90602,121.33
91977,41.33
109039,53.34
18805,11.35
22582,11.35
52945,11.35
65763,32.74
78273,11.35
94509,63.48
95376,11.35
110237,35.35
29773,131.97
36788,63.23
95917,11.36
117853,11.36
17985,11.37
24481,285.36
39992,131.37
81477,116.35
83824,148.58
92225,61.36
102089,11.37
102516,76.37
103395,191.37
114219,11.37
7038,74.38
64096,11.38
94540,11.38
1381,64.9
1831,130.34
13341,11.4
13485,11.4
20032,11.4
54854,11.4
60323,80.4
85189,11.4
89283,11.4
113406,11.4
31975,50.15
105450,11.41
114671,88.31
74405,11.43
16704,51.43
44045,63.44
69141,50.94
86406,11.44
101278,11.44
119067,209.43
4,11.45
4564,11.45
39972,11.45
113676,189.45
42063,11.47
80873,103.47
98308,45.47
3161,46.46
4754,11.49
7113,11.49
29720,11.49
43527,173.72
44221,11.49
62300,11.49
62837,55.49
89742,124.0
23487,11.5
31329,11.5
56281,36.5
69135,304.88
120912,135.44
78812,28.17
70916,11.52
9551,142.58
34636,11.53
35003,11.53
35192,11.53
63736,11.53
84919,51.27
120341,117.51
121219,11.53
75666,152.53
73697,621.48
23469,11.57
67472,46.55
94714,201.4
124483,147.17
95202,11.58
103934,11.58
122955,122.56
103592,51.61
69535,11.63
86568,11.63
105715,36.63
9977,11.65
37940,82.65
50189,11.66
74188,84.81
75612,11.66
104822,11.66
38531,61.64
7967,11.68
18833,11.68
26730,11.68
50155,11.68
52812,217.33
65019,39.58
82975,11.68
85074,11.68
99361,11.68
34251,11.7
63902,11.7
103790,188.5
122612,27.26
4417,11.73
123863,97.73
50328,116.75
117989,11.75
19177,27.66
87609,11.76
2813,11.77
55055,11.77
22869,11.78
35602,11.78
48807,11.78
97903,117.94
24494,271.48
39354,11.79
53777,11.79
98713,44.69
110106,11.79
119033,11.79
7504,63.8
45498,11.8
25492,11.81
60375,60.41
77487,11.85
85465,11.86
112511,136.0
123925,167.8
19742,177.67
45637,11.88
84318,11.88
98437,93.83
644,11.9
3131,11.9
25191,11.9
30068,362.59
30530,11.9
33913,176.85
39882,11.9
42933,11.9
64966,11.9
87237,11.9
88856,11.9
102892,11.9
103063,11.9
112648,71.91
122039,11.9
122845,11.9
12811,11.91
25947,141.28
10444,105.28
33188,51.89
109522,149.94
4456,46.95
18557,981.01
19684,11.95
19790,83.93
23235,150.95
25451,243.95
30163,11.95
36494,11.95
37616,101.94
42046,11.95
44301,41.95
44937,993.94
51594,215.94
51938,11.95
52367,11.95
52644,130.92
53697,11.95
54987,11.95
60892,11.95
65461,240.9
69095,11.95
69103,11.95
72466,11.95
72869,11.95
75902,11.95
75999,11.95
76847,219.39
78955,85.0
79524,206.53
85177,84.94
85381,140.9
87348,11.95
89488,11.95
90697,11.95
92938,11.95
94073,11.95
99892,11.95
106336,57.9
111719,11.95
114917,11.95
117783,55.31
118378,11.95
119454,11.95
45490,11.96
65049,39.96
80846,28.95
124610,29.96
4339,62.77
8729,337.57
35253,286.97
40494,11.97
50111,29.96
60674,106.97
92567,58.96
102311,124.47
102949,11.97
110873,11.97
39468,11.98
57871,11.98
58377,11.98
69425,11.98
82695,11.98
82849,11.98
91918,11.98
108126,36.98
109967,264.43
121990,295.98
218,11.99
887,27.99
2642,11.99
2803,11.99
3510,111.98
3834,46.64
5124,11.99
7362,11.99
7583,26.98
7737,77.83
8489,45.99
10900,11.99
11455,11.99
11585,11.99
11744,11.99
11784,11.99
13101,88.99
13300,11.99
13340,11.99
13993,11.99
14561,142.99
15222,58.94
15271,11.99
17730,36.99
17936,25.8
19241,11.99
21365,186.99
21995,99.99
22234,11.99
22645,131.35
22670,61.98
22860,11.99
23171,11.99
24819,11.99
26113,123.99
26493,160.99
28345,99.98
29222,11.99
29315,11.99
29583,11.99
30376,36.98
31876,11.99
32642,41.98
33405,11.99
35036,86.94
35460,11.99
35509,11.99
36423,51.49
36635,11.99
37067,11.99
38691,11.99
38982,11.99
39280,241.99
39809,11.99
40672,36.99
40932,11.99
42159,111.49
42271,11.99
42857,11.99
43153,137.94
43732,181.93
44668,11.99
45485,176.88
46299,111.94
47307,11.99
48181,11.99
49030,28.96
49833,11.99
50941,11.99
51308,156.98
51404,11.99
52686,11.99
54400,11.99
54737,117.66
55221,11.99
56302,11.99
56536,36.99
56883,36.98
56974,400.44
57233,48.98
58305,99.99
58656,97.99
58815,119.67
60137,103.99
60440,11.99
60469,43.98
60582,11.99
60829,80.99
60855,11.99
60964,11.99
63071,31.89
63176,65.99
64739,11.99
65375,11.99
66354,11.99
68084,11.99
68557,126.49
70095,11.99
71307,11.99
71572,110.99
73421,11.99
73702,11.99
73753,11.99
74360,23.98
74835,59.99
74926,11.99
75952,46.97
76094,11.99
76109,33.98
77506,11.99
77579,11.99
78014,185.13
78180,95.99
78640,11.99
81158,11.99
82792,11.99
83895,11.99
84402,185.62
84979,162.9
85175,11.99
85401,114.14
85483,11.99
86675,81.99
87214,134.97
87369,11.99
87636,63.99
89352,11.99
90303,11.99
90526,88.74
90708,55.98
92920,41.99
92978,11.99
93188,100.98
93245,11.99
93581,243.99
93685,11.99
93909,11.99
93988,11.99
94173,11.99
95630,81.87
95828,190.48
96015,179.99
97549,58.99
97706,51.94
98310,11.99
98967,11.99
99674,11.99
99836,53.98
101815,11.99
102010,61.98
103438,34.49
103876,11.99
104635,101.99
104915,137.99
105561,11.99
105680,11.99
106192,136.86
107150,11.99
108161,11.99
108948,11.99
109324,11.99
109466,108.2
109853,11.99
110324,11.99
111012,172.93
111796,224.35
112366,11.99
113125,11.99
113483,166.21
113846,31.98
113934,11.99
114447,69.97
114559,11.99
116556,219.99
116644,11.99
116733,11.99
117249,72.91
117435,66.99
117500,71.94
119585,36.99
120236,11.99
120856,51.98
121782,66.99
122506,67.99
122720,137.99
124472,102.26
124814,11.99
1272,12.0
2341,96.88
2688,106.99
3176,12.0
3825,170.46
4150,12.0
5829,48.0
6136,12.0
6511,12.0
6766,49.99
6833,12.0
7533,12.0
7571,12.0
7929,12.0
9791,12.0
10199,12.0
10767,274.99
11113,12.0
11782,12.0
11821,12.0
12133,890.0
14201,12.0
14562,90.46
15071,39.3
17098,12.0
17410,51.0
19055,436.95
19249,161.95
19466,12.0
19863,158.91
20463,109.36
20477,12.0
20490,82.24
20541,12.0
21155,12.0
21516,36.99
21784,12.0
23022,171.95
24607,147.0
24646,29.64
26837,65.97
27614,12.0
28717,12.0
28896,75.75
28899,12.0
30324,12.0
30731,32.0
32899,75.99
33786,12.0
34683,107.91
35682,261.88
35931,12.0
36185,12.0
38166,12.0
39034,12.0
39164,27.0
39194,12.0
39658,12.0
41762,12.0
42464,12.0
42612,12.0
42841,58.95
43460,56.99
44270,24.99
44576,341.05
46160,242.0
46328,78.5
46844,12.0
47261,178.44
47386,12.0
47707,806.0
48905,12.0
49072,12.0
49319,12.0
49505,12.0
49799,171.46
50546,12.0
51328,91.95
51549,12.0
51618,51.0
51935,12.0
52283,12.0
52635,27.0
52877,61.07
53954,27.45
54064,191.99
54923,111.0
54968,12.0
55038,71.5
55202,38.13
55865,38.46
56080,12.0
56198,41.99
57245,66.45
57660,12.0
58411,38.62
58782,24.9
60380,12.0
62507,12.0
65005,12.0
65923,12.0
66287,82.0
66423,12.0
66815,12.0
67171,25.99
68173,12.0
68768,96.0
68774,12.0
68984,579.99
69025,12.0
70000,36.99
70177,142.0
71162,36.9
73125,12.0
73172,706.95
73288,91.95
73292,36.0
74138,12.0
74259,116.98
75099,69.99
75210,12.0
75264,12.0
75963,12.0
76169,12.0
76348,12.0
76828,12.0
77078,12.0
77615,51.99
78240,12.0
78326,127.0
78467,193.98
78547,31.99
78825,95.99
79497,12.0
80043,189.26
80182,24.95
80189,172.95
80854,12.0
81835,27.91
82043,12.0
84677,12.0
84680,12.0
85506,38.98
85545,12.0
86483,143.3
86659,180.84
88786,12.0
91035,12.0
91264,108.0
92790,12.0
94559,236.45
94840,111.93
96608,12.0
97256,12.0
97937,12.0
98769,38.98
99368,133.49
99661,12.0
99671,222.95
100178,39.9
102356,170.99
103023,232.64
103352,12.0
103527,12.0
103671,12.0
104117,12.0
104118,12.0
104438,118.6
104715,26.99
105040,12.0
106010,259.0
106119,12.0
106913,127.99
107201,12.0
107292,12.0
107657,12.0
107897,12.0
109458,12.0
109855,12.0
109973,76.49
110035,12.0
110040,12.0
110701,12.0
111336,72.99
112176,12.0
112483,272.68
112827,254.48
113305,12.0
113465,12.0
114130,308.0
114319,110.99
114874,24.99
114970,111.98
115153,106.0
116240,12.0
116517,200.0
117123,70.5
117495,33.97
117670,12.0
118285,208.0
118382,12.0
120519,12.0
121663,111.99
121795,56.5
123301,74.0
123722,52.16
124487,12.0
63270,47.01
40582,12.02
119782,12.02
26566,58.06
60399,12.06
75027,158.04
111913,38.23
8174,12.07
74100,12.07
99508,182.06
55472,196.07
6100,12.1
27152,32.09
31351,225.08
52918,12.1
58702,12.1
72393,66.1
77514,128.6
93396,40.05
104853,12.1
112754,12.1
117899,12.1
64996,12.11
14204,12.14
25797,194.12
54214,39.26
68584,53.13
70339,12.15
48853,12.16
77446,12.16
64207,181.3
71335,72.17
101911,12.18
3956,12.2
8144,12.2
21629,137.0
31630,36.2
33958,157.17
39885,208.2
41786,60.14
43736,197.2
45518,146.16
54868,12.2
61944,12.2
75154,57.19
80347,12.2
97883,28.1
100791,86.16
123903,30.2
39966,193.11
44497,12.21
45442,12.21
79910,12.21
13072,12.22
103278,12.22
124568,12.22
93001,12.23
108321,62.18
108856,25.18
102295,185.21
14419,12.25
42643,12.25
47843,213.31
106206,12.25
121087,12.25
105513,12.27
2744,12.29
26705,95.74
67223,12.29
69863,12.29
4472,12.3
40323,12.3
52321,243.24
54228,72.28
67118,12.3
89195,12.3
90444,59.29
93225,12.3
9938,126.75
57075,71.33
81545,12.34
106559,12.34
10475,12.35
12694,12.35
40147,12.35
54232,42.34
99820,119.35
106678,388.35
109908,12.35
39810,112.66
70390,158.35
98140,191.35
99097,36.36
100286,146.35
20598,64.35
107318,129.87
52320,124.38
107894,12.38
43596,12.39
54406,12.39
124051,12.39
5339,12.4
51757,12.4
74023,88.88
85331,12.4
99247,12.4
99799,12.4
77958,12.43
108499,12.43
32639,257.55
57474,12.45
65936,12.45
112331,270.16
52176,12.48
22762,12.49
96373,160.6
124955,126.48
948,12.5
8067,41.5
8254,12.5
19232,12.5
22731,262.99
29197,32.49
34788,45.4
42657,360.5
47367,12.5
51643,101.5
51657,53.39
59180,12.5
61167,12.5
64033,12.5
68747,34.5
71792,12.5
72402,12.5
80566,12.5
80764,12.5
82218,99.0
89641,12.5
89972,51.02
90455,12.5
94477,121.48
94917,12.5
100564,12.5
120480,239.45
19910,12.51
27408,12.51
42158,12.51
84792,37.46
124344,93.16
8160,12.55
116926,12.55
117800,175.55
28831,12.56
32320,42.55
75669,92.55
118402,115.57
12165,27.57
59319,35.57
64422,12.58
74759,132.48
61660,12.59
107670,12.59
38852,12.6
39551,12.6
42379,12.6
54688,12.61
60775,65.6
81897,111.46
54766,301.62
60990,144.57
21165,12.64
23779,52.14
26500,12.64
108821,12.64
117052,12.64
8604,12.65
33568,69.45
60176,92.65
111688,12.65
34031,12.66
60550,12.66
60735,12.67
89040,115.73
33726,134.71
71858,35.72
86191,30.44
103455,46.75
1206,12.74
5208,201.74
27276,12.74
37293,12.74
54977,12.74
75254,45.95
101770,40.73
110339,12.74
119017,67.74
123534,82.73
12125,12.75
13898,158.75
16668,45.74
25185,77.63
34569,12.75
35962,102.25
41067,475.6
44236,12.75
62890,12.75
63547,12.75
73223,67.75
76113,31.5
91990,139.7
109066,26.84
124187,698.74
1222,12.76
51890,12.76
91077,12.76
11091,117.82
57325,12.77
7890,100.73
15161,42.66
28502,152.77
30145,75.72
60614,12.78
121417,53.5
3973,127.79
6082,12.8
7105,57.8
7294,353.75
9787,67.5
12568,112.79
14938,39.8
19085,12.8
21764,220.28
23944,44.16
26670,12.8
33286,212.75
40018,85.38
41850,12.8
46054,62.75
56242,12.8
62065,12.8
62793,52.79
65611,12.8
72749,149.75
74691,57.79
80677,170.7
81519,12.8
90773,283.78
97740,101.8
102794,12.8
106302,12.8
115375,77.3
124653,34.79
41943,12.83
58901,28.85
8603,36.88
72759,58.89
13427,105.33
21975,119.31
29627,161.68
29839,184.83
36169,12.9
46030,330.89
46866,62.85
55660,12.9
59550,184.9
68217,26.9
73830,12.9
74550,12.9
89142,12.9
93070,100.9
117358,152.9
6096,12.91
25770,59.2
49513,27.9
110025,187.61
79996,12.92
19191,105.9
65122,12.93
66540,12.93
86221,12.93
96805,12.94
1182,12.95
2170,12.95
2727,12.95
4861,117.95
5520,98.22
6532,180.41
9495,12.95
9770,146.39
11749,12.95
15274,42.83
19941,12.95
20582,12.95
22692,12.95
28672,12.95
30916,12.95
34596,42.94
34980,102.95
36352,12.95
36887,12.95
39637,12.95
48828,12.95
49145,100.95
53299,36.95
55304,12.95
55872,78.95
56096,170.17
63767,12.95
66888,152.95
69776,12.95
73971,12.95
74081,12.95
74353,60.95
77222,154.45
78873,12.95
79007,12.95
84160,12.95
86422,97.42
90799,12.95
93987,52.45
96940,12.95
97204,12.95
97300,12.95
98478,141.9
98838,81.95
102769,12.95
102770,182.95
102945,118.94
104904,149.94
110805,30.95
113443,42.25
115283,142.95
118232,12.95
124203,12.95
62273,305.94
66834,12.96
119241,239.95
121977,29.91
68930,38.87
69073,12.97
72164,12.97
92004,12.97
110293,12.97
113311,86.96
114114,12.97
118102,12.97
6017,12.98
10877,12.98
11330,116.46
16443,52.98
16517,44.88
27887,12.98
29739,174.93
45283,62.98
46625,12.98
57587,12.98
58886,12.98
61370,12.98
62158,69.96
66348,12.98
68486,12.98
75534,108.65
83251,167.0
105217,12.98
120618,12.98
272,12.99
2045,175.26
2192,123.97
2418,12.99
3779,12.99
4059,12.99
4478,12.99
4919,86.99
5092,12.99
5172,116.28
5885,12.99
6668,12.99
6799,139.96
7136,53.98
7796,160.99
8041,12.99
8507,12.99
8800,110.98
9191,120.99
9650,12.99
11127,12.99
11354,12.99
11547,12.99
12269,396.99
13673,12.99
13708,12.99
13776,12.99
14816,107.98
15235,12.99
15259,150.94
15381,12.99
15710,12.99
15739,12.99
15958,233.99
16655,12.99
17104,12.99
18433,72.98
18501,12.99
18583,12.99
18827,32.98
19538,12.99
21223,37.98
22223,12.99
22626,12.99
22936,12.99
23292,12.99
23652,12.99
24056,12.99
25398,67.68
26444,12.99
26604,146.79
26683,12.99
27309,12.99
27547,12.99
28667,12.99
28903,42.98
29287,12.99
31149,12.99
32237,12.99
32470,177.99
33253,12.99
33275,12.99
33970,124.74
34624,12.99
36753,12.99
36819,81.99
37303,12.99
37700,12.99
38817,12.99
39502,45.48
39750,12.99
40223,120.99
40503,32.49
40888,79.8
41244,228.94
41521,72.49
43719,170.49
45827,12.99
45875,12.99
46387,12.99
47066,114.99
47556,169.62
47833,56.99
49438,215.99
49903,196.12
50024,12.99
50380,12.99
51834,12.99
52519,12.99
52590,12.99
53789,85.99
54432,152.99
54558,12.99
54643,12.99
55158,12.99
55623,12.99
55785,116.44
56232,12.99
56241,144.29
57757,177.99
58000,43.17
59437,12.99
59442,67.99
60698,184.39
61083,139.93
61342,132.94
61674,12.99
62484,12.99
62596,76.44
62933,12.99
63099,12.99
63183,91.99
63247,32.98
63583,32.19
63695,12.99
63912,12.99
64607,209.17
65733,12.99
67071,28.99
67413,62.98
68359,113.98
69398,12.99
69783,47.14
70820,117.24
72347,12.99
72785,37.24
72804,12.99
76059,12.99
76909,192.97
77531,113.54
78063,40.99
79207,41.98
80364,64.92
81201,12.99
81257,12.99
81472,51.98
82832,12.99
83212,12.99
85042,32.98
86112,252.99
86250,12.99
86837,12.99
87221,12.99
87326,12.99
87395,12.99
87641,156.55
87657,12.99
88385,138.44
88418,96.17
88585,12.99
89059,100.99
90062,120.96
90677,30.98
91046,12.99
91185,150.93
91884,82.49
91885,207.48
91987,12.99
92722,12.99
94777,12.99
96425,12.99
96611,90.99
97751,153.41
99232,63.64
100133,151.94
100565,12.99
100815,152.21
100838,12.99
101021,12.99
101525,80.99
101786,40.99
102543,54.98
102736,12.99
102953,12.99
103026,353.94
103140,57.49
103180,12.99
104008,28.96
104143,12.99
105108,43.94
105502,12.99
107676,12.99
108005,12.99
109012,12.99
109059,12.99
111175,136.93
112063,12.99
112612,147.47
113852,12.99
114734,234.87
115860,133.46
116063,122.55
116786,39.98
116977,252.94
117128,12.99
117588,90.99
118284,153.99
118869,255.29
121413,12.99
123369,97.98
123387,12.99
776,13.0
1180,13.0
9186,77.18
11577,13.0
12683,611.0
12772,54.99
12997,212.0
14674,221.93
16364,13.0
18391,232.94
20078,13.0
21757,13.0
22182,13.0
26440,179.96
26561,185.0
26620,13.0
27833,161.98
30213,13.0
32516,13.0
33273,13.0
34184,69.99
34386,13.0
34665,13.0
35338,13.0
36853,13.0
40793,31.99
41139,98.98
41777,96.0
42143,13.0
43122,121.5
43731,172.0
49286,131.99
51306,13.0
52287,13.0
54265,52.5
55369,42.97
57404,13.0
58799,55.99
59706,137.11
61475,143.99
61655,28.37
62334,13.0
66165,13.0
67542,45.99
72638,13.0
74758,37.99
75194,111.0
77485,13.0
78125,13.0
78673,205.49
79425,13.0
82946,13.0
83506,13.0
85753,42.0
85903,13.0
90558,77.99
94303,40.99
95143,237.0
96086,97.0
96644,13.0
97084,13.0
97396,13.0
98587,13.0
100351,13.0
100422,13.0
100518,171.99
101639,13.0
103854,13.0
103963,189.03
104675,13.0
109110,13.0
112481,13.0
114818,327.9
123339,28.0
123508,13.0
123918,13.0
124298,272.84
40196,13.01
87037,495.01
106520,94.95
48559,13.02
106513,13.02
19389,13.04
81211,13.04
98900,163.04
40719,522.6
108517,122.55
63395,227.06
75029,13.07
106435,31.57
22036,35.11
121433,122.11
9805,227.64
75844,13.18
110725,13.18
61292,13.19
86931,172.69
42767,153.19
49930,13.2
70874,174.69
22976,81.86
44780,13.22
118056,13.22
56851,13.23
69167,68.18
70102,67.73
124008,13.24
35703,13.25
105177,13.25
35220,253.2
45572,13.26
51621,13.26
68773,13.26
81374,49.26
51768,43.25
66467,13.27
112586,13.27
113682,13.27
123309,113.4
14620,13.3
48525,183.3
12120,13.31
24785,60.3
68488,13.31
79897,13.31
100487,13.31
112259,13.31
43628,13.33
93437,43.33
48164,13.34
56040,36.29
66292,43.61
114466,13.34
12474,13.35
16938,51.23
23355,206.84
34526,26.88
94161,13.35
106383,13.37
58698,13.38
75947,13.38
22337,71.39
66505,136.0
117117,13.4
122756,42.21
11755,13.41
48382,13.41
73112,13.41
110130,148.9
95877,112.42
47794,13.43
104517,58.45
4774,13.48
66138,13.48
6580,401.44
8541,13.49
15765,13.49
17151,13.49
24510,407.43
24740,27.44
27589,38.49
51288,13.49
54988,13.49
56163,88.48
74426,155.45
80202,158.49
84495,61.49
113915,13.49
122522,88.98
1714,13.5
7887,62.5
15398,13.5
24834,13.5
27267,71.5
28419,13.5
32278,339.96
32338,97.43
39495,13.5
45121,13.5
48268,48.49
49295,91.35
53314,13.5
57808,38.5
60739,13.5
60767,121.5
64331,33.49
67058,260.81
67425,948.42
69047,13.5
72081,13.5
73945,13.5
77139,109.49
82070,13.5
84255,153.49
88199,205.4
104390,192.5
104550,13.5
114839,41.49
116568,164.48
119154,48.0
121531,13.5
123378,13.5
121942,302.3
11203,13.53
46870,30.2
86199,13.53
103819,13.53
24297,13.54
70427,130.73
73988,141.54
17011,273.49
78599,13.55
78666,13.55
20328,13.56
24513,52.55
46969,13.56
61975,13.56
100816,13.56
103290,372.01
49813,63.56
99914,13.57
5809,35.58
12593,916.59
70482,237.09
81807,185.59
89775,200.95
89799,51.08
92924,13.59
97281,95.57
104779,48.58
111220,73.58
4722,13.6
6418,13.6
23296,30.34
31183,173.38
80515,13.6
85877,13.6
100039,28.34
106008,522.09
113815,471.58
119776,13.6
121857,41.59
3786,13.61
54126,93.56
8045,38.61
55391,165.07
117956,93.61
40248,13.64
64598,13.64
66814,38.64
21138,13.65
21689,131.11
62214,13.65
64007,13.65
69162,13.65
80931,13.65
95527,13.65
101457,43.6
44263,129.69
64494,145.7
118266,207.8
119650,13.7
872,13.71
35620,63.66
110751,53.71
4440,13.72
9570,139.34
112445,232.72
3199,13.73
21742,13.73
23451,113.45
34591,13.73
42800,106.21
51261,73.73
76804,121.23
81840,13.73
91618,13.73
92347,13.73
109363,13.73
2612,13.74
74914,114.73
108987,65.99
614,13.75
13228,86.74
14707,13.75
24760,37.72
38829,13.75
55126,191.73
66790,13.75
68435,55.75
74268,13.75
74377,13.75
81113,55.75
92974,89.69
119636,68.75
124521,109.82
78087,13.76
21771,13.77
24773,51.26
117499,13.77
115741,13.78
560,13.79
17210,161.73
17817,13.79
31505,51.79
32826,29.31
40301,13.79
55264,43.78
59896,53.78
66686,53.78
71716,13.79
79099,73.49
94085,47.78
99655,13.79
113499,137.79
8563,13.8
9349,48.79
29970,13.8
46127,13.8
86719,109.79
91285,186.81
96309,201.8
66842,13.82
103763,13.82
23909,13.87
24375,13.87
28644,93.81
34309,248.85
44383,93.87
90349,13.87
92557,75.86
13753,41.88
16985,13.88
24985,115.36
28162,13.88
73086,177.72
75789,38.85
102296,290.86
39777,83.33
12461,13.9
12590,13.9
28084,359.63
42731,83.89
59912,13.9
63919,118.35
73946,13.9
83532,138.3
84989,13.9
97569,13.9
15006,33.9
13402,113.87
55953,13.92
109068,63.92
113009,13.92
1519,13.93
22819,13.93
29085,264.93
44227,33.9
45111,31.93
78288,52.49
86746,93.92
116006,13.93
17715,13.94
23687,30.94
26214,13.94
31348,13.94
56896,99.44
69980,13.94
77376,133.89
85603,13.94
89436,90.44
91039,13.94
102693,13.94
111604,254.72
111935,13.94
7962,13.95
10209,151.88
12702,13.95
13910,13.95
14875,83.45
21294,13.95
25344,35.94
30833,100.53
35206,43.94
44276,161.95
46029,13.95
50956,13.95
52052,232.95
52177,13.95
67470,13.95
84718,90.38
84764,573.83
88054,13.95
109950,13.95
34489,13.96
57515,35.95
72242,13.96
116692,13.96
27134,13.97
45789,154.87
47525,337.85
69717,13.97
96912,38.97
106330,92.44
109003,876.97
110255,13.97
31453,83.96
112,13.99
1385,13.99
2981,13.99
3526,61.99
4944,78.94
7601,43.98
9889,63.17
10904,83.99
12192,29.98
13545,13.99
13735,13.99
15357,13.99
15503,65.97
16436,13.99
17344,13.99
17812,13.99
18507,76.96
19897,157.94
20305,260.98
20626,29.89
21388,81.99
21505,13.99
21931,13.99
22940,29.99
24322,63.49
24882,13.99
25105,319.98
27150,162.99
27516,13.99
27857,59.94
28176,13.99
29403,13.99
30143,51.25
31872,13.99
32206,13.99
32468,13.99
32661,38.98
33352,60.94
35928,13.99
36699,13.99
37238,13.99
38754,51.99
39341,13.99
44470,74.48
45001,13.99
47877,49.99
48060,161.99
49780,35.96
49920,13.99
50818,13.99
56708,201.99
57054,116.26
57946,13.99
58633,13.99
60912,159.38
61632,103.98
62064,1193.99
62416,173.99
62628,13.99
63365,45.99
64997,13.99
65894,94.92
66840,52.97
67143,13.99
68329,53.98
69847,13.99
71502,13.99
72178,13.99
72448,55.99
73791,111.99
73930,13.99
74559,48.94
76215,13.99
76468,13.99
77254,13.99
80145,13.99
80491,13.99
81687,13.99
81976,13.99
82936,46.94
83972,38.99
84170,13.99
84363,13.99
86351,13.99
87030,88.99
87680,13.99
87907,13.99
88027,13.99
88284,123.98
89169,13.99
89494,13.99
91460,13.99
94249,13.99
95929,263.98
95976,28.06
96990,13.99
97479,13.99
97660,13.99
97684,65.94
97784,63.49
98602,171.98
98855,13.99
99341,157.49
99481,144.9
100119,69.92
106305,13.99
107255,13.99
107807,195.83
110321,13.99
110904,13.99
112038,93.94
112941,163.44
113078,57.95
114579,56.1
114860,35.94
116107,13.99
118606,13.99
118710,64.98
118864,28.99
121416,59.96
123685,58.98
123812,13.99
124257,41.94
125087,116.93
108,37.9
128,14.0
853,14.0
1188,98.28
2714,44.0
2920,763.99
3762,53.95
4519,14.0
5901,14.0
5994,14.0
6332,14.0
6379,14.0
6423,431.0
8691,14.0
9884,112.9
9976,14.0
10784,14.0
11223,56.0
15467,14.0
16200,14.0
16723,14.0
17477,14.0
18407,112.0
19267,163.52
24906,14.0
25537,114.0
26123,114.0
26830,14.0
28047,45.99
29275,278.0
30449,14.0
30587,14.0
31362,53.99
32987,43.5
33236,14.0
35656,60.22
38143,14.0
39004,809.0
40684,265.82
41428,252.11
42056,112.0
44266,14.0
44341,44.0
45865,14.0
45896,14.0
47313,14.0
47580,118.95
47979,14.0
48269,173.95
48966,14.0
49512,14.0
52062,257.0
52386,14.0
52509,14.0
54161,14.0
54615,50.0
54728,38.99
55093,14.0
55557,14.0
55668,14.0
55997,280.5
57310,14.0
57409,14.0
58283,14.0
58913,94.0
59026,43.99
60464,14.0
60933,14.0
61091,14.0
61145,14.0
61572,84.99
61905,14.0
63143,35.99
63471,29.67
63871,69.0
64851,14.0
65182,14.0
65895,14.0
66792,14.0
67412,66.0
67801,14.0
68440,14.0
68644,97.94
69781,390.95
69922,14.0
70860,14.0
71353,14.0
71847,14.0
71945,63.76
72768,14.0
73737,66.13
73782,14.0
74620,58.0
74651,75.49
74842,14.0
74851,14.0
76777,14.0
77614,14.0
78194,87.9
79385,14.0
84706,38.95
85632,14.0
86635,66.0
87278,105.95
89473,14.0
90496,148.99
95087,48.5
95094,14.0
95611,14.0
95712,14.0
95797,84.57
96166,134.9
97630,14.0
99178,14.0
99747,135.94
100729,14.0
100902,14.0
101065,14.0
101773,14.0
101949,72.95
102107,33.9
103151,14.0
104384,95.69
104601,14.0
106649,14.0
107772,14.0
108315,14.0
109541,14.0
109697,295.0
109795,49.0
110579,14.0
110980,93.99
112087,14.0
114043,48.95
114074,178.94
114102,14.0
114554,14.0
116169,142.0
116848,153.73
117557,76.97
117726,117.98
119965,14.0
120634,14.0
120889,39.0
123436,14.0
123578,14.0
123582,14.0
123669,158.09
124934,14.0
55911,153.59
69959,130.39
103688,41.17
111041,57.89
77310,14.02
33962,146.61
46977,14.05
68710,38.05
5961,14.07
11116,64.06
48491,14.07
77860,114.06
101272,14.07
117477,119.07
29533,14.08
115531,31.03
19397,35.09
25090,14.09
44490,80.08
111715,166.58
3386,14.12
7306,49.11
11176,14.12
50034,48.12
51927,99.11
58309,49.07
46672,83.63
56140,158.12
67228,14.13
71657,147.12
76273,33.25
80038,124.13
85749,14.13
107379,14.13
39107,39.13
95565,134.14
24766,14.15
85771,83.01
108320,48.14
96490,203.16
33474,14.18
108617,14.18
119576,14.18
7813,83.19
19943,39.14
31442,86.56
76553,14.19
77711,99.18
7598,14.2
16647,183.2
38213,14.2
49381,14.2
108411,14.2
18486,14.21
67755,14.21
39024,79.22
5095,671.15
11146,39.24
33136,14.24
51844,14.24
60390,14.24
20632,1032.25
46045,14.25
55134,109.2
57931,62.25
63288,14.25
66209,151.51
124100,14.27
80034,53.26
93825,32.29
12646,14.33
81125,14.33
112646,141.83
4003,14.34
12919,44.43
116156,119.33
72838,334.79
28050,14.39
38133,112.34
56660,59.39
121130,63.39
123716,14.39
8462,14.4
12087,279.29
12699,104.39
16882,14.4
19690,14.4
20454,14.4
25164,166.45
28388,14.4
34848,14.4
39350,145.28
46586,14.4
46865,14.4
50067,97.78
75875,157.08
79003,14.4
85208,32.39
91538,14.4
91962,53.02
93812,14.4
97718,39.4
109759,14.4
110193,41.4
116483,76.39
123384,14.4
7385,14.41
34086,94.41
44662,14.41
53779,44.41
121350,14.41
124150,14.41
54583,14.43
95394,14.43
18272,52.44
18884,45.48
23435,14.45
49420,14.45
116227,14.45
24380,14.46
71222,146.46
29423,14.48
33168,14.48
35058,14.48
42673,14.48
52993,183.98
44601,14.49
679,69.49
4903,14.5
5645,14.5
5902,14.5
7836,14.5
15857,203.18
25362,114.5
25610,162.31
33264,14.5
33788,99.45
36013,104.47
36651,14.5
38187,14.5
39479,14.5
47613,94.45
48700,40.5
50505,14.5
50883,14.5
52271,14.5
52947,14.5
53357,29.49
67092,14.5
76736,162.5
76818,14.5
77785,14.5
78934,14.5
80630,14.5
84127,164.49
84757,122.48
88842,14.5
92523,41.49
112919,14.5
117070,39.5
117246,189.45
117653,64.49
120725,51.62
121158,62.5
40868,14.51
16535,14.54
44562,14.54
82369,88.52
18025,137.5
49430,64.54
59088,14.55
75535,14.55
77988,114.55
79295,14.55
107594,130.7
12386,59.07
85567,64.52
120505,14.59
41790,14.6
49777,233.23
100725,214.6
85666,14.61
101360,14.61
10688,297.0
90227,142.62
51987,14.63
97153,40.63
112269,92.63
119160,14.63
107641,14.65
21417,14.67
39437,14.67
40283,62.67
81058,38.67
86653,14.67
58021,192.69
93704,57.68
100920,14.69
37917,14.7
42738,294.7
66578,242.7
87490,14.7
1723,238.07
5532,14.72
1882,41.74
7221,14.74
10230,14.75
80498,14.75
41128,111.75
54740,14.76
3157,14.78
84505,14.79
16360,14.81
27967,77.76
28378,14.81
43509,14.81
44526,14.81
74922,14.81
95387,29.79
30417,74.32
38282,111.77
72909,258.76
91812,14.82
101062,254.82
69460,14.83
31928,56.83
59795,122.83
63852,215.27
88576,14.84
99935,178.83
17580,110.87
20593,14.87
69787,14.87
8805,46.65
9029,64.4
11263,14.9
14287,14.9
16599,182.21
28445,126.31
31944,39.9
34122,184.9
34189,14.9
36578,100.9
38701,14.9
40255,14.9
44776,14.9
50003,14.9
51390,34.9
52864,48.89
58199,31.89
63474,424.39
71139,89.9
72413,54.89
74391,74.4
75239,14.9
79838,104.9
87592,29.89
89532,14.9
89746,122.75
98642,14.9
106216,309.89
110363,39.9
112094,52.9
115890,14.9
121111,47.9
24952,14.94
92339,14.94
633,14.95
870,54.95
1566,63.7
3154,79.9
10526,105.5
11803,14.95
14262,104.73
15533,14.95
17220,39.95
18451,64.9
24053,14.95
25016,31.91
25488,272.49
29056,96.91
32812,67.75
33111,94.9
33645,73.4
33750,14.95
40520,14.95
40709,14.95
43891,54.96
45405,14.95
50902,14.95
53074,14.95
58267,14.95
58617,14.95
64423,75.2
64981,14.95
67794,14.95
74735,39.85
74960,14.95
75567,14.95
75574,64.45
76204,153.93
79818,226.95
82811,82.93
84947,14.95
86045,14.95
87062,46.95
92185,14.95
93203,153.8
99610,14.95
101819,44.95
102198,14.95
104758,14.95
104769,61.95
105214,14.95
105309,59.94
105859,287.93
108670,88.93
111019,14.95
112566,14.95
117144,14.95
118906,14.95
120293,14.95
120483,14.95
121946,55.42
123156,14.95
124197,102.95
4400,300.97
6346,14.97
6579,14.97
31724,14.97
32464,14.97
37918,14.97
57440,14.97
62378,298.77
72215,49.96
81758,115.91
86706,172.47
102781,14.97
114989,14.97
738,30.28
1331,112.98
9959,14.98
18058,14.98
18891,41.7
21340,146.97
22486,14.98
23450,14.98
32601,54.97
33779,54.97
39880,14.98
41609,14.98
45949,67.75
58033,234.48
59503,14.98
60302,14.98
60574,148.98
60730,14.98
65478,14.98
66223,14.98
69613,80.73
72355,14.98
78347,71.71
78507,14.98
79748,203.98
81141,88.98
86565,14.98
90728,164.96
91105,14.98
92663,164.97
105918,116.31
108114,38.73
110373,14.98
230,233.98
358,14.99
1486,14.99
1612,44.89
1965,14.99
2065,292.92
2067,14.99
2769,192.98
2825,112.99
3519,14.99
3728,14.99
3736,91.83
3817,14.99
4121,14.99
4212,164.99
4555,14.99
4647,14.99
4656,126.97
4805,163.99
4920,194.98
5278,31.94
6129,49.29
6760,14.99
7809,14.99
8872,14.99
9480,89.98
9550,14.99
11056,165.89
11335,14.99
11501,14.99
12393,638.94
13016,14.99
13120,14.99
13471,14.99
13648,14.99
14519,14.99
14797,44.98
15157,14.99
15734,14.99
16538,48.85
16558,14.99
16774,14.99
17102,14.99
17367,158.91
17453,14.99
20822,172.99
21040,45.92
21736,14.99
22144,39.99
22515,14.99
22586,104.98
22621,14.99
22782,14.99
22916,409.97
24207,14.99
24232,179.95
24583,14.99
24977,47.62
25124,191.3
25391,14.99
26151,14.99
26751,14.99
27131,171.72
27224,14.99
27613,221.87
27677,14.99
27738,14.99
27845,14.99
27878,14.99
27924,14.99
28058,14.99
28503,14.99
28718,122.99
28741,14.99
29169,314.47
29321,14.99
29882,102.99
29996,182.99
30069,35.47
30243,733.98
30504,14.99
30784,14.99
31980,164.99
32175,14.99
32382,14.99
33205,14.99
34137,74.94
35089,14.99
35287,14.99
35798,14.99
35884,14.99
36125,77.35
36133,118.97
36311,110.94
36994,14.99
37428,59.97
38074,67.94
38595,44.98
38743,14.99
39563,14.99
40479,138.99
40963,14.99
41197,143.48
42270,14.99
42463,102.99
42503,119.99
42847,52.97
43192,49.94
43254,53.35
43753,14.99
45798,54.94
45850,99.99
45914,14.99
47045,138.87
47090,98.98
47262,82.7
47807,84.98
48039,14.99
48666,69.99
48691,36.98
49670,517.98
49805,14.99
50209,263.94
50674,74.98
50706,14.99
51343,14.99
51397,14.99
52530,34.98
53465,14.99
53676,14.99
54144,14.99
55171,14.99
55579,14.99
56119,14.99
56441,14.99
56779,14.99
57118,72.99
57828,14.99
58517,295.39
58764,14.99
59047,14.99
60880,14.99
61210,14.99
61381,127.94
61622,14.99
62992,14.99
63535,148.14
64718,49.98
64732,93.99
65011,14.99
65035,14.99
65816,40.92
66244,83.99
66664,14.99
66705,14.99
67968,51.99
68736,53.99
69609,14.99
71006,14.99
71381,14.99
71725,122.99
72449,40.97
72561,124.99
72755,14.99
73283,172.49
73953,14.99
74644,14.99
76148,55.9
76254,14.99
76379,140.99
76583,14.99
76676,14.99
77148,14.99
77392,112.99
77973,104.49
78586,54.98
79054,14.99
79234,14.99
79240,65.98
79603,99.64
80553,14.99
80621,56.43
80628,14.99
81160,76.73
82397,14.99
82588,14.99
83081,14.99
83529,14.99
84122,127.99
84434,14.99
85150,14.99
85981,14.99
86137,41.99
86321,74.49
86582,14.99
86609,14.99
86720,94.94
87056,186.55
88553,503.99
90688,14.99
91165,14.99
92186,14.99
92229,14.99
92832,125.56
93018,108.88
93042,94.98
94045,435.72
94832,14.99
95021,14.99
95272,14.99
95920,14.99
96068,174.91
96069,40.98
96084,68.99
96144,14.99
96286,203.94
96442,35.89
96583,74.94
97029,202.99
97590,14.99
98313,14.99
98535,14.99
98601,14.99
99645,14.99
99834,144.92
100340,14.99
100967,125.99
101149,245.59
101255,250.97
101445,14.99
101908,14.99
102229,14.99
102385,14.99
103390,64.44
103411,93.6
105161,14.99
105543,39.98
106127,77.38
106621,232.99
107096,94.49
107375,294.98
107530,14.99
108261,250.89
108302,14.99
109063,14.99
109536,34.99
110396,14.99
110471,14.99
110590,14.99
110832,214.93
110854,172.49
111315,144.98
111704,30.99
111848,54.99
113166,54.99
113211,39.99
113864,57.09
114109,14.99
114754,14.99
116281,14.99
116509,14.99
116809,14.99
116934,14.99
117380,14.99
117550,14.99
117815,14.99
118164,14.99
118491,54.98
119242,49.98
120006,14.99
120281,14.99
120347,54.98
120473,14.99
120545,14.99
121870,114.98
122334,139.98
122653,134.98
122714,192.99
122856,144.97
122947,14.99
123020,14.99
123027,14.99
123752,14.99
124090,14.99
124214,46.99
124499,34.99
240,15.0
2046,184.0
3443,68.55
4134,15.0
5941,15.0
6010,15.0
6636,15.0
6738,287.49
7049,15.0
7776,144.0
8372,144.99
8713,15.0
8735,15.0
8792,15.0
9747,15.0
9878,15.0
10262,103.0
10322,15.0
10638,67.99
11777,164.95
12015,15.0
12229,124.99
12551,191.0
12888,15.0
13184,272.9
13230,15.0
14507,64.5
14743,95.99
16469,35.0
16890,15.0
17280,65.0
17321,79.95
17552,15.0
17704,218.9
17913,15.0
18167,15.0
18610,15.0
19875,54.5
20018,32.9
21443,72.0
21730,142.99
22121,15.0
22167,104.95
22804,15.0
23261,15.0
23676,15.0
26073,30.0
26603,15.0
26979,186.88
27368,31.0
27393,15.0
27618,15.0
28624,87.45
29596,258.0
29807,153.98
29892,421.93
30767,15.0
30856,54.99
31035,55.6
31488,213.0
32858,15.0
33078,15.0
34171,40.73
34353,40.0
34437,15.0
35914,44.71
36757,125.0
37144,34.9
37252,30.95
38393,57.99
39698,229.0
39890,53.5
40112,15.0
40181,15.0
40434,73.19
40828,44.95
41805,15.0
42517,245.4
43966,15.0
44240,69.0
45469,15.0
45475,15.0
45932,15.0
46269,15.0
47755,15.0
48361,209.55
48668,15.0
49401,276.95
49706,156.4
50094,15.0
50615,86.89
51378,15.0
51798,15.0
52291,15.0
53245,15.0
53837,15.0
54152,43.0
54168,15.0
56415,15.0
56886,15.0
56892,43.95
56990,174.0
57431,15.0
57624,15.0
57840,80.0
58429,15.0
58637,15.0
58657,15.0
59257,15.0
59405,220.99
59700,153.0
60151,327.99
61043,194.95
61793,15.0
61848,98.56
61896,15.0
61973,15.0
62274,188.17
64008,15.0
64617,36.35
64841,41.1
65240,121.25
65506,15.0
66085,15.0
66764,83.95
67323,15.0
67457,79.95
67565,15.0
67848,155.0
67875,77.82
68241,15.0
68711,129.95
68987,64.0
69579,153.98
70031,49.0
70201,15.0
70331,268.59
71065,114.95
72535,318.8
73479,15.0
74747,15.0
75705,15.0
76481,15.0
76593,214.48
76732,15.0
78182,15.0
78264,15.0
78892,15.0
79438,15.0
79618,30.6
80292,319.95
80398,98.36
80455,15.0
81506,90.73
81797,15.0
82440,104.99
82579,15.0
82597,15.0
82759,35.0
83874,15.0
84347,233.41
84441,15.0
85083,36.95
85400,15.0
86953,15.0
87173,15.0
87588,15.0
87920,114.5
88949,32.99
89097,15.0
89225,94.0
89317,15.0
89718,15.0
90139,15.0
90394,40.0
91391,57.99
92332,70.38
94014,85.98
96648,15.0
97015,15.0
98519,38.99
98571,145.0
98683,15.0
98712,100.0
100036,94.0
100300,169.95
101656,99.94
102005,15.0
104356,15.0
104521,15.0
105330,31.0
106152,15.0
106340,15.0
106562,122.99
107852,51.0
107951,40.0
108312,32.99
108878,15.0
109550,50.0
109556,90.0
110009,15.0
110186,34.99
112633,15.0
113277,15.0
113645,54.95
114013,34.99
114471,15.0
115357,15.0
115725,15.0
116647,196.49
117063,15.0
117115,53.0
117854,15.0
118883,123.95
119220,78.6
119564,318.4
119590,447.9
119763,64.95
120317,15.0
120509,144.99
120554,15.0
121612,142.51
121737,33.99
122486,15.0
123118,60.0
123246,15.0
125068,15.0
10956,62.31
51399,15.03
53727,45.02
23260,151.63
44903,15.05
99501,15.05
101306,15.05
115242,15.05
115886,15.05
5478,15.06
27996,15.06
61675,94.01
74656,103.06
75036,15.06
75479,157.05
7834,15.07
65990,39.06
17323,15.08
51326,170.24
25340,15.09
44658,95.04
23253,15.1
37466,15.1
75798,54.6
107799,32.09
70408,15.13
34248,15.16
57966,113.41
73074,134.16
94746,366.65
98294,15.16
104688,32.16
111964,15.16
120902,213.62
53838,15.18
64115,15.18
78346,15.19
81332,143.49
15252,419.18
19149,15.21
27612,15.21
31353,15.21
99387,316.11
106189,15.21
111270,111.2
11885,162.73
50318,373.24
54415,15.24
83203,100.69
98764,49.24
113298,15.24
115892,242.19
120851,15.24
6105,146.15
20473,15.27
27008,70.27
31014,192.27
35949,15.28
38964,15.28
53324,135.49
67403,65.27
71401,338.23
79685,15.28
96469,15.28
100765,15.28
107001,147.28
109112,15.28
4011,83.3
77132,130.3
80655,55.9
88064,188.59
98771,40.29
113688,125.28
124832,15.3
79706,15.32
83917,15.32
105529,15.32
56863,15.33
121683,15.33
6704,379.82
117381,15.34
78679,15.38
41573,57.41
94839,142.93
27891,177.43
46126,15.44
48595,276.93
79390,15.44
100344,44.44
82223,40.45
115181,15.45
68803,15.49
69455,15.49
113835,15.49
9419,50.49
41019,15.5
50507,147.49
62935,44.45
20529,40.52
22836,15.54
114038,15.55
103857,15.56
105247,15.56
124060,15.56
14257,15.6
42647,15.6
74992,161.6
102975,130.6
7579,15.64
7991,15.64
56111,232.6
80519,40.64
81021,115.08
95354,50.63
103943,37.64
112712,205.0
114082,149.14
121435,15.64
42610,15.66
64196,15.66
68820,15.66
12118,15.67
39294,73.67
50079,138.53
64806,219.67
66812,15.67
69350,345.66
72932,90.25
110408,15.67
123466,15.67
62073,15.68
83060,270.18
106617,15.68
8012,158.18
25127,45.7
34485,35.65
78918,114.7
42930,94.69
75861,15.71
78012,15.71
71549,40.72
37230,193.74
3750,15.75
5345,145.25
6235,15.75
7527,32.74
9234,15.75
18982,120.19
22471,15.75
24814,15.75
37410,15.75
50151,183.25
61323,15.75
65239,15.75
74108,15.75
77228,15.75
77644,55.75
81998,40.75
91163,15.75
96241,15.75
99293,15.75
99313,61.18
114265,15.75
21060,15.8
51764,15.8
115573,283.7
41455,117.65
17400,15.84
71140,15.84
11973,15.86
40965,112.86
64049,103.36
87809,42.86
100705,15.87
3976,15.88
17170,165.88
22168,43.87
57043,126.55
42536,15.89
1631,15.9
3942,15.9
7429,15.9
16706,15.9
18417,138.89
22749,105.85
26725,15.9
26767,60.89
28077,15.9
29995,51.85
41020,125.9
42302,15.9
43335,15.9
43650,165.87
44650,239.38
55292,15.9
64020,186.85
68927,15.9
71705,15.9
94618,15.9
108958,15.9
62975,297.17
85926,85.86
109006,456.3
22705,64.59
65320,163.2
117629,15.94
7958,117.9
8204,15.95
12503,15.95
12995,15.95
15251,112.03
16596,15.95
16743,264.93
20687,336.95
24435,15.95
26076,15.95
26735,15.95
28413,15.95
29246,33.94
29957,185.94
35447,15.95
40556,145.9
48593,15.95
50770,15.95
51572,158.65
54181,198.94
62113,70.95
62744,15.95
63467,15.95
65636,40.95
66222,456.89
66830,50.95
67878,15.95
71284,15.95
73132,85.45
76064,125.93
77215,127.92
77613,50.93
78190,15.95
79366,165.95
81131,67.95
83408,72.95
83870,15.95
87144,15.95
88065,15.95
88353,15.95
88616,15.95
89070,15.95
93773,186.45
97223,15.95
99635,70.35
100604,15.95
100646,15.95
103686,113.95
105032,15.95
105382,60.74
106888,32.85
10195,123.96
24968,53.97
118890,272.94
96979,65.43
1864,15.99
3124,175.99
3556,15.99
4463,100.99
4786,130.48
6210,15.99
6761,15.99
7873,15.99
10797,15.99
11620,40.94
12342,177.99
13109,15.99
14921,186.35
16002,121.94
16073,15.99
17784,43.99
18348,15.99
21554,15.99
21769,15.99
25330,15.99
25507,15.99
26993,151.99
27043,178.68
27744,274.48
30667,47.98
31763,15.99
31873,134.99
32388,15.99
35936,90.62
36301,15.99
37235,15.99
37425,15.99
37633,15.99
37836,15.99
38359,15.99
39142,15.99
40699,65.49
41899,15.99
42102,96.64
44793,15.99
45645,15.99
48443,15.99
49307,15.99
50365,15.99
50592,33.94
51608,15.99
53361,516.27
56574,15.99
57542,15.99
57991,221.44
60709,15.99
61497,48.94
64969,115.99
65305,15.99
65848,37.89
66885,32.98
67697,15.99
70167,15.99
70748,15.99
73491,15.99
73701,105.98
73898,15.99
74115,32.99
74429,15.99
76741,15.99
77034,34.96
77572,322.99
78046,15.99
79627,15.99
79812,15.99
80264,15.99
80518,15.99
82038,90.49
82599,130.99
82635,263.97
86799,15.99
89457,15.99
89664,15.99
89798,15.99
90937,15.99
91304,65.49
91609,15.99
91938,15.99
92628,104.99
93221,75.99
93248,15.99
94218,180.26
95519,15.99
96328,131.97
97128,15.99
97800,40.98
98375,15.99
98388,15.99
98547,15.99
99175,15.99
100745,293.94
105095,15.99
105167,15.99
105649,169.99
106260,15.99
106869,15.99
108173,65.99
109434,223.48
110057,39.97
110311,40.99
111058,84.59
113081,164.49
113136,15.99
114295,114.9
114627,15.99
116100,15.99
117053,15.99
117469,15.99
118051,64.98
119420,95.94
119817,15.99
120085,15.99
120382,51.99
120553,15.99
120672,243.23
120857,15.99
122313,15.99
122734,230.99
123139,182.98
123621,15.99
124170,36.27
125113,119.74
567,16.0
718,74.0
1893,41.0
3801,16.0
4055,16.0
4076,63.99
5908,16.0
6255,16.0
6631,121.5
7511,16.0
8623,127.5
9124,278.93
9288,345.0
9827,40.99
10379,55.99
11671,16.0
12446,50.99
14629,53.0
15122,40.0
15285,16.0
15823,16.0
16642,16.0
18378,16.0
19089,215.99
19266,157.0
19622,16.0
19900,16.0
20190,229.99
21090,261.99
21529,16.0
22349,16.0
24671,16.0
24947,16.0
26663,16.0
28472,16.0
28634,16.0
29303,16.0
30295,16.0
30343,41.5
31826,517.0
31996,16.0
32536,16.0
32931,16.0
33259,146.0
33600,16.0
34716,16.0
37312,16.0
38052,16.0
38403,51.99
39415,85.99
39467,165.17
41136,145.95
42498,16.0
46528,114.94
46700,38.99
46940,76.0
47409,105.99
47665,16.0
49022,16.0
50488,194.0
53162,16.0
53502,46.93
53965,91.74
54679,33.5
55107,206.95
56186,126.89
56914,16.0
57342,89.95
57648,16.0
59985,76.8
61259,16.0
61442,186.0
62844,118.89
62953,175.99
64621,216.91
66436,16.0
67473,110.99
68243,16.0
68268,38.99
68632,16.0
69001,56.9
69605,125.26
72243,197.95
72620,16.0
73245,341.0
73705,16.0
74524,16.0
75268,60.4
77779,214.99
78159,16.0
78530,16.0
78626,35.0
78764,104.45
79577,16.0
79810,210.5
81405,16.0
81981,16.0
82023,16.0
83431,16.0
83705,16.0
85249,16.0
87973,16.0
88599,311.97
89181,16.0
92188,16.0
92394,116.0
94542,16.0
95610,16.0
95653,16.0
95677,170.89
95822,34.95
99007,108.94
99332,16.0
101879,16.0
102901,41.0
104121,16.0
104523,16.0
104778,16.0
105189,75.99
105409,16.0
105705,16.0
106745,85.5
106795,16.0
108072,48.99
108357,157.0
108971,16.0
109310,192.52
109623,84.0
110459,16.0
110723,62.0
112132,52.95
113404,16.0
114050,66.99
114128,16.0
114324,16.0
114599,85.5
114793,16.0
115150,16.0
116336,36.95
116846,16.0
117166,70.0
117312,40.99
117598,16.0
117842,16.0
118153,16.0
119760,221.95
120156,51.99
121262,16.0
121330,51.49
122125,202.95
122746,75.4
39959,55.52
84553,16.01
121249,122.95
46105,41.02
104587,16.02
120936,16.02
62652,16.04
80811,16.04
94619,16.04
69259,16.05
5619,272.05
23636,16.06
28617,16.06
36607,48.01
62374,206.06
64125,16.06
85415,16.06
121042,16.06
40893,16.08
42007,55.58
52154,42.07
53512,16.08
72112,16.08
88025,173.28
88315,16.08
105031,55.28
116771,56.08
117931,16.08
88897,274.31
2363,16.14
14684,306.13
70901,16.14
74322,277.08
95088,217.17
48588,16.19
76237,16.19
7291,159.15
34595,16.2
12083,214.71
24262,216.21
63795,16.21
97440,147.14
39456,59.21
55775,90.22
65822,95.72
84659,16.22
100780,41.22
119983,106.21
6784,71.24
32461,233.21
62320,35.23
81364,16.24
104480,16.24
5143,16.25
14592,194.25
36567,42.48
63458,16.25
79880,16.25
99936,16.25
4862,16.26
33569,16.26
59625,180.92
91181,35.8
91786,16.26
4126,106.32
19371,163.27
96908,36.28
24234,16.35
2396,41.36
34862,158.86
91660,56.34
121497,16.36
36108,16.37
101960,16.37
41421,16.38
69397,84.89
70332,16.38
90412,16.38
109625,418.6
113229,62.32
120652,16.38
107100,16.4
1127,60.41
15288,16.42
20304,16.42
31268,76.32
35788,16.42
110547,225.41
114672,16.42
115079,16.42
3500,16.43
52575,16.43
79744,41.93
12570,16.44
51420,16.44
75866,65.94
38117,16.45
81414,16.45
105009,72.12
105993,227.2
21065,16.47
23544,16.47
64308,94.47
87998,16.47
97476,16.47
19168,126.47
109986,16.49
120916,16.49
26783,16.5
29441,40.48
31594,37.89
35092,98.49
36312,16.5
41463,16.5
46900,121.48
54532,114.5
55576,16.5
56852,16.5
61073,75.5
66982,16.5
70178,72.49
75587,16.5
79680,16.5
79788,85.94
80977,16.5
81830,34.5
82789,16.5
85745,16.5
90611,115.5
91588,16.5
105081,16.5
108284,16.5
110455,16.5
111663,108.49
112792,16.5
116904,16.5
118375,61.49
87792,36.48
115422,16.53
10220,16.57
80958,143.49
3421,66.57
3965,66.03
11572,16.58
13090,16.58
32405,16.58
86007,56.52
93387,86.03
94655,16.58
102495,16.58
111468,150.07
114371,141.98
119897,46.57
13618,147.04
31288,37.59
36160,72.98
44446,16.59
45963,16.59
92525,84.45
114256,16.59
43329,16.6
88458,34.6
118829,104.6
17487,85.63
33619,336.62
43256,16.63
112130,137.58
5907,16.66
10603,16.66
11095,46.66
11448,16.66
19277,16.66
29902,74.14
98414,16.66
114073,16.66
118896,16.66
124218,16.66
14215,51.57
49697,85.24
118138,16.67
26950,16.69
61391,71.19
108575,45.14
120165,127.68
1581,116.69
18700,16.7
81993,65.64
122502,16.74
124741,111.69
23548,16.75
41575,16.75
60526,16.75
71366,16.75
90006,16.75
94072,16.75
101909,119.71
123747,16.75
124908,63.7
18870,16.78
20560,16.78
34300,16.78
42414,16.78
66107,59.28
95636,16.78
106309,81.28
120395,16.78
94393,16.79
18372,16.8
35160,16.8
51297,16.8
79046,63.9
101678,16.83
117080,51.82
11944,16.84
32833,80.93
11554,61.85
29929,79.5
51332,16.85
73043,524.5
76834,16.85
50432,16.86
11045,16.88
18029,160.38
50409,136.88
10,16.9
987,16.9
9177,51.9
11675,16.9
13611,44.9
35912,16.9
41283,41.9
49686,16.9
67451,16.9
67736,16.9
69719,16.9
74648,53.89
75411,36.85
83625,16.9
83692,16.9
88252,16.9
109814,55.4
20017,99.9
37156,53.57
79561,16.92
2390,16.95
3542,1036.93
3948,16.95
6722,16.95
8321,16.95
9503,16.95
10030,16.95
12652,16.95
14480,41.95
15329,16.95
17418,16.95
18987,91.95
19088,16.95
20825,16.95
21019,56.94
22848,124.95
24909,41.95
26223,146.95
33524,16.95
40453,16.95
43123,366.94
43741,362.63
50933,64.94
52595,16.95
53684,16.95
55191,41.95
56182,42.9
56375,42.45
61122,114.45
66137,71.95
67643,16.95
71215,164.06
72663,16.95
75578,16.95
78897,16.95
78912,154.45
81051,16.95
81912,16.95
84145,16.95
85350,16.95
88793,145.95
90743,59.45
90959,16.95
92935,48.95
95241,126.9
97641,16.95
99995,16.95
103295,16.95
106270,107.39
106755,56.95
110748,16.95
112537,16.95
113401,135.95
118430,16.95
20452,49.45
32673,106.91
33642,16.96
50628,16.96
64370,16.96
96327,36.95
110275,16.96
6588,54.97
15843,124.96
27632,16.97
30670,79.81
38552,284.97
40234,16.97
45084,51.97
54191,16.97
55314,16.97
80598,228.96
88678,16.97
92535,16.97
94110,57.96
103777,301.85
114154,79.7
116569,16.97
118489,41.97
20505,49.97
27392,165.14
31180,16.98
35378,16.98
37635,16.98
39167,16.98
49434,16.98
56368,16.98
57516,16.98
59510,16.98
66634,118.19
85392,164.97
108556,111.47
110075,16.98
110400,16.98
110874,110.68
1096,16.99
1716,16.99
2854,16.99
3192,16.99
3432,165.99
3705,16.99
4821,128.99
4983,16.99
5927,63.21
6298,16.99
6513,16.99
6950,142.65
7542,16.99
8023,16.99
9274,339.61
9711,16.99
10354,146.61
11667,16.99
12390,179.94
13562,16.99
13873,63.98
14454,16.99
14647,34.94
16011,16.99
16499,16.99
17068,198.98
18190,16.99
18849,16.99
19386,16.99
19612,16.99
21507,16.99
24187,16.99
24528,16.99
25699,16.99
26020,16.99
26429,46.99
26656,16.99
28637,16.99
29175,16.99
30647,16.99
32189,70.96
33639,16.99
35570,16.99
35729,16.99
40981,226.99
41340,16.99
41666,16.99
43151,16.99
44326,16.99
44459,36.98
45519,105.94
46723,76.95
46851,344.64
47167,16.99
47238,53.37
49482,16.99
52135,16.99
52455,239.5
52631,16.99
53532,16.99
54433,61.99
55460,16.99
56908,198.98
58069,16.99
63084,16.99
64110,16.99
67550,16.99
67889,16.99
68119,56.94
69602,16.99
70766,16.99
71780,16.99
74316,16.99
74786,91.93
74855,16.99
76313,16.99
76454,128.98
78393,16.99
78589,40.49
78822,69.98
78829,91.99
79328,76.98
79925,16.99
81109,16.99
82754,16.99
83423,66.94
90987,176.94
91709,43.49
91863,16.99
93441,16.99
94338,81.99
95584,16.99
95746,40.94
96231,16.99
96828,16.99
97997,16.99
98238,35.01
98462,66.75
100049,71.75
100132,16.99
101529,16.99
104594,63.98
106391,16.99
106836,16.99
106975,16.99
107681,16.99
109025,96.36
109622,37.98
110137,16.99
113034,66.99
114722,16.99
115122,16.99
116587,16.99
120039,195.49
120280,16.99
120790,16.99
120922,114.99
120949,16.99
121355,57.6
122258,64.98
122383,16.99
122651,16.99
124083,182.94
4320,17.0
7300,66.5
11111,115.0
15943,17.0
18102,46.99
22089,76.96
22800,17.0
23424,215.0
23878,17.0
24116,56.95
24147,57.0
24486,17.0
26871,17.0
34260,17.0
34582,66.0
36333,76.99
37588,17.0
41335,17.0
45549,17.0
48815,17.0
49591,17.0
50487,17.0
50690,17.0
51161,17.0
51997,17.0
54736,36.0
56317,17.0
57259,152.0
61300,63.0
61360,17.0
61501,17.0
61631,53.0
62697,72.0
63589,121.35
65658,182.0
67873,129.0
69713,17.0
71794,17.0
72646,17.0
75698,17.0
80522,108.99
81064,17.0
86029,202.0
86101,17.0
87977,85.0
93844,61.5
96791,69.95
98154,136.99
100313,17.0
101641,314.6
104644,91.99
105545,17.0
105857,17.0
106815,17.0
112257,141.68
112913,401.0
113529,58.95
116821,66.0
117782,17.0
121278,125.99
122108,17.0
124679,17.0
3179,17.04
33799,62.03
734,17.05
30560,111.05
40999,54.04
62124,17.05
111631,17.05
116915,17.05
22698,17.1
54113,17.12
1891,17.15
34876,47.15
64415,17.15
89339,112.18
6040,17.2
7449,86.2
47298,17.2
51692,962.18
58819,67.85
12442,81.65
93392,65.23
112796,242.2
92371,17.26
118848,43.25
93738,17.27
64175,17.28
14516,17.32
19321,17.32
37850,34.82
46810,17.32
55306,250.27
72673,106.31
86084,17.32
50459,17.33
67577,17.33
86159,41.28
103185,17.34
112049,95.29
119891,17.34
40367,85.36
67027,17.37
101617,37.38
103917,56.39
8701,17.44
87069,17.44
105766,17.45
13122,17.47
44897,37.42
91596,152.42
117994,263.44
118420,17.48
22647,17.49
52675,36.99
70844,17.49
78647,157.48
110190,48.66
4523,89.99
5566,17.5
10566,62.49
10809,73.5
16734,17.5
17382,87.0
17940,47.0
18974,183.7
22263,17.5
22638,17.5
28858,17.5
30222,17.5
37942,64.49
38100,43.9
40165,143.49
40869,17.5
41999,54.49
43812,73.78
46320,67.45
47286,17.5
49091,115.58
49186,111.5
50784,83.5
50908,64.33
54009,17.5
65141,17.5
68586,59.49
70214,272.13
70630,17.5
73863,17.5
75288,17.5
75717,17.5
80855,17.5
81118,280.5
86897,17.5
93093,215.5
95682,53.5
97184,17.5
101016,138.2
106978,17.5
113021,116.5
119155,17.5
119521,322.49
119759,17.51
67523,17.53
109514,47.55
24010,107.55
43590,117.57
71603,17.57
22468,17.58
103894,62.58
119830,17.59
3883,107.59
22166,17.6
16004,17.62
54239,17.63
117421,102.75
6471,41.64
14133,175.64
88242,17.64
70680,67.16
72552,17.66
43211,185.02
61620,160.01
6427,70.93
6771,17.75
7261,17.75
7548,17.75
28026,17.75
28110,80.11
30568,41.74
31583,155.25
31603,17.75
34717,17.75
47859,68.75
50700,17.75
51584,232.25
53041,17.75
54652,17.75
68460,162.75
70149,17.75
85111,97.74
94349,17.75
95340,40.74
99784,117.75
100911,196.95
64056,17.77
72453,17.77
100928,87.75
12203,153.79
27337,175.79
37500,17.8
70119,17.8
77635,109.04
89561,17.8
23313,99.01
26373,62.81
89686,17.82
34626,17.84
56905,17.84
57627,17.84
80209,17.84
80851,55.43
91625,67.83
34601,17.85
36032,17.85
83648,50.85
8492,17.9
16993,17.9
29318,17.9
40611,17.9
52946,352.85
56575,132.83
59571,200.9
63280,17.9
74784,17.9
77366,72.89
85064,17.9
103149,17.9
104021,124.79
110377,17.9
72338,204.21
307,55.92
2052,17.95
7503,83.95
11070,135.34
13534,17.95
14962,17.95
25381,342.95
27903,119.92
31733,17.95
33218,40.23
33521,65.91
34457,97.45
35103,217.94
36731,17.95
38362,17.95
40204,336.94
42814,37.95
47559,87.94
49538,17.95
53336,17.95
57244,290.15
69638,17.95
73655,17.95
77146,129.66
79098,17.95
88632,264.55
88936,17.95
91955,17.95
92645,17.95
96191,102.93
102045,17.95
102582,17.95
105670,137.95
106046,62.95
106063,17.95
108811,106.95
111648,17.95
118633,17.95
121273,17.95
121387,17.95
21103,167.92
31031,77.96
40062,123.9
41931,17.97
53024,17.97
55214,17.97
57879,101.9
62537,154.59
84975,17.97
103178,39.47
13363,17.98
16352,17.98
32411,186.98
40110,102.97
43320,141.93
62177,108.89
111396,246.96
719,224.62
3410,45.99
6820,50.98
6860,263.97
7634,17.99
8950,17.99
10854,164.98
11042,223.99
14680,287.49
15072,67.98
15226,52.49
17359,76.51
17924,17.99
18452,17.99
18724,17.99
19716,52.98
19962,195.49
22917,73.99
24318,17.99
24369,278.89
25870,17.99
26621,17.99
28507,17.99
29055,17.99
30159,102.99
32323,17.99
32656,53.98
33785,286.43
34177,157.98
34367,57.98
34611,17.99
34630,92.43
34827,45.44
39287,513.98
40201,17.99
40363,17.99
40378,17.99
43384,17.99
44428,17.99
45894,17.99
46811,110.61
47593,17.99
48176,17.99
52532,17.99
53334,17.99
54499,49.98
55612,72.98
55829,132.19
56648,65.98
59547,82.99
59572,17.99
60182,17.99
61569,17.99
62176,17.99
62823,17.99
62922,17.99
63313,17.99
65961,17.99
66683,37.98
69293,17.99
69530,17.99
70753,17.99
70864,17.99
70944,181.57
72694,52.99
72996,17.99
73280,36.98
74068,17.99
76374,17.99
76397,17.99
77493,54.97
77537,17.99
79143,17.99
80876,35.98
82577,37.49
83140,17.99
83337,65.99
83484,148.99
84224,150.48
88350,101.99
88604,17.99
89208,106.99
91737,17.99
92630,17.99
92872,17.99
94252,17.99
95030,61.98
95678,166.12
95690,17.99
96451,36.98
98256,17.99
99558,17.99
100236,65.98
100996,17.99
101520,92.99
102081,147.99
102389,162.98
102442,17.99
104263,82.98
106464,39.58
107280,46.18
108829,17.99
110359,17.99
113061,77.94
114455,39.99
115638,89.99
116979,17.99
117919,255.98
118765,93.94
118804,17.99
119665,17.99
119753,17.99
120196,17.99
120274,17.99
120628,17.99
122769,17.99
123299,60.98
124340,220.89
124443,17.99
124723,67.99
122,99.4
242,18.0
1354,52.88
5525,131.82
6397,133.27
6985,18.0
7447,18.0
8196,105.5
8490,18.0
8886,18.0
9381,216.99
11058,117.5
11302,164.1
11877,92.5
12385,18.0
12500,197.98
12558,47.95
12667,97.5
14165,57.74
14805,18.0
14856,18.0
16416,48.0
16830,18.0
16997,18.0
17492,158.89
17748,18.0
18205,18.0
18950,18.0
19388,18.0
20589,18.0
21003,18.0
21108,18.0
22330,37.99
22963,18.0
23234,216.49
23976,18.0
24821,18.0
24926,18.0
25901,54.0
27497,43.0
27879,46.0
27935,68.99
28641,18.0
29119,18.0
29514,18.0
30044,71.55
30460,18.0
30473,97.95
31030,143.0
31123,101.99
31284,18.0
32798,62.95
33509,18.0
34209,18.0
34863,137.78
35063,51.0
35738,18.0
35803,167.0
36328,57.99
36842,18.0
37056,18.0
37207,18.0
38530,257.8
38918,87.5
38950,51.75
39067,18.0
39231,18.0
40614,148.5
40622,18.0
42031,18.0
42246,18.0
42301,18.0
42784,18.0
43488,53.2
44347,87.88
45122,18.0
45159,18.0
46791,117.99
47058,158.0
47117,18.0
48650,18.0
50565,18.0
51850,18.0
52178,18.0
53137,178.22
53362,159.0
53455,18.0
53498,18.0
54164,60.0
54243,226.63
54954,18.0
55032,18.0
55197,18.0
55599,236.0
55719,97.69
55959,192.0
57432,58.0
57901,18.0
58842,18.0
59110,18.0
60158,112.0
60888,55.5
60956,18.0
61339,344.99
61526,102.46
62048,18.0
62264,18.0
62531,18.0
62848,166.77
66103,18.0
66602,18.0
67206,18.0
67308,135.92
67493,62.5
69451,213.8
70438,417.0
70749,40.0
70890,51.0
70973,18.0
71104,172.49
71137,152.95
71355,36.5
71420,48.0
72460,18.0
72478,18.0
72700,43.0
72702,18.0
74458,18.0
75324,53.0
75975,42.99
76261,40.12
77942,50.0
78022,18.0
79533,18.0
79736,84.99
80230,156.0
80802,71.97
81570,18.0
84327,18.0
85004,18.0
85198,18.0
85269,18.0
85514,18.0
85840,127.99
86043,18.0
86624,200.97
88932,18.0
89133,18.0
89251,18.0
89263,18.0
89362,18.0
91260,261.95
92737,18.0
93763,18.0
94995,18.0
94998,18.0
95615,18.0
96290,18.0
96793,177.99
97379,47.99
97443,213.3
97460,18.0
100408,18.0
100671,44.99
101644,47.99
103033,18.0
103139,149.98
103365,152.7
103382,18.0
103587,194.11
104860,18.0
105344,87.0
106154,18.0
106290,18.0
106545,18.0
109102,18.0
109484,45.99
110618,18.0
113958,287.39
115743,144.0
116144,18.0
116424,137.99
116751,18.0
116897,18.0
118096,18.0
118311,60.0
119202,18.0
119633,18.0
120864,113.49
122273,18.0
122592,18.0
123574,18.0
123983,18.0
124156,18.0
124317,18.0
124347,206.94
124382,178.49
24892,18.02
98999,18.02
10684,118.06
18992,18.09
83426,82.89
3680,18.1
18512,18.1
20742,177.1
41024,87.6
90175,43.1
19573,158.65
55227,18.15
80930,18.15
99054,18.15
110558,76.15
90346,192.14
12636,18.2
99983,18.2
118944,68.21
37119,18.27
8347,356.51
17597,18.3
107295,99.73
111015,18.3
19016,18.32
47012,18.32
42237,67.33
111187,18.33
4360,63.19
9600,18.35
11669,78.34
16255,43.35
18191,18.35
42952,18.35
47514,82.35
67761,43.85
82095,18.35
98134,253.29
104172,60.3
111665,18.35
116413,131.34
116618,18.35
52137,18.4
52425,308.87
63633,128.42
89783,18.42
99339,165.42
115325,18.44
11165,18.48
29798,18.48
57094,18.48
62903,18.48
67047,18.48
67481,18.48
72801,18.48
78342,58.48
79549,84.43
115607,18.48
18895,18.49
32133,18.49
4267,187.49
18505,18.5
19574,18.5
29795,18.5
30541,18.5
31263,18.5
32554,18.5
36426,108.49
38239,119.47
41955,18.5
49961,18.5
56964,108.48
60433,148.5
64256,72.5
65327,18.5
69442,18.5
69978,18.5
70204,285.98
73238,18.5
81240,278.43
86371,40.5
94873,18.5
95326,204.72
102783,18.5
104020,18.5
114188,18.5
116708,18.5
119100,60.5
8963,18.52
21969,252.32
50693,18.52
35750,18.53
106268,18.53
22951,18.54
29588,106.54
59252,18.54
23528,18.55
21833,158.55
30891,18.56
66791,76.56
103104,69.56
111192,18.56
119050,18.56
33179,18.58
816,266.07
2832,109.58
86820,18.59
81614,18.6
75685,18.61
84138,18.61
112303,101.59
6716,187.62
7456,18.62
12751,18.62
13789,161.5
63453,46.62
66678,71.25
84825,18.62
86440,78.12
124838,58.57
29571,18.63
124870,18.63
16591,146.63
27365,73.65
31280,586.33
35718,98.6
273,216.16
10936,18.68
2177,123.56
34988,138.14
79650,78.34
86399,102.09
36278,18.7
63856,202.68
2684,18.71
61513,18.71
98815,108.66
25904,176.72
86161,18.72
5980,18.75
28706,298.74
58406,18.75
64352,106.64
73695,63.7
81680,58.25
86233,43.75
91064,93.7
104322,50.7
2792,144.68
25769,165.94
59967,190.78
61842,18.78
64799,183.73
72218,48.73
21981,18.8
23623,132.6
72858,247.8
90029,179.25
105759,18.8
124738,18.8
27649,103.81
107728,48.82
94284,18.84
110423,87.74
119522,18.84
12865,70.76
71499,18.87
6322,68.87
62306,68.87
91013,108.4
69117,43.89
78628,18.89
91134,295.09
101474,52.89
21844,93.9
33736,18.9
38310,18.9
40416,18.9
44519,18.9
52197,18.9
69468,18.9
70360,38.89
70412,98.4
81351,48.9
96888,18.9
101635,97.9
103008,172.66
113622,18.9
34695,18.92
117273,88.91
123784,18.92
110292,294.93
4145,18.95
7662,189.9
9754,18.95
12596,18.95
17546,170.44
25719,18.95
31819,87.91
32871,18.95
33553,66.95
40441,18.95
49266,18.95
50192,18.95
56979,18.95
57421,18.95
61533,997.95
62396,18.95
70705,18.95
76469,58.94
77980,199.53
79453,68.45
79626,213.95
87765,18.95
88885,18.95
99997,76.9
110449,18.95
110920,18.95
114454,18.95
121466,333.95
122455,18.95
62979,18.96
21748,18.97
29136,53.95
29936,18.97
32253,98.47
55456,89.97
57579,43.97
64725,192.97
71533,43.96
88975,83.92
92115,157.43
94709,18.97
103836,18.97
119970,18.97
8097,18.98
9504,18.98
51939,73.98
62887,18.98
64287,18.98
67904,18.98
83499,18.98
84476,86.96
105241,18.98
120110,53.97
157,18.99
1036,158.99
1426,18.99
1793,38.94
2599,18.99
3679,18.99
4453,176.99
5479,68.99
6698,18.99
7723,18.99
9601,18.99
10944,18.99
11988,43.99
12644,18.99
13422,18.99
14794,78.49
15218,285.97
17475,92.99
18745,18.99
21843,18.99
21996,128.99
22979,18.99
23723,18.99
24335,197.48
24398,18.99
25898,18.99
27856,83.99
28104,18.99
29713,18.99
30118,18.99
30930,18.99
31087,48.99
31229,18.99
34290,203.97
36568,41.98
37354,18.99
38422,18.99
41163,18.99
41182,18.99
41905,134.99
42198,18.99
44548,18.99
45556,18.99
47259,145.98
48300,58.49
49518,307.74
51202,18.99
52203,116.99
53152,64.97
54663,68.94
55498,48.49
56048,18.99
57282,18.99
57809,18.99
58158,18.99
59253,118.99
61662,18.99
61757,18.99
65613,46.99
66116,48.94
67023,73.21
68894,102.99
69065,18.99
69274,112.97
69681,18.99
70027,83.94
73494,62.39
73913,48.24
74600,165.98
75986,18.99
76827,98.49
76993,18.99
77067,18.99
77357,82.1
79573,18.99
82839,128.98
84265,18.99
88148,118.94
89254,18.99
89500,18.99
90429,18.99
90995,18.99
91518,18.99
93936,18.99
95187,18.99
95953,99.99
97731,250.99
100880,18.99
102889,286.99
105798,18.99
107047,18.99
108121,56.94
108982,74.56
109608,18.99
112575,18.99
112883,18.99
113694,96.99
115792,18.99
116293,18.99
116794,18.99
117198,69.99
122206,93.94
124117,18.99
930,177.0
2066,19.0
2693,222.48
5598,136.94
7273,68.99
7557,93.98
9577,19.0
9922,185.99
10780,19.0
19216,125.71
21341,214.0
28369,19.0
29895,19.0
31261,19.0
32540,225.99
39212,19.0
39252,19.0
39624,19.0
40074,134.0
43854,100.69
44416,19.0
45559,19.0
46141,160.99
46258,178.71
46632,19.0
46846,19.0
51107,19.0
51376,157.44
51684,19.0
51971,19.0
53654,19.0
54784,91.0
54936,78.5
56360,19.0
57188,138.95
58885,51.95
59431,246.93
59648,19.0
59766,19.0
67484,19.0
68506,19.0
69669,19.0
70750,465.32
72686,19.0
73225,19.0
73387,73.97
73947,19.0
75049,19.0
81804,19.0
85498,50.5
85565,19.0
97908,19.0
98470,98.95
103962,106.68
104416,185.96
104505,104.68
110058,19.0
111129,19.0
111253,189.63
116899,19.0
117458,19.0
119510,19.0
119621,19.0
124558,114.99
10015,19.02
70280,19.02
113960,80.5
94608,19.08
52130,68.1
23607,19.11
63616,84.11
1484,19.12
31011,56.11
32011,19.12
57101,117.16
105790,43.16
25716,88.16
35486,19.2
43223,19.2
45051,19.2
63207,19.2
77409,39.19
79663,19.2
82454,19.2
105674,58.7
56245,19.21
76793,79.2
106569,197.21
72074,42.38
68164,19.24
107860,19.25
107968,147.25
35757,65.66
55794,190.15
81522,19.26
97246,242.2
107128,93.21
72603,19.28
82498,88.78
84185,193.73
95804,19.28
102819,163.27
40329,287.3
122753,51.26
57569,80.74
10503,19.39
12709,43.39
112457,19.39
113830,19.39
83768,19.41
90533,45.88
12111,177.49
14146,19.49
16265,139.49
42965,154.49
70338,19.49
72868,19.49
116991,92.49
123633,44.49
645,19.5
1317,19.5
2564,19.5
3423,19.5
8981,19.5
9128,19.5
9266,19.5
11852,180.49
12520,19.5
14342,19.5
17349,69.5
22106,19.5
22408,19.5
23760,19.5
25843,19.5
32403,19.5
36381,150.3
38295,456.34
38662,19.5
41519,73.5
42988,175.83
43818,136.6
45277,19.5
46188,19.5
46502,63.5
53089,19.5
53386,19.5
60431,19.5
63291,51.5
69785,914.5
70153,19.5
71822,271.5
85482,19.5
85557,155.5
89717,344.5
93868,148.5
104762,61.5
107558,89.45
108314,19.5
115395,19.5
115955,90.49
117076,94.5
117655,213.1
121353,118.0
122574,135.65
124873,110.63
21903,19.52
112324,186.96
44231,19.54
44463,19.54
34673,19.55
15169,19.58
26241,49.58
40088,55.54
50975,19.58
93555,213.53
94891,64.58
105495,109.57
11837,75.59
34918,169.04
109313,71.54
31705,19.6
39715,75.2
55400,298.35
60512,19.6
99753,19.6
14391,198.65
91824,19.65
96684,76.52
8677,19.67
39302,19.67
74018,213.65
82735,306.0
45290,19.7
104649,84.0
3843,19.77
45857,19.77
48664,19.77
50247,19.77
67588,19.77
105047,19.77
114456,19.77
26669,19.79
30561,271.54
51379,153.18
80303,19.79
77618,40.81
88846,55.82
94807,153.15
36139,19.85
44970,94.78
68499,19.85
103582,58.25
41350,219.88
84624,19.88
106137,19.88
1820,19.89
14019,19.89
99353,19.89
4845,19.9
6614,80.3
8066,19.9
8700,19.9
13444,19.9
13624,74.89
26482,44.9
41269,19.9
45526,19.9
50856,19.9
55856,172.15
57858,19.9
73373,19.9
89015,19.9
92761,19.9
93586,116.4
94808,19.9
96952,19.9
106516,122.15
109173,19.9
111645,19.9
119275,19.9
4178,19.93
61927,19.93
64530,19.93
1704,19.95
1834,169.95
1937,19.95
3476,19.95
4482,19.95
5069,19.95
5171,94.94
5705,19.95
5802,19.95
7035,219.95
7124,19.95
7127,19.95
7284,243.95
7370,19.95
8825,19.95
10336,19.95
10369,19.95
10438,19.95
10996,19.95
11847,19.95
13112,19.95
21148,19.95
22830,273.89
23597,19.95
23614,19.95
23958,19.95
24504,19.95
27294,19.95
30609,19.95
31896,122.64
32341,19.95
34131,217.32
34650,109.95
34838,19.95
34891,19.95
35862,19.95
36652,19.95
36807,19.95
37553,19.95
41846,19.95
42567,19.95
42650,19.95
43591,19.95
43843,19.95
44506,19.95
45848,19.95
47123,109.95
47747,45.14
47870,19.95
48110,19.95
48413,154.95
48811,19.95
49143,109.45
52863,19.95
53110,19.95
54405,19.95
55144,19.95
56272,19.95
56456,19.95
59788,19.95
60135,54.95
60144,19.95
61792,19.95
62435,19.95
65572,157.95
67444,199.9
69388,313.35
71050,19.95
72739,19.95
72883,85.95
75281,19.95
75527,19.95
76135,44.95
76474,19.95
77627,210.95
78541,49.95
80668,19.95
80986,49.45
81246,19.95
88246,414.95
88513,19.95
88567,143.95
89110,219.94
92738,119.94
92890,19.95
94258,19.95
94765,139.9
95091,220.36
97163,49.47
98370,19.95
98832,173.94
99041,19.95
99115,19.95
99871,52.95
102077,19.95
102453,19.95
104261,19.95
104720,19.95
107016,203.39
108405,19.95
108649,155.4
112045,166.95
112056,19.95
112110,101.94
116518,19.95
117750,139.9
121916,19.95
122150,19.95
122686,19.95
123506,19.95
125003,199.1
35409,49.96
43558,44.96
58418,19.96
19375,138.97
27232,448.97
34036,19.97
62041,19.97
63971,19.97
76544,19.97
81637,93.96
87156,167.96
100391,19.97
124360,19.97
2169,19.98
3289,19.98
4016,83.63
14936,19.98
24274,19.98
25541,101.98
27424,19.98
37547,19.98
42120,19.98
48517,19.98
48976,65.9
58756,19.98
75662,19.98
75951,140.07
78493,19.98
82274,93.98
85638,19.98
87271,19.98
88240,19.98
89574,19.98
94932,51.57
98042,19.98
102419,54.92
110916,49.98
121994,288.97
44,19.99
278,19.99
475,19.99
974,19.99
1164,19.99
1311,19.99
1655,227.98
2326,19.99
2726,139.69
2836,211.24
2918,19.99
2944,19.99
3193,19.99
3326,19.99
3681,91.99
4392,19.99
4413,19.99
4570,19.99
4827,19.99
4990,19.99
5464,19.99
5484,19.99
5521,19.99
5709,19.99
6088,19.99
6699,19.99
6888,174.36
7176,103.98
7274,241.44
7399,19.99
7778,19.99
7918,19.99
7994,19.99
8119,19.99
8408,19.99
8927,19.99
8946,19.99
8949,229.98
9041,272.49
9631,312.99
9988,19.99
10276,225.89
10315,41.99
10921,59.49
11181,19.99
11346,19.99
11783,19.99
11863,19.99
12010,84.98
12162,185.48
12841,19.99
12879,195.1
13193,59.98
13513,70.39
13621,156.34
13923,19.99
14198,19.99
14457,19.99
15337,19.99
15466,19.99
15661,119.49
15751,46.58
15770,19.99
15971,19.99
16042,55.99
16289,94.49
16408,165.15
16488,300.98
16548,52.98
16674,144.99
16811,94.98
16892,19.99
16977,19.99
17304,19.99
17431,19.99
17708,19.99
18951,137.89
19781,19.99
19916,19.99
19973,19.99
20088,89.94
20217,19.99
20475,19.99
20602,19.99
20703,19.99
21134,129.99
21383,19.99
21428,19.99
21665,19.99
22407,19.99
22479,75.99
22787,19.99
22898,19.99
22953,19.99
23106,19.99
23249,19.99
23474,239.57
23489,19.99
23814,19.99
23954,19.99
24348,19.99
24353,19.99
24459,19.99
24555,19.99
24625,19.99
25292,19.99
25477,19.99
25551,172.48
26119,48.68
26471,102.98
26519,19.99
26523,158.98
26798,19.99
26970,19.99
27036,19.99
27279,19.99
27349,19.99
27723,54.98
28304,214.99
28800,19.99
29013,19.99
29594,88.64
30259,107.07
30391,175.48
31060,19.99
31156,19.99
31459,19.99
31555,68.99
31600,19.99
31927,124.48
31950,19.99
31961,19.99
31966,19.99
32425,19.99
32428,83.48
32545,19.99
32735,44.99
32818,19.99
32965,95.59
33001,19.99
33290,44.99
33523,19.99
34277,59.98
34462,19.99
34691,19.99
34706,221.57
34997,47.99
35054,19.99
35380,19.99
35632,61.97
35986,19.99
36463,144.99
36761,19.99
36783,19.99
36803,19.99
36828,64.99
37572,159.98
37722,19.99
37794,19.99
37898,19.99
38207,19.99
38387,19.99
38392,19.99
39741,168.98
40065,186.97
40067,59.97
40446,19.99
40662,96.72
40944,19.99
40973,179.94
40988,19.99
41181,19.99
41395,19.99
41745,124.99
42462,19.99
43413,19.99
43873,19.99
44184,49.98
44363,253.76
44495,19.99
45109,19.99
45187,67.99
45213,19.99
45384,19.99
45461,19.99
45502,19.99
45545,101.49
45567,162.49
45868,19.99
45869,19.99
46106,19.99
46803,19.99
47253,19.99
47329,19.99
47529,117.94
48085,177.92
48094,288.38
48099,19.99
48169,19.99
48396,407.71
48754,89.49
49246,67.99
49459,19.99
50370,19.99
50490,19.99
50846,19.99
51727,44.99
52876,56.98
53112,19.99
53117,123.99
53431,19.99
53615,219.94
53672,19.99
53691,19.99
53754,19.99
53826,19.99
54170,139.99
54231,19.99
54386,19.99
54409,109.44
54472,19.99
54578,58.24
54591,19.99
54989,140.49
55275,19.99
55363,162.04
55671,19.99
55936,19.99
56200,199.99
56234,19.99
56392,76.99
56636,57.79
57084,228.96
57456,19.99
57532,19.99
58166,19.99
58318,137.58
58362,19.99
58368,19.99
58807,19.99
59116,19.99
59219,19.99
59717,19.99
59905,19.99
60092,19.99
60097,19.99
60174,69.98
60406,19.99
60428,69.99
60938,45.99
61326,244.49
61486,19.99
61550,19.99
61725,19.99
61754,19.99
61760,63.99
61964,19.99
62359,19.99
62829,19.99
63045,19.99
63091,169.97
63202,177.99
63488,19.99
64289,49.97
64425,19.99
64483,19.99
64526,287.99
64727,19.99
64871,19.99
65084,61.24
65115,209.94
65188,217.95
65250,19.99
65663,277.99
66114,164.43
66186,19.99
66250,49.94
66539,19.99
67250,74.94
67818,19.99
67870,19.99
67936,19.99
68348,19.99
68704,122.12
69698,47.99
69817,19.99
70074,79.49
70186,19.99
70662,119.98
71156,185.53
71338,19.99
71526,66.94
72425,214.97
72427,19.99
72602,19.99
74201,19.99
74278,247.98
74986,19.99
75213,19.99
75756,19.99
75810,19.99
75916,53.98
76128,19.99
76136,19.99
76258,187.99
76306,19.99
77471,19.99
77544,207.99
77598,78.99
77766,19.99
77784,64.99
77819,157.94
78099,19.99
78358,19.99
79180,82.88
79433,66.98
79458,19.99
79709,194.72
79903,19.99
79906,100.47
80447,19.99
80464,49.98
80841,19.99
80961,122.98
81082,19.99
81413,19.99
81752,19.99
81765,41.99
82228,19.99
82317,19.99
82585,19.99
82662,78.99
82790,204.99
82992,19.99
83277,44.99
83719,188.99
83873,19.99
84006,19.99
84113,147.99
84195,19.99
84762,44.99
84966,19.99
85036,19.99
85701,19.99
86153,19.99
86192,19.99
86600,179.46
86679,19.99
86784,63.99
87311,54.99
87669,19.99
88087,84.94
88215,19.99
88231,19.99
88341,110.74
88686,19.99
88983,19.99
89138,44.99
89179,19.99
89348,19.99
89430,19.99
89460,19.99
89965,19.99
90317,19.99
90384,19.99
91062,47.99
91346,39.98
91482,19.99
91873,188.98
92132,19.99
92254,19.99
92652,62.16
93152,19.99
93175,19.99
93288,63.08
93292,120.97
93360,19.99
93705,47.99
93838,159.98
93946,19.99
94000,223.39
94188,19.99
94685,19.99
94997,19.99
95074,194.99
95268,19.99
95313,19.99
95986,19.99
96093,61.98
96621,19.99
96926,46.89
96949,19.99
97013,19.99
97345,19.99
97362,19.99
98059,19.99
98231,64.98
98381,19.99
98453,19.99
99467,69.49
99530,19.99
99782,19.99
99878,19.99
100617,19.99
100737,19.99
101619,176.66
101690,49.24
101710,344.99
101714,19.99
102094,57.99
102131,44.99
102765,19.99
102833,19.99
103353,19.99
103497,19.99
103605,19.99
103956,19.99
104033,19.99
104081,19.99
104565,19.99
105011,19.99
105124,198.99
105198,19.99
105421,64.98
106323,19.99
106490,109.99
106538,180.98
106710,19.99
106870,19.99
107327,74.98
107562,19.99
107736,19.99
107827,19.99
107847,19.99
108580,59.49
108659,19.99
108949,19.99
109042,19.99
109062,55.99
109775,19.99
109892,19.99
110191,19.99
110222,19.99
110486,101.97
110796,19.99
111034,59.87
111072,19.99
111088,19.99
111570,19.99
111784,238.99
112096,19.99
112156,19.99
112210,381.98
112416,209.99
112658,154.94
112858,53.98
113130,118.99
113138,177.99
113422,19.99
113589,49.99
113957,19.99
114045,19.99
114056,123.64
114280,19.99
114478,59.98
114764,19.99
115688,44.99
115945,248.39
115984,19.99
116312,19.99
116363,19.99
116649,19.99
117539,97.99
117798,19.99
117809,109.98
118785,88.99
118787,19.99
118806,19.99
118947,119.98
119340,19.99
119836,41.94
121096,54.64
121248,120.62
121614,98.99
121881,19.99
122889,19.99
123383,19.99
123646,48.76
123933,19.99
124428,110.93
124432,19.99
124692,89.87
124724,44.99
583,72.99
1804,20.0
2659,20.0
2860,20.0
2887,128.0
3713,20.0
4116,20.0
4258,20.0
4626,152.99
5053,20.0
5436,20.0
6925,89.98
6926,104.6
7106,20.0
8355,20.0
9869,218.0
9994,20.0
10025,20.0
10103,20.0
10692,20.0
10945,106.0
11874,20.0
13889,20.0
14320,20.0
14992,20.0
15542,49.97
15557,61.7
15588,20.0
16290,243.0
16307,20.0
16650,308.95
17689,20.0
19160,83.99
19874,60.0
20724,20.0
20854,74.0
21955,20.0
22127,125.0
22194,352.95
22377,45.0
23256,20.0
23281,20.0
23766,284.97
24784,106.0
25979,20.0
27325,59.0
27711,88.0
27930,130.0
28014,44.0
28263,65.0
28932,20.0
29149,20.0
29398,198.0
29734,20.0
30429,20.0
31606,82.49
31727,20.0
31760,20.0
31890,48.0
32479,20.0
33155,69.99
33248,42.95
33303,68.0
33342,20.0
33624,176.56
34646,20.0
34787,59.5
34907,20.0
35821,20.0
36850,20.0
38495,59.0
39128,109.0
39912,303.95
40394,75.0
40477,138.0
40512,20.0
41856,20.0
42083,20.0
42698,20.0
42832,20.0
44339,20.0
44477,59.99
44551,20.0
45611,20.0
46470,20.0
47008,20.0
47356,20.0
47557,59.45
47773,20.0
47811,54.0
48942,962.99
49560,138.98
50452,20.0
50455,20.0
51713,159.5
51867,20.0
53630,20.0
54106,20.0
54380,70.15
54808,90.58
56544,71.95
56546,20.0
57472,20.0
59124,20.0
59371,20.0
59626,78.0
59948,20.0
60043,119.99
60555,155.0
61127,20.0
61730,109.95
61851,20.0
61961,45.0
62251,69.99
62850,20.0
63235,119.0
64336,20.0
65131,144.17
65914,20.0
66069,152.78
66442,20.0
67913,20.0
69400,20.0
69753,20.0
71132,75.0
71990,20.0
72437,20.0
72833,127.99
74186,92.99
74319,20.0
74417,265.0
74698,153.99
75408,139.45
75619,20.0
77415,122.5
77528,20.0
78127,20.0
78375,20.0
78376,159.99
78573,311.99
79392,20.0
79646,20.0
79855,20.0
80087,20.0
81293,298.98
81501,20.0
81696,20.0
82378,20.0
83133,20.0
83582,20.0
83585,45.0
85780,20.0
88454,203.95
88702,64.99
88731,20.0
88823,51.59
89528,20.0
89768,148.0
89909,20.0
90322,117.88
90527,149.5
90566,167.5
90966,42.0
91217,44.0
91585,20.0
92217,20.0
92350,20.0
93023,233.3
93536,20.0
94492,20.0
94761,132.99
95100,20.0
95261,20.0
96091,20.0
96244,20.0
98075,79.99
99392,20.0
99728,20.0
100000,184.5
100670,145.0
101345,20.0
103731,113.82
103776,20.0
104314,20.0
104359,20.0
105960,20.0
107349,54.5
107671,279.99
108463,20.0
108877,40.86
109142,109.99
109441,20.0
109477,94.99
109851,20.0
109876,114.77
110718,20.0
111063,20.0
112524,20.0
113709,20.0
114509,100.08
114719,207.97
114910,99.0
114978,20.0
115209,242.94
115363,45.0
115786,62.0
115887,20.0
115940,72.5
116218,217.99
116380,56.28
117337,20.0
117476,20.0
118204,20.0
119597,74.95
119727,45.0
119756,20.0
121028,192.5
121251,53.98
121972,20.0
123157,69.88
124533,59.99
124689,20.0
124700,79.9
124913,20.0
114071,172.02
64372,70.0
25395,20.1
48421,20.1
3769,118.14
18641,20.14
39314,180.16
49757,20.18
1856,45.19
93002,20.2
93505,20.2
46584,20.21
2386,142.2
33333,20.22
99409,70.22
103618,20.23
1450,20.24
5155,55.26
51872,20.27
61109,20.27
41338,20.28
67479,20.36
119829,20.36
74565,55.38
95036,20.39
13582,214.36
77055,170.4
67681,141.38
97148,20.43
94062,128.45
42560,20.48
74557,20.48
2205,198.49
108742,20.49
112946,83.49
14633,70.5
15596,20.5
32543,20.5
52548,20.5
63363,20.5
75673,44.5
77889,299.5
91426,20.5
108904,164.24
66081,80.04
36399,70.65
49193,20.75
57932,20.75
101179,261.88
22419,20.78
55420,20.78
62439,70.73
101343,20.78
49639,84.78
71206,20.79
12738,314.74
91594,20.8
72376,180.78
32363,20.86
52395,178.48
71130,20.86
84128,20.86
90310,154.82
19686,20.9
22536,208.39
37181,84.9
39055,20.9
39982,20.9
59667,45.89
84821,20.9
87619,48.9
98556,20.9
110640,20.9
122802,20.9
53347,80.16
10529,119.4
15839,20.93
10706,20.94
326,65.95
12273,20.95
15634,20.95
33665,45.95
35142,20.95
44700,20.95
46130,249.4
47475,87.55
54060,113.35
62608,160.85
64946,110.94
65500,20.95
65550,54.94
72394,139.52
73609,20.95
76197,56.95
77976,20.95
83767,20.95
90374,53.95
91761,20.95
100225,217.39
106415,20.95
111720,20.95
118413,114.35
119592,45.95
38132,20.97
87664,20.97
89310,20.97
95511,171.15
124909,20.97
417,20.99
3943,57.98
4099,20.99
6710,20.99
10364,353.66
10844,20.99
15125,20.99
24679,150.51
25118,20.99
29516,109.99
29732,20.99
32836,20.99
35617,20.99
40019,20.99
41076,60.89
41849,380.91
43794,20.99
47486,20.99
49993,20.99
50113,20.99
52224,430.84
53428,20.99
56008,323.92
60225,20.99
63007,135.48
63364,20.99
63624,20.99
63953,20.99
66125,20.99
69230,175.99
72817,20.99
77102,20.99
78256,120.93
79173,53.12
79206,42.99
81107,267.98
82746,20.99
83626,20.99
85642,65.9
88917,20.99
90961,20.99
97257,20.99
104189,20.99
116502,20.99
117517,53.89
119299,20.99
119598,499.99
119835,60.94
123279,20.99
170,21.0
2097,107.94
2153,188.98
6677,21.0
7396,57.95
7664,21.0
10083,212.3
10136,21.0
13226,225.97
14116,21.0
15736,21.0
15808,134.69
16989,21.0
18131,21.0
18488,21.0
20139,205.42
20141,147.52
20579,49.0
20924,50.99
23363,286.0
27701,21.0
27917,21.0
31811,80.99
37341,21.0
38538,61.0
39066,76.0
39927,140.49
46749,74.95
48091,266.3
48184,115.0
50311,188.93
50890,21.0
52159,21.0
54145,247.05
55863,21.0
60896,21.0
61761,177.99
63256,218.98
66609,21.0
66635,244.0
68003,21.0
71152,21.0
71950,21.0
75472,116.88
77853,21.0
80758,21.0
81285,129.75
81392,21.0
88361,21.0
91874,21.0
94158,21.0
94548,21.0
101007,21.0
102596,155.99
103674,21.0
106181,21.0
111732,53.0
112002,21.0
114634,180.95
116165,21.0
116261,21.0
116485,21.0
117985,243.0
118527,134.9
118729,86.0
119640,365.94
124531,21.0
98465,21.02
52290,184.98
71757,60.56
87819,21.05
94051,21.05
112097,21.05
57332,21.06
115485,21.06
81691,67.1
119516,21.1
117078,97.62
22193,119.15
56808,21.16
58072,21.16
71688,21.16
32027,21.18
68670,21.18
73072,298.31
63409,21.2
9317,21.21
105893,21.21
11286,494.21
47102,21.25
73772,126.24
104979,126.99
108441,441.25
116586,110.25
37490,21.28
69253,21.28
120111,67.29
67894,21.34
3923,213.85
13892,21.35
43982,186.35
72687,100.31
79404,21.37
41148,68.26
43802,21.38
81729,21.38
123255,21.38
33650,21.39
35545,80.39
64434,21.39
95444,21.39
96137,127.67
55802,93.58
64262,21.41
64655,21.41
19541,21.45
44570,84.42
70479,21.45
89653,44.45
113235,21.45
111702,21.48
87258,21.49
7817,76.5
15998,195.95
17325,21.5
23447,61.49
24967,231.45
29364,107.5
30151,191.88
32668,21.5
51196,180.48
64811,21.5
64931,21.5
80151,67.11
85667,71.0
87985,116.45
94949,61.38
100326,21.5
118227,21.5
118909,21.5
29586,217.28
70947,21.59
83078,164.59
51249,280.6
65060,21.6
74738,21.6
79677,21.6
100362,21.6
102603,120.6
123539,21.6
22056,66.58
94700,21.63
102463,184.02
25286,188.64
123275,21.64
46832,21.65
59408,21.65
50650,21.68
71504,44.48
103862,182.51
5459,21.71
39148,21.71
54748,71.16
74811,146.74
79300,21.74
105518,21.74
73668,184.92
119024,46.75
13653,21.8
25762,219.8
28997,91.8
31504,21.8
38935,21.8
67568,21.8
97428,46.8
836,86.8
15551,151.36
71907,21.87
72809,68.82
7461,21.9
26776,21.9
45731,21.9
46235,241.85
49976,21.9
58123,21.9
69321,21.9
70665,21.9
80786,21.9
98592,21.9
117851,21.9
121511,229.89
79005,161.92
46202,273.88
70302,21.94
117760,21.94
4232,54.85
9774,469.94
14339,21.95
14948,21.95
15057,101.95
15383,63.9
22728,21.95
27910,21.95
36225,21.95
36900,21.95
41495,396.83
46735,21.95
47705,21.95
49017,21.95
54248,45.95
56845,56.34
57574,974.95
63349,21.95
63813,21.95
66446,21.95
73111,91.93
75427,21.95
76035,21.95
78625,21.95
79984,257.38
83805,21.95
85018,21.95
94356,61.45
95086,100.95
95654,81.9
96000,59.95
98735,197.4
101452,81.85
102491,21.95
105331,21.95
107377,21.95
111807,51.9
116593,21.95
118193,21.95
1498,21.97
17981,100.72
46506,21.97
51088,21.97
92498,109.97
101577,83.97
103153,21.97
114309,21.97
2504,21.98
7384,146.97
20743,21.98
24661,21.98
47498,21.98
49508,21.98
70691,87.98
85470,21.98
115448,105.98
118521,262.03
918,21.99
1296,21.99
1514,21.99
1645,250.95
2090,69.99
3732,21.99
4475,21.99
6905,61.49
7611,91.49
9023,146.94
9279,21.99
12200,53.58
13294,21.99
13921,56.97
17525,21.99
18326,21.99
18795,71.98
19957,21.99
20890,160.98
22435,21.99
22572,21.99
23529,21.99
24071,21.99
24527,21.99
24532,21.99
25024,21.99
25346,75.54
26949,21.99
27499,21.99
27500,215.44
29733,21.99
30415,21.99
31686,21.99
31850,21.99
32137,55.98
34020,100.99
35154,134.79
36717,21.99
37471,21.99
38697,51.98
39655,64.98
39860,21.99
40428,91.49
42043,53.99
42141,21.99
43307,21.99
43960,96.99
45004,21.99
45627,21.99
46112,21.99
46468,181.99
46547,124.95
46982,61.98
47020,21.99
47092,153.69
47265,21.99
47485,60.15
47942,356.97
48430,99.99
49964,188.98
50106,21.99
50460,21.99
52463,21.99
52738,21.99
52924,43.98
53956,54.99
56093,21.99
57271,21.99
59185,66.99
60058,58.98
62532,48.99
62785,63.98
63327,21.99
63962,21.99
64654,86.98
65025,21.99
65074,21.99
66047,21.99
66912,21.99
67175,71.99
67796,21.99
69509,276.48
71204,21.99
72783,21.99
72890,21.99
73091,21.99
73377,343.81
73952,102.94
74479,21.99
82047,135.99
82345,21.99
82426,192.99
82924,81.49
85965,21.99
88918,61.98
89307,21.99
90863,71.94
91629,45.22
92012,21.99
92921,21.99
93390,21.99
94505,21.99
95346,21.99
95441,21.99
95993,73.99
96030,141.99
96135,21.99
96288,49.79
96419,21.99
98072,21.99
98864,21.99
100098,21.99
100959,79.99
101327,146.99
101840,21.99
102183,60.99
102873,348.49
103651,96.99
103716,21.99
104092,70.99
104220,51.94
104455,21.99
104833,86.99
105283,21.99
106489,21.99
106749,21.99
106890,46.99
107224,21.99
108999,138.84
109835,101.98
112660,21.99
113207,151.98
113299,21.99
113679,146.98
114548,21.99
115290,21.99
115700,149.49
116189,21.99
117845,81.94
118221,64.98
119758,21.99
120227,81.99
120955,46.98
122453,93.99
123188,170.27
124809,21.99
923,22.0
1710,22.0
1927,22.0
2588,22.0
2648,89.0
3525,22.0
5106,382.0
5856,22.0
6655,143.98
6765,22.0
6816,110.0
6979,22.0
9316,294.0
9536,166.49
11179,22.0
11268,22.0
11288,22.0
11292,56.84
11408,48.0
11848,158.98
11961,295.94
12808,22.0
14909,106.06
14956,22.0
16867,22.0
19097,22.0
19709,22.0
19852,22.0
19861,52.45
19935,146.44
20655,22.0
20932,92.0
20939,46.9
21293,46.99
22432,22.0
22776,52.0
23203,22.0
23336,101.95
24558,247.0
24776,71.99
24786,22.0
24979,22.0
26273,132.0
27044,60.97
27810,55.99
28471,154.49
28938,22.0
29200,107.12
30492,22.0
31352,147.0
31384,243.49
31398,78.49
31429,22.0
31791,22.0
33027,166.95
33706,127.0
35174,22.0
35440,22.0
37380,120.74
37447,123.94
38926,22.0
39451,70.65
39832,22.0
40276,78.0
43481,22.0
43653,22.0
44688,22.0
44962,47.0
45008,22.0
45184,22.0
45313,22.0
46265,356.91
46706,22.0
46727,54.0
46882,22.0
47337,22.0
47489,22.0
48822,47.5
48863,22.0
49103,22.0
49858,22.0
52169,22.0
52261,22.0
53203,75.95
54077,77.0
54208,56.0
54999,22.0
55859,22.0
56408,528.25
56610,59.74
56869,22.0
56950,111.5
57299,22.0
57309,22.0
57315,22.0
57888,167.0
59028,51.99
59158,112.0
59611,100.14
59647,22.0
59736,22.0
60071,22.0
60686,22.0
60895,22.0
62818,343.95
63102,22.0
64252,22.0
64967,59.61
65024,22.0
65097,152.05
65537,22.0
68547,62.0
68842,47.0
69982,22.0
70291,227.0
71198,22.0
71733,204.95
72052,22.0
72287,114.6
72969,22.0
73107,59.99
74057,78.0
74059,22.0
74274,22.0
74389,86.32
75584,46.95
76050,141.07
76462,192.93
76870,396.85
77022,52.0
78153,22.0
78370,22.0
80565,47.0
80995,22.0
81947,62.0
82279,22.0
82657,22.0
82763,121.98
83008,22.0
83011,22.0
83169,54.0
83292,311.92
84345,56.0
84415,22.0
84548,66.98
85453,22.0
85585,22.0
86108,22.0
88071,22.0
89456,22.0
89828,56.99
89852,211.0
90415,22.0
91365,50.0
91600,54.46
91996,206.89
94207,61.0
94741,69.99
96218,195.99
97337,22.0
97499,22.0
98162,550.81
98661,22.0
99160,56.0
99279,22.0
99721,331.11
101010,22.0
101166,22.0
101507,126.0
102673,190.0
102751,22.0
103306,57.0
103844,22.0
103903,81.5
103981,22.0
104308,46.99
104809,155.0
105828,22.0
106158,22.0
106780,22.0
107309,22.0
107943,22.0
108270,22.0
108737,47.0
108838,22.0
108867,48.0
109637,76.0
109813,22.0
110138,22.0
110680,91.42
110826,47.0
111499,92.0
111957,22.0
112286,22.0
114396,22.0
114433,22.0
114616,22.0
115050,22.0
117188,22.0
117505,22.0
117597,160.0
117934,22.0
119177,221.95
119274,22.0
119669,54.0
121513,67.61
121606,315.0
121697,62.0
123794,190.99
59161,22.01
81067,82.1
36659,22.02
66089,22.02
66430,121.99
74812,22.02
75821,50.01
79932,22.02
14600,22.03
25593,155.99
25490,82.05
62566,22.05
89693,245.5
112072,61.05
121473,167.44
50643,179.07
79633,125.04
105961,72.06
21330,22.08
72147,22.08
19424,301.1
28146,22.1
37444,22.1
49334,22.1
58317,50.09
71450,120.1
112837,22.1
10118,22.12
75707,22.13
69190,47.19
19589,239.72
30281,22.22
66192,22.22
11838,91.76
40076,22.26
87992,399.2
112549,104.72
17302,22.28
64,120.3
65616,22.3
117538,22.3
118487,54.86
50410,22.38
78141,22.44
16063,57.43
45053,72.46
103547,235.64
62091,177.48
2578,22.5
2884,22.5
4962,22.5
5343,22.5
11747,22.5
14540,22.5
15906,22.5
22185,22.5
24179,22.5
26416,22.5
26731,47.49
27552,22.5
27938,22.5
28405,22.5
32297,22.5
35358,67.5
37577,137.65
39448,197.44
41029,47.28
44371,22.5
47250,112.45
48440,22.5
48781,96.71
56166,22.5
58098,22.5
62594,22.5
65091,22.5
66068,22.5
67437,22.5
70374,22.5
75123,22.5
81031,22.5
81296,213.92
81632,46.5
87711,22.5
87732,47.5
90214,177.49
94617,22.5
97385,22.5
101202,49.5
101869,204.99
102634,65.45
103043,22.5
105473,22.5
106593,22.5
107347,22.5
113921,22.5
117149,22.5
117480,22.5
117631,22.5
119500,22.5
52904,22.56
68274,22.56
27094,22.58
28051,221.58
64253,22.58
69735,117.57
82517,111.58
83901,22.58
91321,155.07
33611,171.64
71247,22.73
44392,96.74
52498,84.76
99866,22.76
106692,22.76
30870,22.77
51846,22.78
51149,22.79
70290,76.07
1142,22.8
39247,22.8
45862,122.75
80896,22.8
84176,22.8
112977,421.8
82362,22.82
105895,167.27
123443,22.82
7730,55.89
33878,116.85
12032,22.88
32178,293.84
48589,150.82
54554,47.87
107069,22.88
118060,22.88
124232,22.88
147,157.9
3756,49.92
5918,131.58
29823,83.89
38755,22.9
43772,57.35
49248,22.9
62638,22.9
79998,22.9
83916,22.9
94566,22.9
99785,22.9
117092,78.59
18578,22.93
2511,67.07
8292,146.95
8629,22.95
10852,22.95
20918,95.12
23378,22.95
28719,235.93
32548,84.93
49996,154.94
50287,171.94
53514,57.95
58409,61.44
62243,132.95
65224,22.95
71321,22.95
79195,22.95
79238,22.95
90920,22.95
95763,322.89
97557,52.95
104253,22.95
110816,143.28
118282,22.95
121027,22.95
121948,22.95
124773,47.85
11406,22.97
17124,22.97
32568,22.97
52227,112.92
55241,22.97
84791,22.97
88873,22.97
101233,82.47
46603,22.98
81597,22.98
88191,22.98
100360,22.98
110729,22.98
943,22.99
1785,107.99
2645,232.93
5575,22.99
6077,22.99
7487,204.48
8022,22.99
8046,62.98
8185,22.99
9493,22.99
11711,22.99
12193,22.99
14493,22.99
15264,92.49
17964,355.89
18080,90.99
18768,176.11
19598,22.99
20300,22.99
25524,22.99
28993,22.99
32671,22.99
33934,102.98
36471,22.99
39001,22.99
39254,92.98
42807,22.99
44407,22.99
45781,22.99
48023,22.99
50229,152.99
50425,22.99
50668,22.99
51630,22.99
51961,22.99
52588,119.24
53016,112.49
53578,22.99
53770,22.99
53851,220.99
54037,22.99
54427,67.98
56171,71.99
56294,132.99
57706,405.99
58601,77.94
61066,86.99
63113,57.99
63763,22.99
63868,22.99
64053,22.99
65303,22.99
67276,22.99
68851,22.99
72496,66.43
73492,216.94
76856,22.99
78025,237.78
78324,22.99
78388,22.99
79028,22.99
79884,122.94
80248,22.99
81128,22.99
82983,22.99
83525,138.33
85687,22.99
86923,173.74
88180,183.49
90971,22.99
93787,127.38
94355,76.37
95569,305.94
100015,22.99
102705,22.99
103047,22.99
106900,22.99
107645,51.98
107737,22.99
109070,22.99
109207,22.99
110405,22.99
110658,22.99
110941,22.99
112090,22.99
113259,22.99
113548,22.99
114336,22.99
114580,22.99
116451,22.99
116664,22.99
117429,112.98
117893,22.99
117987,22.99
118483,22.99
118579,22.99
118771,22.99
118861,57.98
119110,22.99
119530,214.5
120279,22.99
121808,101.91
123819,22.99
2392,62.99
6998,23.0
7233,23.0
12733,82.5
13912,130.17
14989,23.0
17289,23.0
17852,77.99
18419,23.0
19785,62.95
20947,62.99
24414,209.0
25530,23.0
28190,307.99
32120,23.0
32372,274.0
34724,94.95
35614,23.0
39402,23.0
39554,221.0
40210,23.0
40996,23.0
41240,23.0
46480,92.99
50526,114.13
56398,47.99
56585,23.0
58667,222.0
59612,23.0
59658,23.0
59854,23.0
61078,23.0
62898,23.0
65315,23.0
67211,23.0
67543,23.0
69499,23.0
72597,23.0
76190,189.95
78023,23.0
81834,23.0
82797,23.0
88003,23.0
90083,23.0
91332,23.0
92009,23.0
92051,23.0
92369,23.0
93174,23.0
94706,23.0
98077,23.0
100991,118.7
102680,85.94
103283,23.0
105724,23.0
107186,275.0
107660,23.0
107661,23.0
108193,79.99
108796,23.0
109048,23.0
109187,23.0
109356,23.0
109880,201.0
110487,23.0
114826,23.0
115013,23.0
118163,23.0
120897,23.0
122841,23.0
124623,146.83
103626,223.9
82258,23.12
4727,23.16
12340,23.16
32466,23.16
33565,47.16
33594,116.15
38485,242.66
84640,23.16
60909,23.17
37409,70.19
57341,23.2
62926,23.2
89096,23.22
10926,23.23
24088,97.23
43851,103.22
46323,23.23
51450,23.23
57306,72.2
57405,23.23
59845,68.22
80181,23.23
109411,23.23
39701,23.25
68417,23.39
50799,23.4
17594,23.42
91031,23.43
97285,23.43
19773,23.45
45820,211.45
51465,23.45
60233,23.45
77955,253.45
99550,23.45
123263,23.45
56747,159.48
77664,89.98
116252,55.48
121285,23.48
16160,23.5
22236,23.5
30660,77.5
32243,23.5
41530,23.5
46108,23.5
52218,75.5
77016,23.5
86520,23.5
88253,198.5
98816,23.5
114717,23.5
118860,198.48
3064,57.21
47953,23.53
102498,81.03
106093,23.53
65284,53.06
47416,23.58
9554,23.59
49774,79.98
82427,23.59
119489,53.59
44246,63.61
107384,23.61
55589,23.63
83716,23.63
84198,23.63
98874,189.61
6018,23.73
42689,23.73
98258,23.73
123098,201.21
37504,23.74
23895,121.87
109017,23.75
19922,23.76
861,23.79
100817,66.79
116283,23.81
79411,23.82
80445,23.82
30256,23.85
119507,58.84
121847,529.35
34895,23.86
46335,23.86
85282,118.84
96923,23.86
112235,23.86
17950,124.33
40409,23.9
46240,172.9
52060,23.9
64414,23.9
66331,84.17
84560,23.9
95608,93.85
112801,222.9
115075,23.9
115179,23.9
118899,23.9
47357,83.91
78110,170.36
110675,23.92
2109,23.95
6878,23.95
13415,23.95
16345,58.95
17804,23.95
20050,175.32
21614,23.95
23169,107.95
24258,23.95
24918,23.95
26786,187.52
34226,23.95
38624,23.95
44033,23.95
48543,23.95
49437,63.17
55469,23.95
58193,153.94
64371,163.94
68596,23.95
75651,23.95
79197,23.95
82444,23.95
90066,23.95
90814,23.95
92785,77.95
96301,23.95
98398,165.82
99916,23.95
103945,23.95
104255,23.95
105455,23.95
106307,23.95
114349,23.95
119536,23.95
120901,23.95
121001,23.95
121338,23.95
19809,23.97
46282,23.97
47996,47.94
63053,93.47
66283,274.96
78984,23.97
97629,201.96
98916,84.96
111673,48.97
115521,23.97
619,23.98
7872,23.98
20436,23.98
66777,68.97
68055,23.98
82269,23.98
86490,673.97
120481,23.98
2339,23.99
3576,23.99
4971,74.57
6312,23.99
7607,23.99
10167,56.98
14510,55.34
16369,23.99
16732,23.99
16936,181.99
18078,23.99
20777,23.99
21282,154.94
21302,23.99
21847,23.99
22600,155.15
23823,102.99
29512,67.99
30262,65.99
31865,23.99
32692,65.99
32719,23.99
33045,219.29
34016,23.99
34076,23.99
34385,77.94
34506,56.89
36813,133.99
37358,23.99
38165,143.74
38333,23.99
38685,266.92
41475,252.72
42822,23.99
46648,23.99
47233,23.99
50950,23.99
53018,23.99
54906,58.94
55253,123.99
58938,141.99
60845,152.42
60918,23.99
62642,59.99
63760,230.56
63858,59.32
64705,23.99
66778,23.99
66863,23.99
69172,23.99
70011,248.1
71922,555.46
72797,23.99
73113,79.75
73506,23.99
74222,23.99
74457,23.99
75112,210.98
75317,23.99
78714,123.98
79213,23.99
79681,23.99
80277,23.99
81174,23.99
82094,113.94
85537,409.99
85746,23.99
87798,23.99
88945,23.99
89313,23.99
90037,23.99
91641,23.99
91852,213.99
92910,23.99
96504,138.97
97483,125.99
97956,101.99
105415,23.99
113563,23.99
113778,63.98
114703,23.99
115473,236.58
118421,135.75
118714,23.99
119197,23.99
542,24.0
1239,72.0
1886,24.0
3914,24.0
4015,24.0
4046,24.0
4595,24.0
5324,24.0
5472,57.06
6194,24.0
6202,24.0
8898,24.0
10481,24.0
10691,59.7
12552,174.75
12618,24.0
13171,186.0
13540,156.66
15206,138.5
15571,24.0
15921,208.9
16088,79.0
16729,109.0
17268,78.0
17670,133.0
18389,50.75
18561,75.75
19512,24.0
20025,172.0
20558,24.0
20814,183.0
20880,24.0
21828,24.0
21976,24.0
22607,150.24
22769,24.0
22966,93.95
23107,185.78
23277,24.0
23658,24.0
23661,24.0
23952,24.0
25144,24.0
25900,24.0
26065,24.0
26920,93.95
27132,24.0
28966,24.0
28999,78.5
29016,24.0
29221,55.99
29260,240.98
29463,24.0
29977,24.0
30017,24.0
31170,24.0
31579,49.0
31908,24.0
34252,24.0
34411,24.0
35518,96.0
35546,24.0
35690,24.0
35725,24.0
36055,189.49
36237,192.0
36812,195.13
37765,24.0
38079,24.0
38419,24.0
38888,79.0
38901,24.0
41509,236.99
41585,24.0
41952,24.0
43459,24.0
43517,53.99
44096,198.0
45423,24.0
45593,196.0
46189,24.0
46687,24.0
47814,24.0
49055,73.99
49225,24.0
49481,24.0
49837,24.0
50437,24.0
50759,408.38
53407,68.21
54069,351.0
54976,24.0
55161,24.0
55263,87.6
55421,24.0
56068,24.0
56528,209.99
56946,196.94
57170,24.0
57825,133.99
58099,61.5
58151,24.0
58214,24.0
58477,192.95
59892,102.0
61286,24.0
61502,24.0
63362,52.0
63450,24.0
63518,165.94
63703,24.0
64936,24.0
65598,149.15
65844,63.95
66848,24.0
68750,24.0
69493,24.0
69738,161.5
70925,53.95
70960,24.0
71172,162.0
71316,24.0
71427,24.0
72371,24.0
73820,24.0
74864,49.0
76000,24.0
77776,24.0
77944,24.0
80682,24.0
81330,98.5
81900,24.0
82959,54.09
83456,24.0
84826,24.0
85364,24.0
85743,24.0
87183,24.0
87239,24.0
87475,56.5
88220,24.0
88268,24.0
88590,24.0
89056,56.95
89689,24.0
90284,24.0
90776,54.0
91564,165.0
91906,171.99
92078,24.0
92082,24.0
93134,24.0
93416,143.0
94066,24.0
94410,77.97
95770,143.49
97391,24.0
97941,24.0
99170,24.0
99269,218.99
100160,24.0
101139,106.5
101417,24.0
101630,61.95
101745,24.0
101760,49.0
102212,24.0
102400,24.0
102504,24.0
103124,238.88
103913,24.0
104082,24.0
105490,154.0
105671,24.0
105866,24.0
106914,58.0
109107,153.99
109804,61.99
111087,24.0
111923,48.5
113076,24.0
113792,155.25
113944,24.0
115961,64.88
117140,151.49
117344,83.99
117394,193.99
117473,24.0
117718,55.5
119890,24.0
119922,24.0
120112,24.0
121284,185.97
123389,24.0
124380,93.99
124391,24.0
124780,68.99
23177,24.03
49411,24.03
63692,24.06
89554,64.06
67416,74.06
70987,612.05
43173,143.85
47642,24.09
101304,24.09
116665,24.09
1920,24.17
14321,24.17
23535,163.02
38638,68.15
4268,24.18
11357,49.18
56073,24.19
18857,24.21
46325,24.21
13781,53.15
58699,24.25
66487,24.25
69324,24.25
118535,24.25
23765,24.26
34333,24.26
121085,54.26
55405,103.78
71615,112.28
92154,52.28
4002,24.3
41351,24.3
50124,24.3
66837,99.3
67517,24.3
78032,24.3
99783,24.3
104399,84.29
72441,24.31
118725,24.31
1152,24.35
42896,24.35
122430,24.41
71548,145.36
106197,24.44
108046,24.44
22768,64.4
35095,24.45
62472,24.45
83949,200.37
89946,24.45
93290,24.46
16923,24.47
74398,173.0
107642,24.47
114452,24.47
33941,24.48
87672,24.48
118178,24.48
371,24.5
4266,64.49
6684,24.5
11993,24.5
13119,59.4
16030,24.5
22350,24.5
25383,54.45
25835,123.5
28174,49.5
32082,24.5
32404,84.49
35816,24.5
38279,24.5
41180,24.5
46304,393.0
50392,24.5
53805,156.49
57907,127.12
58462,24.5
65184,24.5
66182,111.29
72159,24.5
72418,133.5
72856,24.5
73007,24.5
80874,24.5
81499,134.38
83541,24.5
84650,24.5
85596,24.5
85689,24.5
88096,239.48
88507,24.5
89347,24.5
90674,123.0
90931,134.86
95946,484.5
101090,24.5
103029,89.5
103158,24.5
106354,24.5
108111,24.5
117051,398.5
84371,24.56
84865,59.55
15475,191.78
76193,24.61
86111,89.64
88533,24.64
105004,24.64
69529,24.65
114005,24.65
73894,49.67
79785,24.67
81214,138.62
14555,24.69
30079,189.64
76057,24.69
94806,24.7
89711,24.72
46981,24.75
59002,24.85
47000,24.87
84194,24.87
14333,288.92
30148,24.88
101120,24.88
110365,24.88
117448,24.88
121818,54.88
720,122.4
2823,112.9
5935,24.9
14722,122.9
18602,24.9
29680,24.9
29692,24.9
32456,24.9
34929,24.9
48275,24.9
55332,24.9
55961,79.4
69927,213.9
72444,61.65
76334,24.9
80370,24.9
80717,124.89
84196,89.9
87238,24.9
101495,24.9
102046,56.9
102688,282.77
105675,54.89
109188,229.53
113100,24.9
119414,24.9
48760,24.91
74247,24.91
117199,102.27
120894,24.91
37910,52.93
504,24.95
581,24.95
1559,24.95
2846,244.94
2853,71.95
4066,75.58
5513,24.95
6503,57.49
8424,24.95
9180,24.95
10046,24.95
12166,24.95
12403,24.95
14399,24.95
15353,24.95
15962,212.89
16728,24.95
17025,24.95
17700,82.95
18023,24.95
18546,119.92
21116,24.95
23228,24.95
23413,24.95
23621,49.95
25430,24.95
25915,24.95
26681,24.95
27729,127.94
28015,24.95
30423,94.45
35373,24.95
37593,123.93
39286,55.04
39606,54.88
39767,133.95
40293,24.95
41093,24.95
41552,90.31
43654,128.93
44039,24.95
46412,126.84
48708,62.95
50083,152.1
51270,24.95
53331,24.95
53996,53.38
53999,24.95
54294,24.95
54316,24.95
55064,24.95
55478,24.95
57750,24.95
58804,24.95
60389,24.95
60557,69.95
60650,24.95
63412,115.95
65414,239.95
71312,24.95
71456,102.95
71458,24.95
73004,84.95
73878,24.95
74491,24.95
75410,184.35
76720,24.95
83420,164.95
83430,83.95
85519,24.95
86065,68.95
86190,64.94
87133,24.95
87150,146.95
89050,64.94
92688,24.95
93842,104.9
97839,24.95
98287,485.76
98981,24.95
99240,119.95
100708,114.95
101538,24.95
101709,238.95
102532,62.95
103830,24.95
104185,24.95
106453,154.93
106708,24.95
111774,24.95
113244,24.95
113545,24.95
115522,24.95
116495,24.95
116749,49.95
117688,24.95
124263,24.95
3631,127.91
4376,56.97
24689,62.7
30926,24.97
33381,59.95
45739,24.97
46220,24.97
55470,24.97
65340,24.97
71393,24.97
71839,24.97
73144,24.97
84763,24.97
96751,192.69
100078,24.97
104520,24.97
114586,123.97
1346,137.97
8961,24.98
15477,64.97
22068,267.27
24188,24.98
24198,94.92
28403,24.98
30003,24.98
32210,24.98
37248,94.65
40193,24.98
44821,24.98
48062,24.98
57956,245.46
58735,24.98
75500,24.98
79383,24.98
81399,24.98
82568,103.98
87670,57.88
97615,113.98
98057,300.95
100820,24.98
102642,24.98
104244,142.97
104502,24.98
106301,24.98
111661,79.48
112594,184.97
113334,63.97
117329,85.37
117,134.97
437,24.99
594,24.99
624,24.99
662,74.99
858,49.99
1150,348.99
1200,24.99
1278,24.99
1472,431.99
1963,24.99
2907,24.99
2945,24.99
3593,24.99
3787,24.99
3932,24.99
4117,64.98
4170,24.99
4781,24.99
4898,182.47
4922,24.99
7673,54.99
7938,24.99
8011,99.99
8108,188.93
8676,24.99
9290,24.99
10434,66.32
10728,24.99
11096,24.99
12117,24.99
12420,57.97
13967,24.99
14775,24.99
14934,24.99
15563,24.99
15959,24.99
17458,24.99
18111,24.99
18529,104.49
19393,24.99
19508,24.99
20294,74.99
20664,71.99
21273,68.99
23290,24.99
23393,264.98
24199,50.49
24308,74.98
24588,120.98
24655,24.99
24908,24.99
26109,24.99
26639,24.99
26724,24.99
26828,24.99
26956,24.99
27088,24.99
27105,24.99
27194,24.99
27316,199.94
28538,24.99
28727,348.98
28829,24.99
30721,24.99
30772,24.99
30974,24.99
31109,144.98
32164,24.99
32445,24.99
32509,24.99
32764,24.99
32964,79.98
34310,24.99
34470,24.99
34524,143.94
34607,74.99
34830,54.97
35187,72.99
35243,24.99
36049,89.59
36113,103.76
36167,94.99
36368,24.99
36645,24.99
36903,24.99
37042,94.94
37109,56.96
37274,89.98
37953,24.99
38098,119.93
38180,124.49
38188,24.99
38443,24.99
38599,299.96
38909,24.99
39299,69.94
39713,24.99
39758,24.99
40177,24.99
40618,140.93
41540,174.99
41892,24.99
42202,24.99
42484,58.21
43602,24.99
44281,24.99
44632,24.99
44883,69.94
44922,24.99
45824,24.99
46018,24.99
46176,24.99
46295,84.99
46379,24.99
46557,24.99
46591,24.99
46912,24.99
47093,64.49
49954,24.99
50514,24.99
50885,24.99
51183,24.99
51386,134.49
51738,24.99
51772,92.99
51909,24.99
52158,99.99
52188,24.99
52317,24.99
52382,24.99
53231,24.99
53759,24.99
53907,24.99
54338,24.99
55570,159.97
56088,261.98
56776,24.99
58715,24.99
58879,403.99
59032,24.99
59135,24.99
59178,55.99
60175,94.97
60457,24.99
60810,54.98
61201,83.98
61219,24.99
61243,24.99
62030,61.98
62100,24.99
62142,24.99
63463,24.99
63501,24.99
63631,356.99
66400,115.93
66700,75.99
67899,24.99
68040,144.99
68358,89.99
69336,24.99
70008,24.99
70123,24.99
70198,24.99
70783,24.99
71055,24.99
71498,64.99
72253,84.97
72455,24.99
73249,24.99
73425,24.99
73607,268.99
73852,24.99
75290,24.99
76121,24.99
77184,24.99
77508,263.97
77943,24.99
78922,122.42
79187,24.99
79279,24.99
79378,24.99
79476,24.99
80056,86.99
80599,24.99
80877,24.99
81252,24.99
81324,163.99
82651,24.99
82802,105.83
83279,212.21
83342,24.99
83818,24.99
84162,24.99
84435,55.26
84483,24.99
84741,104.98
85265,454.99
86307,24.99
87014,24.99
88630,24.99
88966,24.99
88995,49.99
90044,24.99
90620,24.99
90717,93.95
90850,24.99
91288,24.99
91921,64.99
92796,212.99
92956,24.99
93000,24.99
93439,24.99
94003,64.98
94049,24.99
94438,67.98
95553,114.49
95796,74.99
96154,24.99
96169,24.99
96570,24.99
96850,24.99
97375,235.98
98025,89.99
98418,24.99
98577,185.9
99453,24.99
100174,69.99
101083,24.99
101151,24.99
102074,313.99
102251,24.99
102256,24.99
102258,153.89
102329,110.89
102472,24.99
102530,141.3
103000,182.94
103630,24.99
103657,24.99
103848,24.99
103871,24.99
104908,49.99
105187,24.99
105223,24.99
105590,24.99
105881,24.99
106345,24.99
107625,79.44
108239,108.98
108251,24.99
108679,24.99
109255,24.99
109520,64.98
111136,87.99
111219,81.74
111410,24.99
111610,362.57
111962,24.99
113862,24.99
114316,58.94
114829,24.99
114932,122.99
115507,24.99
115711,24.99
115877,24.99
116014,24.99
116334,24.99
117234,24.99
117470,180.19
117672,24.99
117829,53.96
119859,69.94
119900,344.43
120055,24.99
120157,24.99
120288,24.99
120511,24.99
120649,62.73
120924,24.99
121342,119.99
121726,54.98
121756,24.99
122305,24.99
122364,82.94
122748,24.99
123260,24.99
124266,24.99
124822,24.99
102,25.0
288,25.0
367,25.0
387,52.99
494,25.0
522,59.99
552,25.0
601,25.0
752,25.0
775,114.43
833,25.0
852,25.0
866,326.9
1008,60.0
1072,25.0
1129,25.0
1301,25.0
1349,125.99
1440,213.94
1648,278.94
1652,25.0
1768,91.0
1827,25.0
1830,144.25
1839,79.99
1990,490.49
1992,25.0
2054,58.75
2081,25.0
2116,25.0
2216,25.0
2290,25.0
2379,25.0
2429,25.0
2567,25.0
2739,25.0
2800,120.99
2833,25.0
2917,90.0
3076,54.5
3098,25.0
3167,25.0
3189,25.0
3194,25.0
3197,60.0
3208,25.0
3274,25.0
3348,25.0
3378,25.0
3541,25.0
3636,25.0
3686,166.92
3781,283.45
3885,25.0
4000,81.0
4088,65.0
4157,25.0
4198,292.93
4323,236.11
4335,100.0
4353,25.0
4470,25.0
4541,25.0
4804,25.0
4897,84.52
4951,25.0
4956,52.24
5165,25.0
5475,50.99
5639,25.0
5882,25.0
5884,88.99
5950,346.0
5992,25.0
6141,54.99
6282,25.0
6320,25.0
6348,25.0
6460,116.97
6473,194.99
6561,114.99
6649,25.0
6697,25.0
6726,25.0
6941,25.0
6945,77.0
7041,130.6
7069,25.0
7174,144.99
7191,91.99
7349,64.99
7518,25.0
7536,25.0
7713,25.0
7780,25.0
7880,25.0
8056,195.94
8244,25.0
8352,25.0
8430,25.0
8644,25.0
8771,25.0
8858,25.0
8895,25.0
8982,25.0
9051,25.0
9059,25.0
9252,25.0
9399,150.0
9402,63.88
9462,438.48
9706,25.0
9710,113.99
9753,59.5
9771,25.0
9772,25.0
9810,25.0
9819,144.98
9973,25.0
10071,96.95
10221,25.0
10222,25.0
10240,446.0
10399,25.0
10430,136.99
10628,25.0
10659,225.3
10682,25.0
10686,160.0
10749,25.0
10837,25.0
11193,25.0
11285,25.0
11338,25.0
11384,92.76
11478,50.0
11511,185.0
11705,25.0
12081,89.95
12100,126.08
12103,25.0
12135,25.0
12244,50.0
12358,100.95
12459,25.0
12524,84.0
12539,67.95
12635,25.0
12639,25.0
12641,25.0
12728,25.0
13132,25.0
13203,25.0
13247,25.0
13252,25.0
13401,25.0
13521,25.0
13769,25.0
13934,25.0
14125,124.0
14132,151.0
14152,25.0
14193,54.99
14663,117.0
14693,25.0
14718,25.0
15123,25.0
15148,89.95
15231,25.0
15240,170.48
15254,25.0
15268,218.4
15474,25.0
15650,25.0
15936,103.0
16224,25.0
16419,25.0
16554,25.0
16556,81.08
16769,25.0
16894,25.0
16957,25.0
17101,98.98
17138,25.0
17198,25.0
17218,89.4
17267,159.08
17314,85.99
17318,25.0
17408,25.0
17427,25.0
17465,25.0
17486,25.0
17498,25.0
17635,25.0
17721,25.0
17723,25.0
17802,25.0
17819,25.0
17824,25.0
17849,61.0
17900,25.0
17934,25.0
18051,25.0
18278,25.0
18332,25.0
18552,25.0
18607,25.0
18702,86.99
18825,75.0
18852,25.0
18859,25.0
18864,225.0
18869,25.0
18907,55.0
18995,25.0
19190,25.0
19214,25.0
19338,219.94
19356,180.38
19422,25.0
19479,152.0
19644,25.0
19661,84.0
19681,25.0
19805,25.0
19865,25.0
20003,25.0
20040,181.18
20274,103.0
20281,25.0
20403,25.0
20559,203.26
20585,25.0
20619,25.0
20625,281.49
20697,25.0
20842,25.0
20858,213.11
20863,25.0
20915,25.0
21298,25.0
21481,25.0
21688,25.0
21701,100.0
21721,25.0
21738,25.0
21874,25.0
21900,25.0
22087,65.0
22135,25.0
22138,54.99
22157,154.0
22195,25.0
22221,25.0
22268,74.5
22301,25.0
22429,25.0
22633,25.0
22669,25.0
22852,223.95
22934,250.0
23060,25.0
23220,79.99
23541,114.98
23726,25.0
23772,25.0
23939,25.0
23948,25.0
24007,25.0
24064,25.0
24086,25.0
24130,25.0
24131,25.0
24132,25.0
24167,25.0
24197,25.0
24286,25.0
24381,563.98
24393,25.0
24425,78.95
24449,25.0
24472,64.5
24509,25.0
24603,182.88
24700,25.0
24856,25.0
25040,25.0
25051,25.0
25174,25.0
25213,155.16
25217,97.9
25243,25.0
25466,204.44
25557,74.88
25791,25.0
25844,25.0
25884,25.0
25943,25.0
26025,51.99
26030,50.46
26069,68.99
26171,25.0
26185,104.95
26324,25.0
26354,25.0
26368,177.0
26402,25.0
26406,179.43
26672,224.95
26701,25.0
26890,25.0
26942,25.0
27270,25.0
27328,214.0
27414,25.0
27482,25.0
27661,25.0
28012,306.23
28210,25.0
28217,25.0
28302,25.0
28372,25.0
28583,125.99
28726,25.0
28796,25.0
28797,25.0
28884,25.0
29356,55.0
29373,25.0
29390,62.89
29738,25.0
29827,121.11
29831,25.0
29845,25.0
29928,64.99
29976,25.0
30016,219.25
30171,57.0
30312,25.0
30364,82.91
30458,89.95
30480,420.0
30573,25.0
30734,214.0
30741,454.99
31028,143.0
31062,25.0
31073,124.99
31131,25.0
31167,25.0
31277,64.51
31361,117.94
31375,25.0
31466,187.18
31761,25.0
31800,63.68
31815,25.0
31825,25.0
31930,69.0
31990,114.98
32117,80.49
32158,50.0
32181,25.0
32266,25.0
32432,53.0
32453,79.99
32582,53.0
32617,25.0
32817,184.54
32927,230.2
32948,25.0
32991,51.99
33284,69.93
33404,142.94
33584,25.0
33641,25.0
33734,25.0
33752,71.62
33833,25.0
33846,68.2
33848,194.95
34094,25.0
34206,25.0
34331,231.44
34459,25.0
34504,25.0
34535,190.7
34635,25.0
34697,25.0
34744,100.0
35005,102.94
35143,25.0
35148,66.42
35226,25.0
35330,61.0
35349,25.0
35398,25.0
35483,25.0
35828,25.0
35830,180.99
35863,25.0
35944,64.99
36018,25.0
36025,25.0
36054,81.18
36166,165.0
36249,25.0
36369,25.0
36447,25.0
36640,25.0
36730,54.99
36746,25.0
36880,182.0
36908,25.0
36923,25.0
37233,70.0
37349,25.0
37372,123.0
37431,25.0
37668,25.0
37714,25.0
37745,59.82
38010,25.0
38012,25.0
38118,200.0
38171,25.0
38265,25.0
38303,91.5
38328,25.0
38375,25.0
38481,25.0
38637,297.8
38668,25.0
38815,25.0
39263,69.99
39392,25.0
39476,100.0
39496,25.0
39521,25.0
39541,144.96
39621,25.0
39824,25.0
39899,119.99
40243,25.0
40601,25.0
40750,25.0
40758,25.0
40835,25.0
41059,133.15
41114,25.0
41254,25.0
41842,25.0
41915,25.0
42018,25.0
42024,173.5
42094,25.0
42174,104.5
42210,25.0
42293,25.0
42544,140.0
42545,25.0
42653,25.0
42664,25.0
42745,207.99
42942,25.0
42968,25.0
43164,200.0
43202,178.0
43230,25.0
43268,25.0
43417,139.0
43432,25.0
43510,25.0
43761,104.95
43909,25.0
43944,120.0
44131,25.0
44188,25.0
44213,25.0
44269,25.0
44444,25.0
44509,74.5
44580,203.99
44707,25.0
44727,65.0
44812,25.0
44885,25.0
44914,25.0
44966,248.0
45251,344.95
45294,25.0
45368,314.99
45472,25.0
45566,25.0
45574,85.98
45710,25.0
45746,25.0
45903,84.0
45916,25.0
46101,25.0
46253,174.07
46268,25.0
46357,25.0
46485,84.5
46677,65.54
46771,66.99
46935,244.99
47111,25.0
47136,25.0
47333,25.0
47397,25.0
47430,25.0
47542,99.49
47550,25.0
47594,124.49
47650,25.0
47960,25.0
47973,25.0
48098,74.95
48370,25.0
48477,25.0
48524,25.0
48587,25.0
48662,25.0
48779,25.0
48993,60.0
49036,25.0
49064,25.0
49184,55.0
49196,25.0
49348,25.0
49454,25.0
49563,71.95
49974,25.0
49982,25.0
50046,86.95
50301,25.0
50310,25.0
50400,25.0
50407,25.0
50420,25.0
50446,25.0
50537,25.0
50602,25.0
50649,25.0
50712,65.0
50868,25.0
50906,258.27
50915,61.99
50923,162.98
50973,25.0
51380,90.0
51445,69.99
51463,25.0
51534,227.0
51765,25.0
51934,25.0
51968,59.5
51985,75.0
51990,25.0
52044,25.0
52112,206.99
52380,159.99
52411,25.0
52589,177.89
52710,25.0
52805,69.95
52855,25.0
52898,25.0
53101,25.0
53189,170.15
53206,25.0
53378,60.0
53462,111.94
53474,71.05
53525,69.5
53671,25.0
53724,25.0
53814,25.0
53912,25.0
53942,25.0
53992,25.0
54021,65.0
54196,121.0
54298,25.0
54330,213.0
54439,69.0
54690,25.0
54704,25.0
54795,25.0
54834,124.99
54839,25.0
54943,57.49
55010,154.48
55017,25.0
55071,25.0
55113,75.12
55256,25.0
55322,124.95
55346,25.0
55515,172.0
55553,332.97
55798,25.0
55805,25.0
55818,132.0
55848,25.0
55956,25.0
55978,25.0
56254,25.0
56285,25.0
56355,25.0
56367,25.0
56394,25.0
56490,100.49
56492,25.0
56550,25.0
56644,232.98
56686,25.0
56812,25.0
56857,25.0
56985,25.0
57014,25.0
57106,25.0
57139,25.0
57211,25.0
57270,25.0
57340,25.0
57534,60.63
57540,50.0
57556,25.0
57626,50.0
57798,25.0
57823,165.99
58034,25.0
58082,25.0
58323,217.48
58582,25.0
58608,25.0
58664,25.0
58818,156.99
58862,25.0
58871,101.5
58897,25.0
58926,229.2
58957,25.0
59089,25.0
59224,25.0
59420,25.0
59468,25.0
59564,25.0
59585,25.0
59673,136.0
59754,25.0
59824,25.0
60045,25.0
60084,25.0
60160,25.0
60232,25.0
60287,25.0
60311,25.0
60577,67.3
60702,199.94
60795,25.0
60827,25.0
61002,25.0
61344,89.99
61373,57.0
61406,178.6
61697,25.0
61700,115.0
61717,25.0
61787,25.0
61889,25.0
62028,25.0
62055,25.0
62061,25.0
62282,247.94
62295,161.5
62383,25.0
62418,25.0
62437,149.9
62488,25.0
62512,25.0
62741,74.99
62790,182.95
62801,25.0
62841,25.0
63312,251.47
63339,117.95
63522,25.0
63538,25.0
63698,25.0
63719,25.0
63735,25.0
63918,25.0
63982,75.0
64009,25.0
64291,170.95
64432,25.0
64477,240.97
64575,67.74
64884,25.0
64886,25.0
65054,122.0
65175,25.0
65254,25.0
65428,53.0
65448,164.86
65587,365.99
65599,82.35
65767,203.0
65807,25.0
65921,140.46
66050,194.49
66090,244.36
66200,84.0
66326,25.0
66451,139.15
66489,25.0
66491,25.0
66547,57.0
66708,25.0
66737,183.0
66796,25.0
66875,91.49
66906,25.0
67048,25.0
67110,195.56
67142,25.0
67209,56.9
67212,25.0
67221,104.91
67230,269.97
67243,97.37
67245,51.5
67248,110.0
67328,25.0
67504,25.0
67603,25.0
67669,25.0
67773,25.0
67925,25.0
67977,25.0
68159,25.0
68177,25.0
68444,25.0
68480,25.0
68577,233.98
68625,25.0
68826,25.0
68847,25.0
68874,25.0
69018,25.0
69049,25.0
69246,25.0
69351,25.0
69469,356.0
69497,25.0
69565,25.0
69775,64.95
69877,25.0
69923,25.0
70015,59.99
70138,25.0
70182,25.0
70372,25.0
70383,261.96
70387,25.0
70453,25.0
70457,25.0
70517,25.0
70540,75.0
70653,25.0
70776,200.0
70977,25.0
70984,25.0
71064,25.0
71237,25.0
71253,77.0
71358,65.75
71403,25.0
71424,64.5
71495,25.0
71625,25.0
71677,25.0
71972,321.85
72077,25.0
72127,246.94
72282,163.83
72395,25.0
72396,25.0
72465,124.95
72499,25.0
72678,25.0
72718,25.0
72740,93.0
72837,255.89
73133,128.94
73240,25.0
73385,25.0
73517,25.0
73622,25.0
73735,90.0
73741,111.0
73821,25.0
73828,25.0
73973,267.0
74007,25.0
74113,25.0
74118,116.5
74157,25.0
74178,25.0
74390,177.3
74438,25.0
74475,164.99
74658,25.0
74794,25.0
74825,25.0
74871,25.0
74964,250.0
74991,25.0
75025,25.0
75041,54.99
75046,25.0
75094,25.0
75095,25.0
75222,94.94
75620,106.0
75675,25.0
75857,25.0
75884,93.9
75982,25.0
75992,25.0
76562,64.95
76597,25.0
76634,25.0
76815,25.0
76859,25.0
76914,25.0
76916,196.49
76974,25.0
77049,502.31
77061,25.0
77096,25.0
77220,25.0
77258,25.0
77274,62.99
77287,25.0
77361,25.0
77381,25.0
77475,25.0
77500,25.0
77515,25.0
77790,25.0
77883,25.0
77912,25.0
77917,213.98
78106,174.0
78132,25.0
78161,124.99
78195,25.0
78389,67.5
78400,25.0
78415,88.0
78434,25.0
78461,25.0
78469,25.0
78527,25.0
78575,69.99
78680,25.0
78707,25.0
78718,451.94
78925,25.0
78970,289.0
79402,77.8
79407,25.0
79432,25.0
79446,25.0
79645,194.98
79651,79.5
79746,89.45
79881,25.0
79969,25.0
80142,105.0
80255,25.0
80414,154.99
80465,84.99
80619,25.0
80862,25.0
80928,69.99
80945,112.95
81001,68.53
81111,25.0
81529,313.0
81530,25.0
81613,25.0
81817,25.0
81880,25.0
82299,52.36
82421,25.0
82478,77.0
82485,25.0
82584,73.0
82604,25.0
82654,25.0
82920,77.0
83010,58.95
83067,25.0
83068,233.75
83071,69.5
83164,25.0
83321,307.99
83418,25.0
83753,25.0
83769,25.0
83836,92.0
83890,61.0
83927,231.7
83945,25.0
84010,25.0
84021,25.0
84112,59.99
84161,25.0
84336,25.0
84385,94.99
84406,138.94
84411,25.0
84453,25.0
84610,25.0
84611,89.99
84668,25.0
84703,112.07
84822,25.0
84905,25.0
84910,25.0
84948,89.95
85003,25.0
85089,89.5
85120,284.99
85168,95.95
85309,173.0
85327,25.0
85409,154.98
85412,60.0
85611,134.95
85641,25.0
85692,279.99
85778,118.45
86130,25.0
86160,25.0
86256,252.98
86270,25.0
86313,25.0
86379,25.0
86414,25.0
86571,25.0
86577,25.0
86857,276.94
86894,25.0
86904,25.0
87025,59.95
87051,25.0
87088,25.0
87135,25.0
87180,158.0
87285,113.0
87296,25.0
87453,25.0
87843,25.0
87860,25.0
87886,25.0
87919,25.0
88013,25.0
88116,94.95
88124,25.0
88128,25.0
88207,25.0
88221,25.0
88349,184.94
88403,144.99
88446,86.55
88505,185.95
88544,25.0
88623,134.99
88668,64.5
88759,25.0
88791,63.0
88827,144.85
88850,82.93
88937,25.0
89127,109.0
89162,60.49
89260,217.0
89286,25.0
89363,25.0
89380,129.01
89387,69.5
89505,85.04
89555,94.45
89663,25.0
89716,25.0
89796,64.99
89900,154.0
90017,25.0
90114,25.0
90130,25.0
90202,25.0
90327,25.0
90435,25.0
90520,25.0
90559,124.0
90693,59.99
90859,106.39
90924,128.57
91516,25.0
91555,25.0
91775,25.0
91815,73.95
91957,114.99
92023,61.95
92090,50.95
92197,84.5
92236,100.0
92441,94.5
92448,307.99
92540,25.0
92671,73.0
92849,274.6
92900,77.0
92960,25.0
92979,208.0
93060,106.38
93080,267.5
93178,25.0
93192,143.4
93249,25.0
93260,267.97
93272,25.0
93377,25.0
93530,25.0
93531,93.28
93621,73.6
93940,25.0
94129,25.0
94185,57.45
94248,25.0
94489,67.95
94702,25.0
94773,25.0
94792,25.0
94889,100.07
94925,352.5
95117,54.99
95136,25.0
95174,73.65
95175,25.0
95415,25.0
95577,25.0
95702,25.0
95711,340.0
95833,25.0
95845,25.0
95849,25.0
96158,25.0
96268,110.0
96316,253.0
96424,25.0
96773,152.5
96917,228.09
96977,136.52
97144,59.99
97218,25.0
97280,148.95
97351,204.0
97376,25.0
97377,25.0
97473,268.0
97497,118.42
97568,25.0
97579,25.0
97599,25.0
97692,59.19
97760,25.0
97885,213.94
98229,25.0
98361,97.99
98417,183.0
98449,50.0
98520,25.0
98679,89.35
98810,25.0
98862,25.0
98907,236.11
98941,25.0
98998,291.94
99148,64.5
99171,72.0
99312,25.0
99352,218.69
99371,25.0
99649,165.0
99730,202.99
99838,69.95
99868,274.99
99888,25.0
99915,25.0
99919,61.5
99979,69.99
100156,266.34
100168,67.0
100489,140.0
100517,25.0
100628,25.0
100758,25.0
100810,25.0
100843,150.0
100946,25.0
101047,25.0
101253,25.0
101313,74.0
101339,25.0
101556,65.91
101561,25.0
101777,25.0
101931,53.0
101973,25.0
102130,25.0
102146,25.0
102181,25.0
102206,244.49
102261,25.0
102267,25.0
102368,173.0
102488,25.0
102556,51.0
102624,59.65
102872,25.0
102905,25.0
103273,25.0
103296,25.0
103340,282.67
103369,85.0
103392,25.0
103468,75.0
103473,25.0
103797,169.3
103834,25.0
103880,25.0
104026,223.0
104250,25.0
104268,204.0
104310,25.0
104382,53.74
104430,25.0
104486,25.0
104625,323.65
104643,25.0
104685,57.5
104776,25.0
104777,25.0
104934,25.0
104991,53.95
105057,25.0
105125,25.0
105265,25.0
105418,25.0
105521,25.0
105538,74.99
105644,110.0
105839,25.0
105953,25.0
106087,25.0
106108,25.0
106120,25.0
106138,25.0
106369,25.0
106487,25.0
106534,272.5
106694,25.0
106782,62.0
106833,110.0
106839,289.0
106849,25.0
107012,25.0
107463,25.0
107487,25.0
107490,25.0
107539,25.0
107622,25.0
107720,25.0
107738,97.99
107782,319.57
107975,25.0
108269,262.43
108396,25.0
108491,25.0
108523,59.95
108675,25.0
109055,25.0
109306,25.0
109492,63.19
109858,56.0
110032,191.98
110216,25.0
110350,25.0
110626,25.0
110726,83.0
110775,25.0
110958,58.9
110988,107.46
111046,25.0
111326,118.82
111360,25.0
111575,25.0
111594,25.0
111612,103.0
111617,25.0
111650,25.0
111712,25.0
111739,90.0
111854,25.0
111932,25.0
112033,118.1
112126,299.4
112128,25.0
112264,25.0
112312,246.0
112434,25.0
112544,25.0
112775,1103.18
112871,25.0
113027,123.0
113163,25.0
113183,25.0
113230,297.99
113272,61.0
113335,25.0
113408,203.3
113448,25.0
113462,25.0
113646,25.0
113662,173.0
113807,25.0
113808,25.0
113871,25.0
114105,64.99
114108,25.0
114140,61.99
114223,25.0
114312,212.97
114436,50.0
114463,25.0
114518,25.0
114566,25.0
114600,25.0
114678,105.0
114812,25.0
114831,59.99
114883,25.0
115196,114.99
115501,54.5
115715,77.0
115836,25.0
115853,122.09
115869,115.0
115954,25.0
116098,25.0
116290,25.0
116306,25.0
116389,100.0
116393,53.0
116529,25.0
116539,25.0
116643,25.0
116667,25.0
116694,25.0
116776,25.0
116833,25.0
117016,25.0
117262,79.5
117548,25.0
117621,95.0
117732,69.5
117852,25.0
117894,25.0
118052,25.0
118128,25.0
118156,25.0
118479,25.0
118677,25.0
118700,25.0
118969,25.0
119001,94.95
119085,111.51
119109,25.0
119451,103.0
119506,116.98
119549,54.99
119580,25.0
119781,25.0
119856,25.0
119885,25.0
120075,120.47
120109,118.87
120161,25.0
120252,90.6
120371,25.0
120427,166.75
120498,25.0
120546,25.0
120609,86.99
120614,25.0
120620,120.5
120637,63.0
120681,180.75
120767,71.76
120769,25.0
120933,99.98
121052,25.0
121088,25.0
121156,25.0
121170,25.0
121194,25.0
121256,117.98
121428,25.0
121446,25.0
121630,25.0
121776,25.0
121781,25.0
121846,25.0
121932,25.0
122034,52.0
122066,25.0
122112,25.0
122115,64.99
122189,74.95
122294,25.0
122310,65.0
122497,25.0
122519,73.0
122648,166.38
123297,25.0
123310,25.0
123568,66.99
123704,122.47
123715,25.0
123777,114.5
123833,79.5
123840,172.13
123890,25.0
123901,75.0
123968,25.0
123999,25.0
124095,73.0
124127,25.0
124178,25.0
124251,103.99
124290,85.0
124335,25.0
124459,54.5
124470,322.73
124553,25.0
124591,25.0
124800,294.5
124928,25.0
125059,25.0
22559,25.11
29766,25.11
80047,25.11
13960,105.17
8213,104.2
12984,183.54
14403,25.2
14604,25.2
21062,25.2
23796,25.2
48066,52.45
50142,25.2
52220,25.2
63761,25.2
68427,25.2
76826,25.2
77398,227.2
105019,84.7
111912,25.2
118124,25.2
433,25.23
17562,25.23
122026,25.23
62172,62.23
8037,75.29
17903,25.32
57381,25.33
6241,157.28
17074,25.34
29870,25.34
82152,25.35
83974,25.35
60340,25.37
112675,25.37
10191,25.39
28599,25.44
18020,25.45
51675,25.45
49714,25.46
86935,25.46
2625,185.97
17755,25.48
24958,25.48
51116,25.48
63240,25.48
71368,25.48
76083,25.48
91112,25.48
120052,174.99
6318,55.49
12633,53.5
14043,25.5
16424,25.5
17728,254.87
18485,25.5
20312,25.5
24016,25.5
27063,155.97
34473,25.5
35247,165.5
36397,25.5
40586,338.5
40729,25.5
47787,25.5
48080,63.5
48625,164.47
57645,150.43
59183,125.0
59694,54.5
70511,25.5
83790,125.5
88997,94.1
93182,25.5
93708,95.49
98992,25.5
99053,25.5
99801,25.5
100032,25.5
102612,25.5
119501,25.5
122623,25.5
73682,173.52
101723,25.52
92797,228.22
110043,180.48
110312,25.53
16608,25.57
91926,223.57
43163,25.59
118574,25.59
5072,25.6
15606,173.57
29236,25.6
58201,71.6
94564,195.55
117867,25.61
9105,25.7
27029,25.7
48332,145.67
53664,25.7
19360,25.75
42073,25.75
85143,25.75
40039,228.72
309,70.39
1649,25.9
9497,25.9
11387,25.9
48172,66.9
69144,80.9
94018,25.9
110483,25.9
113271,25.9
38030,77.93
58355,120.89
2594,97.95
7805,25.95
8555,105.94
9152,25.95
33271,25.95
41429,125.94
48646,73.9
66140,25.95
68493,72.71
70641,25.95
82324,25.95
113071,25.95
115388,72.94
116341,645.23
117594,262.45
117976,25.95
118652,25.95
120211,25.95
124546,25.95
537,25.97
45883,25.97
55684,265.91
73532,75.56
105499,135.96
121959,201.97
5213,25.98
41953,25.98
71011,121.97
79992,25.98
119460,25.98
5545,59.98
6666,25.99
7464,25.99
10715,25.99
10853,237.26
11226,56.99
13844,25.99
14831,25.99
16080,250.44
20627,95.49
21947,58.94
22047,67.99
28363,25.99
29666,136.97
31703,118.47
32328,25.99
32580,107.86
33204,60.98
34739,25.99
35968,25.99
37763,25.99
38676,25.99
39420,25.99
44786,315.98
45595,25.99
47080,25.99
47535,25.99
48712,25.99
50470,25.99
50714,25.99
50959,73.98
52434,143.99
53476,295.98
55932,25.99
61521,25.99
62014,25.99
62321,25.99
63523,55.87
64267,25.99
66170,25.99
70958,25.99
72931,25.99
76602,25.99
76858,25.99
82572,25.99
86003,90.94
88045,129.53
88402,56.94
89466,25.99
97374,25.99
98510,25.99
101522,209.98
103713,77.99
104094,115.94
104992,25.99
105424,73.99
107565,135.98
110203,25.99
113079,25.99
113276,25.99
114305,310.77
114357,113.99
116203,437.93
116230,25.99
117813,25.99
118674,198.98
118853,25.99
119888,25.99
881,98.45
1383,26.0
1417,75.98
2553,181.95
3659,157.92
3827,26.0
6150,26.0
7851,26.0
11153,26.0
11612,26.0
12258,26.0
14627,26.0
15242,341.99
17535,77.95
17698,63.91
18169,26.0
18473,26.0
20917,26.0
21704,26.0
21789,26.0
25272,26.0
25787,76.0
26545,26.0
26806,26.0
27828,64.99
28274,26.0
29011,108.46
30146,26.0
30950,26.0
31366,26.0
31425,26.0
33247,26.0
35328,26.0
35980,62.76
36823,113.95
39140,26.0
39268,26.0
43420,318.0
44154,95.45
44508,26.0
44583,26.0
45408,26.0
46601,26.0
46886,26.0
46938,26.0
47172,52.99
47990,26.0
49943,26.0
52959,75.5
52991,26.0
53384,26.0
53507,26.0
53638,26.0
54032,71.99
54825,26.0
55339,165.58
56066,75.99
59378,26.0
59780,26.0
60170,85.95
60782,26.0
61040,115.5
62931,159.99
63127,26.0
63181,52.99
64589,26.0
66153,26.0
66362,26.0
66434,62.98
70105,198.49
70402,26.0
71773,55.99
73166,26.0
73326,26.0
75033,26.0
75167,95.0
76053,26.0
76246,104.0
77804,26.0
78133,58.07
80278,26.0
80751,26.0
81423,124.0
82358,59.66
82871,26.0
83398,26.0
84899,90.95
85076,26.0
85179,26.0
85311,174.18
86400,65.99
89914,183.0
90311,26.0
90707,55.99
91611,26.0
93526,26.0
93969,26.0
95045,26.0
96649,26.0
98226,164.5
98819,78.99
99971,144.67
102160,26.0
103721,85.95
109071,26.0
111383,55.99
112005,439.31
112431,26.0
114827,26.0
116077,401.0
117005,26.0
117453,65.41
119137,26.0
121162,26.0
121965,101.0
122029,104.0
124632,85.98
124678,26.0
125036,26.0
12538,26.04
33539,56.03
102959,115.99
105346,104.65
7166,26.05
91507,26.05
10741,26.1
43560,227.2
89660,64.0
95066,26.1
74476,95.63
111653,177.0
117515,166.13
68805,26.14
29505,26.16
53368,26.16
28516,70.95
40097,81.21
71302,26.22
105312,430.21
10570,26.23
29418,198.3
6891,26.34
15354,26.36
82598,26.36
103057,106.34
78239,59.39
108623,84.37
74762,26.4
24052,112.92
72625,126.44
22088,26.45
37664,26.45
53404,26.45
67660,26.45
69814,146.43
79024,26.45
89816,26.45
109854,85.95
67763,123.41
18886,273.97
36060,26.49
51803,26.49
13178,26.5
26847,26.5
29717,26.5
35748,56.49
39459,26.5
50629,91.49
53144,61.49
60583,26.5
64635,74.5
69187,26.5
79753,26.5
83667,26.5
88948,26.5
94986,26.5
97403,340.0
97915,78.5
99450,26.5
108275,102.5
113447,26.5
121490,26.5
32422,26.51
51304,26.51
97094,26.51
29435,26.59
10712,26.6
46096,145.54
51468,56.59
70285,71.6
75610,26.6
108012,26.6
54837,26.63
116062,26.65
90899,26.69
75684,26.72
12419,26.75
17069,26.75
20163,26.75
75416,26.75
118950,71.75
66092,121.34
75909,26.76
42764,26.77
82680,26.77
120029,82.77
36277,88.8
5354,26.86
26226,63.85
30839,26.86
43895,88.9
44086,26.9
46757,106.89
51966,26.9
55068,26.9
71609,74.9
77855,135.9
79467,26.9
121448,26.9
88706,26.91
41407,26.92
45006,106.91
86561,166.86
96279,26.92
39238,26.94
40490,26.94
68,305.95
6933,26.95
13449,26.95
20244,26.95
21197,140.79
26055,26.95
33135,106.9
40361,26.95
47048,26.95
59800,26.95
60123,171.95
62414,26.95
68081,26.95
70745,26.95
73637,26.95
73905,224.95
78948,26.95
82488,182.45
91471,157.53
95028,26.95
97576,26.95
104436,26.95
110719,66.95
110918,26.95
110992,26.95
116392,26.95
123018,26.95
119010,133.95
37436,26.97
46142,71.96
56719,101.92
56743,65.97
66108,26.97
75278,423.75
89638,92.37
99280,26.97
101011,26.97
121205,76.94
4558,363.98
5210,26.98
6195,26.98
6374,26.98
14536,108.96
20479,26.98
23861,156.98
25011,26.98
26593,26.98
29636,26.98
37270,110.98
53767,26.98
58909,26.98
68383,126.98
69802,26.98
70651,95.98
76652,26.98
81533,26.98
89945,26.98
99188,105.96
102122,26.98
106970,26.98
107621,26.98
109914,156.98
116026,90.98
120756,61.97
124633,26.98
124752,26.98
1601,174.99
2128,73.99
2530,26.99
2560,26.99
5654,71.99
6592,26.99
6619,26.99
7018,26.99
8403,26.99
8838,26.99
9247,86.57
10328,26.99
11321,26.99
12743,79.94
13679,26.99
13919,389.35
22663,26.99
22904,26.99
23004,64.98
25306,63.98
27430,26.99
28088,26.99
28140,26.99
28303,91.98
29289,90.98
33221,26.99
33699,71.98
34572,26.99
34784,26.99
35126,26.99
35473,169.21
35990,59.98
36094,81.17
36777,26.99
37037,140.46
37278,154.5
38693,26.99
39049,26.99
40628,146.94
41860,26.99
42925,58.98
46281,26.99
46680,58.49
46984,26.99
47796,26.99
49439,96.98
49876,26.99
51443,76.98
51767,145.99
53067,80.99
53552,26.99
53938,26.99
54059,26.99
55185,66.94
55407,56.49
56150,100.02
56423,200.98
60056,26.99
60244,26.99
60421,26.99
61103,26.99
61314,62.98
63273,26.99
66389,26.99
67285,26.99
68133,26.99
70446,26.99
71020,26.99
71254,170.99
72125,90.99
72846,26.99
74077,26.99
74357,26.99
75507,230.98
77103,26.99
79059,172.98
80109,26.99
80620,66.99
80996,26.99
83565,136.89
84101,26.99
84634,108.98
87176,26.99
88037,101.93
89516,26.99
90218,69.94
91622,56.4
94108,26.99
94125,26.99
95807,26.99
97157,116.48
102911,106.98
106530,59.94
107874,26.99
108711,196.49
110358,346.98
110741,26.99
111710,26.99
111761,72.94
112697,26.99
114012,138.97
114306,156.98
114904,26.99
119410,26.99
120187,26.99
120349,276.89
120430,26.99
121109,26.99
121694,76.99
122285,145.79
122996,266.99
123961,148.6
124331,26.99
2558,27.0
5822,231.69
6277,27.0
9948,27.0
11527,131.6
12310,27.0
12476,27.0
12708,76.5
14736,27.0
15075,27.0
15269,227.0
16453,27.0
16980,62.99
17357,27.0
18421,312.48
22371,221.97
24846,116.95
30539,27.0
30961,61.3
31506,195.68
32384,27.0
32746,27.0
33128,27.0
33270,27.0
34780,27.0
42711,27.0
46876,27.0
48248,27.0
55301,27.0
59990,241.0
61523,85.0
62033,185.56
64141,27.0
64848,27.0
67700,27.0
68153,27.0
69115,27.0
72034,27.0
77374,27.0
77532,27.0
79386,27.0
79389,27.0
80233,27.0
80575,27.0
80943,188.23
81242,277.0
82140,27.0
82615,66.99
85879,102.0
88543,27.0
89543,27.0
90733,27.0
91710,27.0
93107,210.92
95506,27.0
98793,27.0
104175,218.94
106394,27.0
106912,27.0
107725,27.0
108382,27.0
108528,27.0
108883,281.99
109565,161.5
109870,27.0
111233,27.0
111630,171.0
115431,195.51
117388,27.0
121975,27.0
122164,27.0
122428,27.0
123353,27.0
19495,27.02
28852,27.02
6729,190.06
91530,27.09
82115,27.1
93962,722.1
72705,62.12
101363,57.11
29641,27.2
113894,213.2
90740,27.22
31608,59.24
122991,57.23
5295,70.24
53855,291.25
84768,462.75
105944,273.23
4149,27.3
11458,27.3
15862,105.3
32359,27.3
43615,167.29
50013,27.3
111289,27.3
59909,27.32
73757,27.32
20485,27.39
31507,72.89
1404,27.4
48876,227.39
105036,27.4
22722,27.45
40799,27.45
47630,27.45
67874,75.45
89779,27.45
92312,234.45
98267,234.87
100482,235.44
107166,357.4
71205,27.46
123,132.47
16607,145.63
22835,27.5
78019,27.5
86211,27.5
87160,27.5
89216,27.5
100680,27.5
101044,102.82
118371,27.5
61891,27.59
78758,27.59
8616,27.6
56712,27.6
107395,66.34
68377,27.65
76419,27.68
85476,27.68
72788,27.7
81424,27.72
13574,111.48
13814,27.74
57308,77.24
83549,27.74
84466,82.24
28299,27.75
59464,27.75
95190,137.75
11925,27.77
109819,27.77
16845,71.76
118880,162.78
12014,27.8
69292,27.8
83469,160.29
6302,79.77
61775,27.82
86970,84.7
22370,27.83
11698,57.89
20272,67.9
21780,27.9
27413,27.9
38661,27.9
45702,27.9
54482,207.9
54720,27.9
58135,27.9
61955,27.9
73557,27.9
84048,27.9
84917,27.9
92752,27.9
96230,107.85
29198,83.43
75785,69.93
105042,27.93
13568,27.94
25487,27.94
84049,27.94
107848,27.94
113343,67.93
6723,27.95
10917,225.94
11524,27.95
11574,27.95
12357,56.94
15038,27.95
16513,27.95
16736,27.95
16810,222.95
17970,27.95
25838,27.95
26178,57.7
29708,27.95
32828,360.93
34529,402.95
34760,27.95
35568,27.95
47522,27.95
47815,27.95
50355,27.95
51811,95.95
54256,76.7
55367,168.88
55539,243.93
57748,27.95
59335,57.75
62007,27.95
64697,27.95
68819,27.95
69080,242.44
72941,27.95
73593,27.95
74531,218.88
78740,321.96
81924,27.95
86388,27.95
87282,27.95
90252,27.95
91528,400.93
92475,87.95
94179,101.37
98501,27.95
99990,27.95
100409,27.95
100413,27.95
106636,27.95
107529,77.45
110326,156.84
110933,27.95
112245,27.95
114990,59.95
120610,222.07
121161,27.95
125069,71.61
3814,27.96
61965,27.96
64362,157.95
24277,27.97
33073,70.92
64821,120.95
91164,27.97
102918,27.97
10335,27.98
20052,27.98
61634,57.98
88956,27.98
106725,126.98
109730,27.98
113764,27.98
281,115.99
855,27.99
2412,200.74
2921,27.99
5757,27.99
5984,27.99
6304,561.99
6552,27.99
8431,64.94
11441,74.97
16039,27.99
17046,27.99
18426,27.99
19610,27.99
19830,110.81
20487,27.99
21788,27.99
21791,27.99
25047,27.99
26176,69.99
28863,27.99
30320,27.99
32083,27.99
37120,27.99
38307,27.99
40700,27.99
41637,27.99
48696,27.99
48732,115.99
53316,27.99
53531,152.93
53866,27.99
54804,27.99
55131,77.99
58668,115.49
59992,172.98
60677,27.99
64595,27.99
66624,27.99
71647,27.99
80379,90.3
80694,27.99
81711,55.98
83416,69.94
84057,27.99
84535,27.99
85091,27.99
85236,27.99
85804,57.98
86500,27.99
87188,27.99
87548,27.99
87983,27.99
90188,77.02
95508,27.99
96360,167.99
97463,411.89
98768,27.99
100934,27.99
101346,27.99
101947,303.99
103842,27.99
104369,144.0
108334,65.9
109806,27.99
110894,27.99
114503,27.99
114542,27.99
114682,133.56
115413,27.99
116102,253.99
116785,27.99
118034,27.99
121020,27.99
123342,27.99
123465,57.99
123803,27.99
124962,27.99
125073,27.99
373,28.0
1083,28.0
2154,28.0
2787,28.0
2891,195.99
3312,28.0
3445,28.0
6307,28.0
8331,28.0
8631,56.95
8903,86.5
9163,28.0
9423,228.0
9702,398.96
10022,28.0
10301,28.0
10499,97.0
10651,365.0
11243,59.99
12039,28.0
14120,72.97
15893,28.0
16870,136.95
17960,180.5
18222,64.0
18230,67.99
20240,285.96
20729,170.65
20751,28.0
20984,28.0
21102,28.0
21192,154.23
21963,28.0
22341,28.0
22915,28.0
23091,28.0
23820,28.0
24087,28.0
24184,66.0
26039,77.95
27807,264.98
28486,92.49
28906,28.0
29654,28.0
30431,226.0
32438,28.0
32876,28.0
33476,28.0
35018,28.0
35259,28.0
35627,28.0
36209,28.0
38607,28.0
39156,28.0
39250,28.0
40493,28.0
41669,162.18
43157,175.95
43174,59.5
43756,28.0
44067,28.0
45690,28.0
45866,28.0
46040,95.99
46467,208.0
48276,28.0
48547,57.99
48596,142.59
48800,28.0
49999,28.0
50771,28.0
51495,28.0
52939,70.99
52967,583.94
53054,162.94
53520,28.0
54562,67.98
54707,28.0
55001,28.0
55547,28.0
56559,224.04
57193,260.1
57326,28.0
60238,96.0
60541,28.0
61752,28.0
61930,317.0
62074,278.02
62163,28.0
62729,28.0
64544,28.0
65379,76.05
65395,28.0
66148,73.56
66381,28.0
66750,28.0
68370,76.0
68569,59.5
68655,28.0
68955,28.0
69910,276.95
70876,28.0
72522,28.0
74218,626.0
74272,28.0
74971,28.0
75645,166.6
77587,28.0
78811,28.0
79816,28.0
80485,28.0
80770,28.0
83154,28.0
83357,175.99
83655,283.98
83854,28.0
84284,28.0
84450,67.58
85945,127.0
87823,28.0
88032,28.0
88754,28.0
88886,103.0
89475,176.0
89873,28.0
89882,28.0
90212,28.0
91943,136.0
91982,28.0
92340,28.0
92593,28.0
93429,93.0
94451,157.0
94693,28.0
95739,28.0
97421,28.0
98975,28.0
99179,121.19
99384,28.0
99627,28.0
101231,78.65
101298,28.0
102128,127.5
102145,197.5
103009,28.0
103086,28.0
103442,183.93
104113,28.0
106440,28.0
106560,28.0
106871,28.0
107005,28.0
107351,28.0
107585,28.0
109052,28.0
109123,28.0
110391,28.0
111023,28.0
111176,28.0
111563,67.99
111607,64.99
112007,150.44
113147,28.0
114865,236.5
116150,28.0
117282,28.0
117717,275.5
117933,28.0
118585,203.56
119079,28.0
119268,28.0
121519,28.0
121831,65.29
121979,28.0
122363,148.0
123073,28.0
124920,63.0
73673,106.8
64675,137.06
119371,120.07
27356,28.12
69593,28.12
31657,82.66
32911,28.16
102044,1368.17
104545,28.17
110603,28.17
110966,28.17
30627,28.19
94782,28.19
78013,132.23
120796,28.23
3583,104.28
47994,28.29
68161,71.28
40116,98.32
63846,61.34
82515,28.34
119771,118.33
39864,143.9
85623,28.35
61510,98.39
1462,28.43
38013,28.43
47652,28.43
107911,28.43
31092,385.45
48798,28.45
51735,28.45
86995,61.44
119187,28.49
2647,28.5
3454,28.5
9855,70.49
19453,28.5
28964,882.58
35783,141.26
51672,164.99
52368,28.5
58472,28.5
58565,28.5
60252,28.5
63622,28.5
71525,28.5
73137,68.0
76341,28.5
79854,28.5
94301,28.5
98432,58.49
99601,173.49
100171,73.38
101679,392.5
108668,28.5
111516,28.5
113038,28.5
122627,28.5
1447,28.54
63012,68.51
71753,28.56
84301,28.56
108774,28.58
27690,61.6
54683,170.8
607,229.63
18257,28.68
67965,28.69
48277,28.75
48384,28.75
58751,28.75
110834,28.77
29109,28.78
93540,28.78
66273,28.79
14468,28.8
42897,28.8
46768,28.8
83823,70.78
121119,28.8
18598,148.75
118314,28.81
44215,28.82
121104,175.56
53796,126.83
102225,523.83
24214,28.84
97693,28.84
17386,28.86
22895,28.86
103229,28.86
69477,28.88
7784,28.9
27058,278.89
41365,28.9
43821,28.9
65277,28.9
73062,68.4
74932,28.9
90295,28.9
95621,107.9
38408,136.36
85730,80.87
6030,28.95
8511,28.95
27997,28.95
30943,28.95
31169,224.64
48618,28.95
53285,28.95
61573,61.94
67096,28.95
67147,182.82
76235,284.42
82548,237.95
83598,28.95
84052,246.94
85060,28.95
91546,28.95
100347,62.9
103463,73.95
104074,28.95
105028,72.93
108139,28.95
108847,28.95
121304,80.95
123672,267.89
5389,63.96
31355,76.96
73884,28.96
122302,78.91
39248,73.47
48498,64.93
54197,28.97
63408,176.96
72685,28.97
103939,28.97
120708,28.97
19758,28.98
33280,240.57
36287,28.98
36897,28.98
59668,28.98
65862,102.98
76422,107.98
77093,28.98
91806,60.98
92046,28.98
93971,28.98
98078,28.98
106215,28.98
119216,28.98
759,28.99
5891,28.99
7289,179.98
10215,203.98
16090,103.99
19971,28.99
19972,58.83
27875,316.99
28915,131.98
29121,552.99
32245,28.99
37944,99.52
39292,62.99
40119,152.47
41688,28.99
43305,28.99
47049,59.85
50138,73.33
51524,28.99
52802,28.99
58981,28.99
60001,28.99
60593,28.99
62080,28.99
62352,28.99
64255,28.99
66447,28.99
67638,28.99
70115,28.99
70795,28.99
71679,28.99
71887,28.99
78246,28.99
78520,74.99
81871,70.99
85137,28.99
86452,28.99
91065,28.99
91118,28.99
91202,28.99
93067,28.99
96115,118.94
98146,28.99
99826,310.98
100352,95.99
106952,127.99
107618,28.99
109513,61.99
109760,128.97
111143,28.99
115991,93.57
116499,28.99
120715,28.99
121171,28.99
1155,161.66
1685,173.0
9599,29.0
10258,29.0
11449,29.0
11662,29.0
13790,29.0
20212,146.99
20354,344.94
21779,29.0
22923,29.0
26111,29.0
26772,74.0
28196,29.0
28298,29.0
30836,58.58
32614,29.0
33260,29.0
34415,183.48
37256,29.0
37775,29.0
40244,73.0
41108,29.0
42542,29.0
42932,108.0
44556,29.0
46251,158.93
46285,29.0
47042,29.0
47063,94.0
48681,29.0
48906,932.0
50346,29.0
51800,29.0
52739,29.0
56643,29.0
57109,433.32
57436,29.0
60312,29.0
64458,29.0
64620,60.88
65343,29.0
65554,29.0
66841,29.0
76554,29.0
78596,64.27
78701,29.0
79201,70.99
86200,29.0
87008,29.0
87687,153.74
88398,108.5
88651,29.0
89773,29.0
91318,29.0
94593,83.95
95374,29.0
100515,79.46
102559,29.0
102925,75.5
104613,29.0
107073,144.63
110864,29.0
110871,217.0
111302,29.0
112969,29.0
113014,106.38
113854,29.0
114067,29.0
115112,29.0
116118,29.0
118668,29.0
120836,99.35
121485,29.0
121650,83.0
123349,157.0
124120,29.0
124379,169.97
11719,29.15
49455,29.15
103308,29.18
40561,29.2
50952,29.2
52309,29.2
43680,29.21
47035,29.21
84447,29.21
49713,192.64
77497,29.25
101040,29.25
10515,29.26
101121,29.26
102041,29.27
18704,29.3
63959,29.3
17158,29.32
50666,29.32
55602,29.4
78855,29.4
4952,29.41
7838,29.41
10296,124.41
12672,29.41
19615,107.41
24965,59.4
47693,79.4
49048,517.39
55529,108.41
61869,89.4
62012,343.91
65114,61.9
67246,141.4
67319,29.41
72150,218.51
72703,29.41
77346,77.41
80683,29.41
104633,29.41
114508,138.91
120784,29.41
121796,29.41
25949,29.45
60634,29.45
87697,205.45
93966,29.45
102968,29.45
116373,83.44
121360,62.43
62738,449.48
1730,29.5
1890,29.5
2184,29.5
6689,69.49
7876,29.5
7987,29.5
9561,29.5
10359,29.5
10554,29.5
10820,29.5
17221,29.5
17509,29.5
18818,74.58
22117,69.49
27273,148.5
27338,64.47
27470,29.5
29002,29.5
29702,29.5
30862,29.5
31377,29.5
31721,29.5
33582,29.5
33709,113.42
34671,187.5
40431,271.45
42739,29.5
43646,29.5
48386,29.5
49294,29.5
50335,114.5
55710,69.49
58384,29.5
60098,29.5
60690,69.49
60936,230.03
62632,29.5
63377,182.59
64156,29.5
65751,328.5
68361,29.5
70640,29.5
71979,29.5
78037,29.5
79485,29.5
79509,129.45
80987,29.5
81874,91.5
84705,29.5
85875,29.5
89491,29.5
90019,29.5
91687,78.5
92382,97.5
96456,105.1
98518,89.45
99536,237.0
100343,144.65
104282,29.5
110929,29.5
113678,29.5
115881,29.5
124959,29.5
27525,29.52
29004,91.52
29389,124.52
62973,29.52
68094,523.4
86086,29.52
102292,61.97
105428,191.13
31697,29.58
59671,89.6
9338,29.68
12795,29.68
96924,29.68
99874,29.68
1035,79.68
11084,97.69
57192,29.69
89936,113.64
123317,29.7
47936,29.71
75485,84.71
59066,29.75
18264,29.76
74331,447.26
79004,83.69
13876,225.97
39307,29.79
122698,29.79
13987,29.84
16629,29.84
48294,179.3
81395,29.84
90078,29.84
109427,29.84
73871,29.85
12642,29.88
29992,79.33
57256,29.88
79351,64.87
82158,281.82
83781,29.88
90918,104.88
117459,209.47
3719,356.64
7677,29.9
7899,29.9
8683,129.4
8845,69.89
14765,109.89
25548,29.9
37155,29.9
46140,29.9
55474,29.9
69908,29.9
70298,29.9
73640,29.9
74640,69.8
74706,362.46
82116,65.9
83018,216.4
83849,29.9
90878,66.65
102217,29.9
104733,157.9
106041,95.9
113817,259.89
114524,66.89
118038,29.9
119287,29.9
119982,29.9
124248,29.9
37152,69.92
61812,29.93
73659,29.93
88994,29.93
106532,79.92
941,29.95
2026,177.58
4196,73.95
4366,29.95
4465,109.94
5385,29.95
5441,29.95
5466,29.95
6790,214.0
7070,29.95
8094,84.94
8128,60.9
9195,29.95
11372,29.95
12563,74.9
13040,29.95
15991,29.95
16188,178.45
19181,29.95
20701,29.95
21643,64.94
21941,29.95
23639,29.95
24991,29.95
27005,66.95
27949,108.95
28155,103.37
29914,29.95
30566,29.95
31776,29.95
32257,29.95
32506,29.95
33907,69.45
34325,29.95
34930,29.95
35393,29.95
40138,69.45
41298,178.53
41581,29.95
42312,29.95
42555,29.95
43913,29.95
44419,29.95
44810,539.93
47098,159.95
50689,29.95
50937,29.95
52053,29.95
52543,29.95
56602,227.95
56991,29.95
57235,29.95
57417,29.95
58014,29.95
60138,29.95
60414,29.95
61039,29.95
62606,29.95
65431,239.92
68205,29.95
69745,29.95
69873,218.95
70990,29.95
71800,178.95
72531,29.95
72652,29.95
72930,104.95
73163,109.93
74805,29.95
75641,29.95
77018,181.98
78499,29.95
78724,89.94
78931,95.92
79532,29.95
80094,29.95
80250,29.95
81004,29.95
81961,29.95
82385,29.95
85322,179.9
85842,95.94
86239,29.95
86389,29.95
87376,119.9
87794,29.95
89866,29.95
90026,29.95
90088,29.95
91431,29.95
91602,29.95
92203,29.95
93677,29.95
94398,29.95
94491,29.95
95312,68.95
96005,93.95
96314,29.95
96671,29.95
97736,217.94
97996,133.52
98749,264.58
99202,29.95
99304,118.95
101995,29.95
102342,109.95
102359,29.95
103475,29.95
104654,29.95
106671,29.95
107365,177.95
108995,29.95
111867,29.95
112904,207.95
112911,29.95
114036,68.94
114112,29.95
115084,29.95
115701,29.95
115804,29.95
116125,29.95
117735,134.89
118791,29.95
119620,29.95
119846,69.45
120129,29.95
120231,29.95
121245,29.95
122390,29.95
6091,29.97
9863,254.47
10127,59.97
17476,134.96
41629,74.96
43442,29.97
63989,243.95
65927,289.95
87948,29.97
90030,29.97
97432,29.97
120404,29.97
711,259.47
1436,157.97
13544,29.98
15711,512.97
18009,29.98
21322,60.25
28454,62.98
33747,129.98
36933,71.98
37518,73.98
45683,29.98
60185,128.98
64707,29.98
65411,29.98
69445,29.98
70275,29.98
75175,29.98
76905,29.98
77861,29.98
81790,29.98
86585,29.98
91243,329.48
91432,29.98
97739,29.98
102566,29.98
104710,29.98
105533,29.98
106501,29.98
108408,29.98
109204,29.98
115208,29.98
118246,160.64
121363,139.47
123160,29.98
30,129.94
109,108.36
282,29.99
802,154.44
3212,308.93
3221,29.99
3284,285.64
3745,64.2
3777,29.99
3870,29.99
4929,29.99
5372,29.99
6572,167.94
6627,29.99
6955,62.49
7169,29.99
7220,29.99
7916,29.99
8568,29.99
8638,188.93
8806,69.98
8809,79.99
8834,29.99
8906,177.44
8972,29.99
9333,62.55
9403,29.99
9749,29.99
10679,79.49
10950,29.99
11289,29.99
11504,152.98
11541,414.98
11596,29.99
11859,29.99
12031,29.99
12053,29.99
12270,29.99
12851,29.99
12950,29.99
13372,196.99
13492,74.98
13634,334.98
13692,29.99
14348,156.97
14552,207.99
14690,125.97
14772,29.99
14838,29.99
14918,393.93
14983,29.99
14988,133.95
15170,296.94
15607,29.99
15848,29.99
15961,29.99
16229,29.99
16264,29.99
16441,104.98
16594,132.89
16662,29.99
16709,29.99
17114,29.99
17177,29.99
17555,29.99
17578,29.99
17618,29.99
17729,29.99
17816,29.99
18364,79.99
18611,29.99
18714,29.99
18861,29.99
18932,135.94
19146,179.98
19361,29.99
19720,69.49
19738,288.74
19845,447.99
20896,228.99
21608,29.99
21717,29.99
22281,127.99
22696,29.99
22847,29.99
22854,29.99
23141,114.99
23496,29.99
23620,74.99
23764,29.99
24024,29.99
24248,29.99
24608,29.99
24921,89.99
25112,126.99
25183,79.99
25204,29.99
25574,99.49
25603,473.89
27974,67.99
28430,29.99
28814,29.99
28917,84.99
29322,359.49
29376,29.99
29431,29.99
29770,29.99
29897,29.99
29998,29.99
30099,29.99
30160,29.99
30293,29.99
30771,29.99
30776,409.98
30954,199.98
31327,29.99
31382,29.99
31554,61.99
31660,250.93
31702,29.99
31907,69.98
32076,29.99
32423,29.99
32685,29.99
33117,99.97
33237,29.99
33238,29.99
33545,79.99
33547,179.49
33810,29.99
33863,127.99
34101,29.99
34355,29.99
34856,29.99
35078,138.45
35115,29.99
35267,29.99
35497,29.99
35553,29.99
35756,29.99
35908,29.99
36246,354.99
36700,680.98
37057,29.99
37460,154.99
37512,29.99
37711,29.99
38172,29.99
39130,29.99
39173,29.99
39595,128.99
39784,143.36
40109,29.99
40117,29.99
40598,29.99
40732,29.99
40824,107.25
41166,29.99
41215,29.99
41268,29.99
42455,118.99
42456,29.99
43079,228.99
43287,29.99
43792,29.99
43939,74.94
43994,29.99
44036,29.99
44423,29.99
44493,29.99
44530,398.47
44813,109.99
45154,29.99
45214,29.99
45585,29.99
45685,29.99
45755,159.97
46341,83.99
46616,29.99
46628,29.99
46744,29.99
47450,29.99
47738,149.99
47822,29.99
48037,29.99
48082,29.99
48116,75.73
48246,429.93
48463,86.99
48505,29.99
48640,69.87
48804,29.99
48809,77.24
48975,29.99
48998,29.99
49343,29.99
49578,29.99
49867,29.99
49966,84.98
50513,400.98
50539,29.99
50589,29.99
50604,89.24
50695,29.99
50995,192.99
51197,29.99
51714,29.99
51861,29.99
52144,69.94
52306,29.99
52327,167.99
52454,29.99
52692,61.98
52717,129.98
52804,29.99
53277,29.99
53341,29.99
53461,29.99
53477,29.99
53787,29.99
54351,29.99
54741,29.99
54756,187.49
54794,89.98
54885,72.87
54922,29.99
54979,29.99
55419,29.99
55428,29.99
55571,29.99
55736,29.99
56012,61.99
56447,29.99
56542,29.99
56740,29.99
56933,29.99
57546,29.99
57944,64.99
58541,29.99
59062,29.99
59265,29.99
59447,29.99
59774,29.99
60377,29.99
60397,29.99
60521,29.99
60747,29.99
60759,29.99
60979,29.99
61431,29.99
62094,29.99
62794,91.99
62978,127.74
63075,149.93
63492,89.49
63632,29.99
63740,29.99
64087,29.99
64160,223.44
64226,29.99
65079,29.99
65183,192.98
65470,29.99
65507,117.99
65510,181.98
65557,29.99
65756,124.98
65849,194.99
65891,29.99
65983,114.99
66009,187.99
66206,29.99
66638,61.94
66672,29.99
67009,119.98
67927,161.93
68543,195.14
68798,125.99
68893,93.98
69494,29.99
70585,29.99
70851,64.99
70993,59.98
71008,103.44
71045,93.98
71060,29.99
71501,29.99
71948,29.99
72200,29.99
72370,95.99
72494,29.99
72737,29.99
72874,79.99
72901,217.93
73050,64.98
73285,68.99
74124,149.48
74141,84.99
74226,29.99
74401,261.99
74947,29.99
75280,29.99
75325,29.99
76267,109.98
76657,29.99
76758,29.99
77477,244.98
77946,29.99
78735,75.98
79508,128.99
79661,29.99
79917,61.94
80418,216.48
80574,29.99
80640,29.99
80981,29.99
81539,29.99
81657,29.99
81733,113.94
81824,29.99
82210,29.99
82268,29.99
82305,29.99
82371,159.93
82410,29.99
82436,395.25
82671,475.98
82678,29.99
83402,29.99
83409,29.99
83712,211.08
84329,29.99
84430,29.99
85504,29.99
85586,88.83
85703,29.99
86103,29.99
87007,29.99
87302,82.94
87623,164.48
87815,29.99
88136,29.99
88449,329.98
88525,29.99
88903,29.99
89158,29.99
89399,64.99
89570,29.99
89824,29.99
89863,29.99
90067,29.99
90105,29.99
91003,501.99
91034,29.99
91330,29.99
91360,29.99
91615,91.99
91765,29.99
91845,29.99
91867,29.99
92109,88.79
92604,29.99
92971,103.59
92999,29.99
93525,29.99
93622,29.99
93761,81.99
94164,29.99
94305,150.98
94462,82.62
94730,29.99
94733,29.99
95315,29.99
95343,109.98
95907,29.99
95949,29.99
96313,29.99
96400,109.98
96543,29.99
97105,29.99
97181,65.99
97491,214.18
97817,209.99
97866,70.99
98213,29.99
98251,29.99
98360,254.87
98563,29.99
98856,29.99
98960,29.99
99337,29.99
99560,29.99
99706,159.99
99772,29.99
99870,29.99
100073,29.99
100188,78.94
100365,29.99
101063,282.79
101499,29.99
101551,29.99
101636,29.99
101691,29.99
101754,29.99
101956,29.99
102473,76.99
102480,29.99
102587,29.99
102767,29.99
102804,236.89
102867,29.99
103265,29.99
103695,29.99
104136,29.99
104183,62.98
104697,29.99
104843,29.99
106057,29.99
106150,29.99
106177,29.99
106208,29.99
106360,29.99
106948,29.99
107382,453.26
108076,29.99
108508,29.99
108540,29.99
108636,166.47
108725,29.99
108758,29.99
109195,84.99
109249,29.99
109404,29.99
109766,29.99
110088,29.99
110156,29.99
110498,60.39
111016,29.99
111082,71.99
111930,29.99
112019,87.99
112254,29.99
112461,98.99
112863,72.98
113178,84.99
113533,29.99
113949,29.99
113997,109.49
114315,29.99
114427,29.99
114512,226.09
114848,29.99
114976,29.99
115078,29.99
115851,139.99
116311,29.99
116321,84.99
116625,140.71
116922,29.99
117056,147.83
117075,29.99
117134,329.99
117359,29.99
117761,29.99
118198,29.99
118352,168.98
118575,29.99
118678,334.98
119361,79.49
119762,29.99
119796,127.94
119985,29.99
121657,144.99
121750,29.99
122048,29.99
122100,29.99
122220,119.49
122442,119.49
122727,29.99
123284,29.99
123467,29.99
123597,97.98
123665,29.99
123679,128.99
124176,29.99
124691,29.99
124794,29.99
125013,169.99
125100,29.99
165,180.0
182,30.0
557,118.27
767,30.0
856,30.0
1153,295.0
1862,30.0
2039,30.0
4279,61.5
4932,30.0
5068,103.94
5836,30.0
6403,30.0
7283,30.0
7863,30.0
7976,30.0
8339,304.0
8364,30.0
8859,187.99
8874,30.0
9080,30.0
9168,109.5
9803,30.0
10392,30.0
10962,68.97
11185,30.0
13189,30.0
13605,298.99
13610,513.73
13691,30.0
14096,274.94
14237,30.0
14826,30.0
14928,96.33
15182,188.0
15225,85.0
16664,30.0
17145,30.0
17523,182.82
18534,30.0
18774,30.0
19672,30.0
20039,72.5
21700,30.0
22462,181.95
22501,30.0
22870,30.0
23319,30.0
23409,105.0
24168,30.0
24316,30.0
24656,30.0
24791,190.97
25010,419.99
25345,229.0
25669,188.0
25714,149.99
26549,30.0
27437,30.0
27575,30.0
27615,109.0
28193,30.0
28887,30.0
29868,30.0
30269,180.0
30335,30.0
30679,72.49
30812,30.0
31258,206.0
31320,30.0
31634,30.0
32618,30.0
32650,113.0
33656,30.0
33667,223.8
35997,30.0
36072,30.0
36904,30.0
36978,147.69
37580,30.0
38524,79.98
39825,65.0
39911,30.0
40050,30.0
40610,30.0
40800,109.5
41238,79.99
41872,296.95
42348,174.0
43162,148.34
43516,30.0
44051,30.0
45687,64.99
46273,30.0
48075,30.0
48501,30.0
48654,30.0
50312,30.0
50622,30.0
54417,30.0
55885,102.0
55925,30.0
56007,245.55
57042,30.0
58730,122.0
59765,30.0
60581,30.0
60940,30.0
61188,88.0
61823,119.0
62201,75.61
62573,30.0
63392,30.0
63502,30.0
64826,30.0
64895,30.0
66003,30.0
66083,30.0
66169,139.98
66517,30.0
66864,30.0
67069,30.0
67593,30.0
68167,30.0
68430,387.0
68781,30.0
69186,30.0
69563,95.97
69903,99.5
70553,120.74
71345,30.0
71760,30.0
71848,30.0
71918,30.0
72521,30.0
73041,30.0
73078,71.0
73230,287.72
73743,30.0
73822,30.0
74419,30.0
74434,30.0
74999,30.0
75273,30.0
76159,30.0
76579,129.99
76873,86.5
77393,30.0
77522,30.0
78957,30.0
79023,30.0
79506,30.0
80001,194.5
80082,30.0
80173,84.99
80376,129.99
80577,30.0
81328,30.0
81714,30.0
81781,30.0
81869,84.93
82229,30.0
82439,30.0
84233,30.0
84250,99.5
84472,30.0
84980,30.0
85252,30.0
86365,30.0
86511,30.0
86670,259.0
88051,99.95
88095,30.0
88895,30.0
90695,30.0
91200,176.83
93257,310.0
93931,30.0
94360,30.0
94953,30.0
95289,30.0
95871,30.0
95962,30.0
96284,30.0
96536,30.0
96623,95.0
96715,30.0
97056,30.0
97302,30.0
98637,109.5
98787,60.0
99545,89.98
99700,70.0
99821,81.99
99963,30.0
100643,146.0
101177,30.0
101378,30.0
101708,30.0
102697,90.0
103073,30.0
103089,30.0
103367,30.0
103599,171.47
103638,30.0
103749,30.0
104495,63.99
105345,169.99
105487,30.0
105699,30.0
106303,30.0
106904,30.0
108256,30.0
108333,30.0
108578,30.0
109036,30.0
110475,30.0
110694,30.0
110889,89.99
111465,197.5
111878,111.49
112174,30.0
112472,105.0
112988,159.0
113075,141.98
113217,30.0
113313,30.0
113513,30.0
114091,109.99
114458,30.0
115578,118.95
117537,79.5
118537,30.0
118645,69.99
119104,130.0
120335,30.0
120346,74.95
120424,63.48
120699,30.0
120938,62.0
120962,30.0
121124,122.97
121969,30.0
122475,70.88
122742,30.0
122801,30.0
122998,165.0
123737,30.0
123973,30.0
124189,30.0
124305,30.0
124726,69.95
25773,78.02
63641,30.04
124900,30.04
84836,76.08
5335,30.09
83676,70.08
115382,30.09
104971,30.13
61576,30.18
22965,30.2
27809,30.2
101487,140.2
7441,76.2
49199,30.21
101102,30.21
8389,30.27
32215,62.25
91276,30.27
26648,160.31
1971,30.36
102957,30.36
107060,30.36
3103,85.39
16970,30.45
23119,174.45
49376,30.45
51134,30.45
86011,65.44
124337,30.45
38339,30.48
62805,30.48
74236,376.98
84365,30.48
17679,30.5
44185,70.99
52066,30.5
62961,30.5
65488,75.5
78563,30.5
98708,130.46
90419,30.52
85486,318.58
104000,30.58
113345,30.58
52009,30.7
41876,30.71
78857,160.76
81205,30.86
38975,80.88
104729,225.88
121005,75.54
66253,30.9
80161,75.9
105704,70.89
12592,30.91
53590,30.91
61364,30.91
115601,30.92
30397,30.93
56488,30.93
101692,99.93
1633,83.94
2619,30.95
15136,30.95
17995,30.95
22014,30.95
23642,30.95
26930,64.28
29755,72.37
31193,30.95
35709,30.95
36071,30.95
39816,489.92
43906,30.95
51769,30.95
59438,30.95
71553,527.08
78328,30.95
80686,30.95
82691,30.95
82901,30.95
85932,30.95
89665,30.95
90094,112.52
92853,90.94
97106,30.95
101366,30.95
104978,134.86
106015,30.95
119884,162.2
121689,30.95
7781,30.96
36134,30.96
13989,30.98
38605,30.98
69377,89.98
71241,30.98
75071,30.98
12299,30.99
13724,30.99
16860,70.99
21776,30.99
25626,30.99
27426,30.99
28063,30.99
34948,30.99
41275,30.99
41299,30.99
41466,30.99
41767,30.99
43017,107.97
67088,30.99
68780,177.98
76712,30.99
82232,30.99
84059,169.97
89432,30.99
91138,407.41
93516,30.99
105315,30.99
111311,30.99
119129,30.99
123025,30.99
4671,31.0
9738,31.0
15488,31.0
18554,31.0
19895,31.0
21716,31.0
33314,31.0
41491,31.0
42325,31.0
49472,31.0
54511,31.0
54835,31.0
65882,31.0
68337,31.0
69540,31.0
83240,31.0
87542,31.0
88133,31.0
97864,31.0
97939,31.0
99044,31.0
102009,388.0
107583,31.0
107788,31.0
111481,31.0
119770,31.0
120702,31.0
121093,31.0
123500,70.99
124188,31.0
48069,31.03
86828,31.03
28805,31.04
86459,66.04
56545,111.14
100651,31.15
74813,31.16
83782,31.16
27659,62.69
51484,31.19
63608,161.72
40399,227.83
101282,31.22
88031,31.23
29386,31.25
55090,129.25
62843,201.23
103175,31.25
1802,31.26
12846,31.26
35177,31.26
71923,295.25
13642,31.33
36261,116.33
32780,31.35
48273,303.23
21728,31.37
56026,31.37
5842,31.4
35324,31.41
16618,106.43
58479,79.42
104402,77.79
110943,31.43
6756,31.45
13326,31.45
28142,31.45
108748,31.45
111282,31.45
10125,31.49
14670,31.49
62452,31.49
66523,31.49
1227,31.5
7087,31.5
10038,319.5
22309,31.5
30500,96.5
42400,81.49
59798,31.5
61987,31.5
62261,81.44
75267,31.5
89343,31.5
90447,202.24
91312,31.5
92428,31.5
113917,84.5
62275,66.52
74370,31.54
110936,31.54
54357,101.54
61285,226.08
79871,31.58
32042,31.59
49038,31.59
72757,31.59
106258,31.68
117616,31.68
118136,31.68
104508,31.71
55488,166.67
85255,31.72
16124,31.79
35055,69.25
43187,31.81
50985,31.81
38580,31.83
76533,31.83
29332,31.84
39648,31.84
41011,428.9
71544,71.9
102787,31.9
118433,31.9
62119,76.3
109882,31.92
1835,31.95
9137,31.95
10041,31.95
11952,66.94
11980,31.95
14246,31.95
14756,31.95
16021,31.95
16804,84.95
31226,31.95
31625,31.95
32088,31.95
43461,31.95
45172,31.95
48119,31.95
48402,31.95
48669,31.95
51019,119.95
52975,31.95
55116,31.95
55706,31.95
62365,31.95
71370,280.93
80390,75.95
88379,31.95
89692,31.95
89861,31.95
98021,31.95
100074,31.95
103498,31.95
103524,239.43
107122,31.95
109798,31.95
111308,31.95
118555,31.95
121026,31.95
419,31.96
34224,31.96
103510,31.96
3358,31.97
70801,31.97
85095,31.97
99415,31.97
100884,31.97
2822,31.98
4761,31.98
18406,31.98
41925,75.98
42296,31.98
42602,31.98
64389,31.98
65935,31.98
67563,31.98
74291,86.98
79146,31.98
87528,31.98
91847,31.98
96735,31.98
99190,31.98
100474,31.98
108566,81.98
116759,31.98
121057,31.98
123168,31.98
123713,31.98
88,98.59
3134,342.98
3760,31.99
3996,31.99
4858,31.99
8449,31.99
9261,79.99
9473,121.98
10990,31.99
13046,31.99
16149,31.99
19550,31.99
23429,67.99
24072,31.99
28134,101.99
28223,180.99
28265,31.99
29662,31.99
32720,31.99
35107,90.99
36755,31.99
39659,69.76
40004,31.99
43020,256.65
43379,31.99
45189,31.99
47454,227.47
48560,31.99
49535,31.99
51452,31.99
55528,31.99
57711,31.99
58912,31.99
60832,31.99
60836,31.99
61380,31.99
61469,71.98
61870,71.59
62357,117.08
62858,31.99
63005,77.73
63131,31.99
63494,31.99
63834,31.99
66343,31.99
72519,31.99
72664,257.99
74200,31.99
74770,31.99
76551,31.99
76700,31.99
77794,31.99
84502,31.99
86377,101.94
87679,31.99
88871,31.99
89939,31.99
91221,31.99
92707,31.99
93403,71.98
95838,506.99
96707,31.99
97455,31.99
99907,156.99
101057,31.99
103001,31.99
105327,31.99
113409,64.99
114532,93.99
116075,31.99
117068,150.79
117940,31.99
119325,229.99
119365,31.99
120995,31.99
121292,292.92
122414,31.99
123463,31.99
123620,85.99
124709,580.28
1524,180.93
2569,217.0
3761,72.0
3797,32.0
4056,32.0
4156,800.0
4172,32.0
4689,32.0
5696,81.5
7262,32.0
7264,32.0
9489,32.0
9777,32.0
9868,32.0
12355,32.0
13003,106.95
13251,77.0
13321,32.0
13371,80.3
13915,184.0
14121,32.0
14533,152.72
15209,32.0
15768,500.0
16261,32.0
16579,32.0
17179,230.0
17703,32.0
18220,32.0
18980,198.8
19724,32.0
20106,394.0
20675,69.84
20769,205.26
23185,32.0
23982,70.99
23984,32.0
24228,32.0
24242,32.0
24986,32.0
25489,32.0
27143,130.0
27730,32.0
27731,32.0
28066,262.73
29000,32.0
31612,32.0
31788,32.0
32961,32.0
34747,32.0
35015,32.0
35273,32.0
35276,32.0
36549,187.99
37324,32.0
37964,32.0
38889,32.0
39746,73.51
40155,32.0
43872,32.0
44106,172.0
45390,32.0
45622,71.5
46152,32.0
47728,32.0
48481,32.0
49631,83.0
51458,32.0
52470,32.0
56387,32.0
56784,32.0
56992,32.0
59221,100.0
63757,32.0
64070,142.0
64634,32.0
64829,32.0
64985,32.0
65873,32.0
66070,176.86
67498,32.0
67830,32.0
67832,32.0
68073,32.0
70230,101.0
70798,32.0
71729,32.0
71886,218.17
71942,82.0
72010,32.0
73699,32.0
75104,157.0
75215,32.0
75803,67.58
76160,72.0
78253,32.0
78305,32.0
78309,177.4
79269,65.0
79349,32.0
79764,182.0
80157,32.0
80243,32.0
80608,32.0
84944,32.0
85136,32.0
85490,32.0
86714,230.26
87388,32.0
88701,32.0
90168,32.0
91174,32.0
91671,32.0
93664,107.0
93673,32.0
94022,171.0
94371,163.0
94524,32.0
95543,82.0
96037,343.98
99412,292.08
99526,306.99
99657,32.0
102821,77.82
103350,132.0
103905,145.7
105172,32.0
105234,32.0
105332,32.0
105775,32.0
105914,32.0
107053,275.0
109670,32.0
110284,32.0
110563,32.0
111263,84.0
111577,137.38
111838,32.0
112378,111.0
112942,130.0
113886,32.0
114890,206.99
115125,32.0
115383,160.48
116523,150.0
119968,32.0
120324,326.94
120655,66.95
122848,32.0
124538,32.0
7459,32.07
33367,87.07
67041,80.07
97636,65.06
117891,32.07
578,92.08
92658,113.55
116909,32.1
104764,243.24
16940,32.15
92283,32.18
104240,32.18
111949,32.18
27667,131.2
60823,32.2
45077,99.82
79035,32.39
25880,32.4
30907,32.4
66706,32.4
98337,32.44
5368,32.45
9432,81.95
25579,32.45
33376,161.38
35787,207.84
62786,32.45
64663,32.45
96885,32.45
97361,32.45
98488,97.45
100697,32.45
107875,32.45
116582,32.45
119878,32.45
18832,32.46
74388,32.46
91037,32.46
93871,32.46
1303,32.49
1924,32.49
6089,267.49
22911,32.49
31645,32.49
40510,32.49
48483,134.39
81515,32.49
6914,32.5
23283,78.0
32036,32.5
41480,32.5
48224,32.5
49084,32.5
51405,32.5
51482,152.5
60286,32.5
63791,396.95
70212,139.43
72965,32.5
86878,32.5
96097,32.5
116774,32.5
121679,67.49
19421,96.11
18164,32.53
105841,32.53
82467,218.95
107095,32.56
22763,32.6
22994,32.61
44981,32.61
25861,32.62
58960,32.62
44450,32.63
30349,32.65
60413,32.65
104525,92.25
3360,32.76
107439,32.76
113304,219.76
114900,67.75
4611,139.73
31778,32.78
92400,32.78
117318,32.8
27236,32.85
55411,32.85
108188,81.85
19442,32.88
60424,97.88
95667,84.88
96596,32.88
110214,32.88
47276,32.89
103748,32.89
107855,132.88
6271,68.9
8515,32.9
8842,110.9
9025,32.9
11343,32.9
14475,32.9
16633,32.9
18247,116.9
19410,87.89
20146,32.9
25019,148.99
30779,32.9
41522,32.9
41673,32.9
50472,90.89
53345,32.9
57016,32.9
60226,32.9
63196,32.9
67951,272.89
79722,32.9
81453,78.73
85195,132.88
90297,32.9
96273,32.9
104542,32.9
106036,32.9
109906,32.9
110687,32.9
115096,207.9
117021,32.9
121702,32.9
536,32.95
1267,32.95
2430,190.95
3773,72.95
7545,32.95
12640,32.95
13029,32.95
15482,172.9
21638,32.95
31276,237.95
33328,70.95
35793,132.95
35815,32.95
37059,32.95
38500,32.95
38839,82.45
42057,32.95
42285,32.95
52140,32.95
56264,32.95
59675,32.95
63190,32.95
68921,197.95
74804,152.94
76019,32.95
77465,32.95
79565,32.95
79920,32.95
82110,32.95
83278,32.95
113582,32.95
114870,32.95
115747,91.95
115983,66.95
118270,32.95
121308,32.95
122529,32.95
84796,85.96
5021,342.92
10794,32.98
13515,32.98
22922,91.95
27966,32.98
30393,32.98
48881,172.97
64801,67.97
68264,121.03
76733,32.98
103543,74.97
377,32.99
1670,32.99
1794,172.99
3247,32.99
5687,32.99
5776,158.97
6577,32.99
7794,71.39
8021,32.99
8058,32.99
9215,32.99
9701,32.99
12177,77.98
12741,74.95
15547,32.99
16762,74.99
18765,122.99
18889,182.03
21462,32.99
21686,142.99
21822,67.24
23032,328.92
23056,232.99
25778,67.99
29518,32.99
29664,98.99
32936,32.99
36083,72.94
36879,32.99
39371,101.64
39893,92.98
42441,66.99
43448,32.99
43846,32.99
43935,32.99
47656,78.99
48298,100.99
50497,75.97
51430,217.71
54008,32.99
56128,32.99
56243,80.59
56822,32.99
57228,32.99
58694,78.99
58893,32.99
60505,32.99
61731,32.99
62021,32.99
63187,32.99
63728,146.55
65939,132.99
66594,32.99
67019,32.99
68646,32.99
68890,298.98
71189,32.99
72697,32.99
73131,32.99
74058,67.74
74781,32.99
78703,346.46
79271,32.99
80478,68.99
81623,32.99
82893,32.99
84673,373.47
86179,96.98
87231,32.99
87471,77.99
89642,32.99
91719,101.99
93935,172.98
96714,32.99
96975,32.99
98136,32.99
99048,32.99
100667,32.99
101146,90.99
102154,32.99
105935,32.99
107770,32.99
108819,32.99
109228,32.99
109831,32.99
110474,32.99
110641,32.99
112730,32.99
114653,32.99
114776,32.99
115387,32.99
116466,32.99
119337,32.99
123755,152.99
3321,33.0
6067,124.77
10008,33.0
11918,33.0
12449,105.0
12801,33.0
15153,33.0
16463,210.0
16747,33.0
18518,77.98
21240,33.0
27011,82.95
29828,135.5
30814,33.0
31063,143.0
32168,33.0
32711,81.96
33154,33.0
33422,73.0
33854,33.0
34214,147.97
34358,33.0
34769,228.0
36446,69.0
37420,163.0
38119,33.0
38148,33.0
38160,124.9
43683,33.0
44068,33.0
47248,33.0
47695,33.0
48187,33.0
48883,300.99
51057,33.0
51254,33.0
52664,33.0
54393,33.0
54790,33.0
56347,33.0
57876,33.0
58964,122.5
60155,126.0
60206,33.0
72266,495.99
75279,33.0
80428,33.0
81396,72.95
81810,140.5
83931,33.0
84103,33.0
86267,66.99
87132,33.0
88486,69.12
89744,80.79
91055,33.0
92247,33.0
93128,33.0
96138,430.98
96825,170.0
97140,33.0
97960,230.5
98673,77.0
99862,33.0
103785,33.0
104325,33.0
106018,33.0
107818,69.99
108060,277.5
109075,33.0
109740,347.95
116553,33.0
119188,67.98
119425,33.0
120138,33.0
122303,33.0
124165,377.5
117293,72.54
9901,33.06
87737,33.06
96107,33.06
97203,33.06
28016,33.14
32332,33.15
66395,81.15
90713,33.17
59177,33.21
63338,141.21
56137,89.82
66643,33.22
103005,33.22
6533,71.81
52925,225.24
64475,33.25
78920,33.25
97062,33.27
101832,33.32
34023,153.35
43673,33.35
45531,73.34
27405,33.45
103613,33.45
15944,33.48
18837,33.48
39616,99.98
64357,33.48
88872,33.48
124366,33.48
58990,33.49
119150,33.49
17656,33.5
25353,33.5
39418,142.44
69991,33.5
113256,78.5
115231,33.5
18977,33.53
41947,33.53
69286,33.55
96645,33.55
81068,33.58
24614,119.87
49492,33.59
54772,392.59
56491,33.59
56800,72.09
78261,287.58
117882,33.59
2349,33.6
27297,33.6
39947,133.25
70172,98.1
78576,33.6
89087,69.6
119192,33.6
123308,33.6
55244,33.64
84455,33.64
26086,233.61
22148,33.68
43492,33.68
68915,123.67
2545,103.75
12572,33.75
18639,33.75
28611,33.75
30787,33.75
38270,33.75
39283,33.75
42415,298.75
43171,33.75
44987,33.75
57746,213.74
61371,103.74
61819,33.75
73236,460.92
74529,73.74
79085,33.75
81286,33.75
81607,33.75
87654,33.75
98008,33.75
101432,118.75
115857,33.75
118419,33.75
54897,33.82
84020,33.82
85047,33.82
120500,33.82
19509,33.85
33622,33.85
1515,33.86
22123,33.86
48519,33.86
96019,33.86
34247,33.88
25045,33.89
76903,33.89
13649,33.9
70481,33.9
71107,33.9
65364,33.91
40313,33.92
86767,162.22
20199,33.95
31567,33.95
31617,33.95
31823,153.9
33374,33.95
36614,33.95
42003,33.95
49393,144.43
53446,33.95
59941,213.83
78722,123.94
84648,78.95
85757,33.95
96598,33.95
97988,33.95
103818,407.95
106776,33.95
116458,68.9
122345,33.95
122907,33.95
48991,33.96
6706,67.96
29678,33.97
53435,246.76
56891,33.97
94999,33.97
105752,87.97
121760,145.96
6871,33.98
6938,483.98
9005,33.98
9484,70.93
16244,33.98
25032,33.98
28000,33.98
29658,73.97
30824,33.98
35437,33.98
36733,68.97
37385,33.98
40468,33.98
44959,70.86
57350,33.98
66507,33.98
70649,33.98
71035,33.98
77344,33.98
82947,33.98
84240,157.98
95258,33.98
105138,33.98
112204,33.98
118019,121.98
118304,181.93
829,213.94
3645,33.99
6404,143.43
9915,33.99
10763,33.99
15975,33.99
18678,33.99
22079,33.99
24143,33.99
24787,33.99
25018,33.99
27916,33.99
38733,33.99
43227,33.99
45366,33.99
46962,33.99
47205,33.99
53692,133.99
54115,33.99
56280,33.99
61110,33.99
64229,33.99
65218,33.99
69328,83.99
71895,33.99
73468,33.99
76156,33.99
76317,33.99
90910,479.94
95023,332.98
95235,83.98
95974,33.99
96077,33.99
97129,33.99
97314,33.99
99697,33.99
100471,84.98
100563,33.99
100919,261.16
102745,113.49
103432,33.99
105417,225.21
109698,315.99
112886,33.99
113254,33.99
114364,33.99
115950,33.99
118387,230.94
119288,33.99
121439,33.99
121876,33.99
122123,33.99
123149,153.99
124585,33.99
1025,34.0
2766,71.29
3746,72.99
5004,34.0
5325,34.0
6173,34.0
6261,34.0
6607,93.0
7268,34.0
7556,169.0
11533,183.0
11722,34.0
12821,34.0
14018,34.0
16324,34.0
17084,34.0
17621,192.4
19877,34.0
20576,34.0
21224,74.0
22176,34.0
22224,78.5
24674,34.0
25254,205.0
25521,151.5
28750,146.86
29968,34.0
30443,34.0
31662,34.0
32016,259.44
32589,93.5
34070,71.4
35574,34.0
36007,34.0
36155,73.5
36305,70.0
36613,34.0
37983,78.0
38057,167.1
38505,78.0
39875,34.0
40183,34.0
40883,34.0
40894,34.0
42608,34.0
43193,34.0
45479,34.0
45908,69.0
46302,70.0
47203,34.0
47232,34.0
47667,1811.5
48497,34.0
49832,34.0
51159,183.95
51781,338.0
53171,34.0
53228,129.0
53930,34.0
55326,34.0
55610,34.0
59427,34.0
60114,34.0
60652,69.0
60654,223.95
61251,76.0
61753,77.99
62018,34.0
62047,34.0
62737,34.0
63316,34.0
63541,34.0
63978,34.0
64296,34.0
64770,34.0
65356,34.0
66477,866.12
67247,152.94
67429,34.0
67599,34.0
69911,34.0
70347,96.0
70494,68.99
72230,34.0
75504,34.0
75519,34.0
75696,169.0
76530,34.0
77787,34.0
77899,34.0
78165,34.0
79250,71.5
79672,34.0
84139,34.0
84909,287.0
85458,34.0
85940,34.0
87134,34.0
88452,34.0
88929,34.0
90073,34.0
93238,197.0
93709,34.0
93845,34.0
94086,34.0
94309,34.0
94744,34.0
95438,34.0
96131,34.0
96502,34.0
96609,34.0
100835,34.0
100893,34.0
102858,76.9
102871,34.0
103573,98.0
104329,197.37
104426,34.0
105573,93.5
106509,34.0
106531,34.0
107332,34.0
109797,104.0
109903,326.75
110746,34.0
110971,273.14
111037,34.0
111051,344.0
111265,34.0
111826,34.0
113340,34.0
115457,34.0
116898,147.55
117276,34.0
117392,34.0
118871,34.0
120926,112.0
121516,34.0
121684,192.0
121949,34.0
122404,116.0
124620,34.0
124845,34.0
124864,154.0
11328,34.05
109725,34.05
10485,71.1
41595,182.07
52839,74.05
79251,34.07
118431,34.07
60453,34.11
34714,34.16
49778,34.16
58265,34.16
39626,34.18
80054,174.18
124910,34.18
49201,142.18
68839,34.19
69697,34.19
112485,34.19
44438,34.21
72385,34.21
86436,214.19
53473,34.23
84780,154.23
114330,34.23
37736,34.26
40424,34.26
75173,34.26
121997,34.26
10663,34.3
25393,34.3
40102,34.3
44181,34.3
48792,34.3
54250,34.3
55641,34.3
81060,34.3
97890,34.3
116391,34.3
123872,34.3
5090,86.44
31711,34.31
54035,34.31
57134,164.3
67430,188.69
87667,78.31
102361,34.31
104479,94.31
110360,34.31
14382,34.39
75969,34.39
110233,34.39
61635,34.41
94230,34.45
95572,114.43
106078,34.45
91076,34.49
14261,34.5
16426,34.5
16876,133.25
22885,34.5
30501,146.5
36191,34.5
42678,34.5
47748,74.5
52236,34.5
52627,34.5
53877,34.5
57767,202.45
64466,84.49
65778,34.5
66449,34.5
67612,222.45
68937,69.49
77929,80.5
78425,34.5
81251,34.5
85316,34.5
89054,202.5
91463,183.48
93808,34.5
94759,34.5
96248,34.5
98876,34.5
101312,144.49
109790,34.5
110153,34.5
110177,34.5
110334,71.49
112907,275.0
113225,88.7
115142,114.49
120726,84.0
123438,34.5
124132,34.5
47459,34.55
99099,34.55
125020,34.55
4697,143.59
58570,34.6
110362,34.61
7688,34.65
29341,104.15
61671,34.65
67625,34.65
81805,118.65
120934,34.65
91361,34.72
18731,34.73
23926,34.73
34651,34.73
14011,90.75
22492,34.75
62756,34.75
107476,70.75
47061,34.8
54254,34.8
86201,172.8
24749,34.82
57269,34.82
347,34.84
27174,154.83
34125,34.84
52239,34.84
119481,34.84
7254,80.88
21048,34.88
25074,34.88
47471,34.88
57915,34.88
78255,34.88
79712,157.73
88327,34.88
119121,239.38
320,34.9
4254,34.9
14044,71.89
15483,34.9
18349,34.9
18439,126.9
27052,34.9
36068,34.9
40655,34.9
47398,34.9
57248,34.9
57803,84.4
58055,150.4
64858,34.9
68001,34.9
89657,34.9
98579,34.9
108037,124.85
116995,34.9
120612,34.9
124123,34.9
301,168.94
49279,34.93
55864,34.93
29591,34.94
9442,257.07
11079,34.95
14839,34.95
16693,83.6
18105,104.9
19493,34.95
19937,34.95
21387,261.44
21561,223.7
24580,34.95
25005,72.95
26924,34.95
28230,34.95
36983,159.85
38130,34.95
39821,203.69
40333,34.95
41016,34.95
42549,284.95
43190,89.9
44021,194.94
44137,232.94
51203,34.95
53297,34.95
57810,132.95
58943,102.95
59792,34.95
60200,34.95
60247,34.95
61938,34.95
63254,34.95
64403,34.95
64950,34.95
66543,173.33
71385,34.95
72236,269.94
72863,123.9
73036,34.95
76883,34.95
76990,89.9
79304,113.15
81372,34.95
82700,34.95
84248,334.94
89074,34.95
90020,72.95
93885,261.31
95526,34.95
97461,34.95
98198,528.4
98726,34.95
99491,34.95
99771,34.95
103619,34.95
104787,89.94
106183,294.89
108800,34.95
110517,34.95
115304,34.95
120932,34.95
1442,34.97
32222,34.97
34873,34.97
39318,163.97
54034,34.97
62771,79.96
63400,104.96
63751,34.97
69645,34.97
76224,34.97
81730,184.47
84880,34.97
87486,133.97
115946,111.95
3381,94.48
7496,74.97
10382,34.98
17846,34.98
25048,34.98
26755,34.98
26914,34.98
27146,34.98
31359,34.98
31439,34.98
35966,34.98
41755,95.25
45133,34.98
45684,34.98
45695,120.88
47081,34.98
47095,275.71
47872,155.98
48007,34.98
50803,34.98
51552,71.93
54783,232.96
59260,208.96
60653,34.98
67754,34.98
69483,34.98
70023,34.98
70849,34.98
73242,89.98
75219,34.98
75487,34.98
76842,195.41
82676,34.98
83370,34.98
88135,34.98
88283,179.92
88910,34.98
90431,34.98
91190,34.98
94318,34.98
94977,84.93
97058,34.98
112391,203.97
113480,82.0
120139,34.98
122771,492.97
197,34.99
1281,34.99
2001,34.99
2780,384.99
2861,34.99
3258,34.99
4347,92.99
4469,34.99
5293,34.99
5669,34.99
6207,34.99
6839,69.99
7128,333.99
8409,34.99
9312,34.99
10021,34.99
10213,34.99
11992,34.99
12259,34.99
12884,34.99
13089,34.99
13836,34.99
14696,34.99
15046,34.99
15117,34.99
15672,34.99
16851,34.99
17164,34.99
17592,34.99
18113,114.49
18280,575.99
18388,34.99
18495,79.99
19109,34.99
20022,34.99
21007,76.99
21943,180.52
23189,71.98
23513,286.44
23651,34.99
23859,34.99
24959,34.99
25100,34.99
25365,70.99
25616,111.93
26314,34.99
26522,234.94
29223,34.99
29769,34.99
29981,34.99
30403,34.99
31034,34.99
32201,34.99
32272,454.99
33241,164.98
34884,142.99
35333,34.99
35465,184.49
35723,34.99
37489,34.99
38381,34.99
39074,75.74
39600,34.99
39891,34.99
39905,34.99
39922,34.99
40928,937.99
42125,34.99
42164,104.49
42308,86.99
43352,34.99
43588,34.99
43886,34.99
43937,34.99
44542,34.99
44836,34.99
45007,34.99
45151,34.99
45410,34.99
45785,34.99
47684,34.99
48118,34.99
48514,34.99
50295,71.96
50372,34.99
50456,34.99
50531,34.99
50582,259.96
50757,34.99
50866,34.99
51525,237.98
51954,113.99
52161,155.99
52264,34.99
52319,34.99
52358,34.99
53153,34.99
53539,167.99
53828,309.99
54006,34.99
54147,34.99
54948,34.99
56006,34.99
57004,34.99
57357,34.99
58011,143.99
58768,34.99
59294,34.99
59937,34.99
59975,34.99
60419,34.99
60503,34.99
61071,89.94
61150,71.49
61850,34.99
62705,34.99
63125,34.99
63562,70.49
63861,34.99
63972,34.99
64063,34.99
64154,178.98
64365,74.98
64671,34.99
64680,93.98
64833,34.99
66120,34.99
66229,34.99
67364,34.99
67485,194.58
67492,34.99
68313,34.99
69054,194.03
69740,34.99
69784,34.99
71073,221.94
71361,124.98
71683,34.99
72059,34.99
73180,75.59
74452,174.92
74469,182.99
75038,34.99
76123,89.99
76488,34.99
76771,34.99
76899,34.99
78018,34.99
80669,109.94
80687,34.99
80778,309.98
82625,34.99
82684,34.99
82801,34.99
83119,34.99
83442,34.99
83621,34.99
83671,34.99
84061,34.99
85085,34.99
85835,104.94
85891,34.99
86781,34.99
87158,34.99
87806,34.99
87849,34.99
87941,109.98
88141,34.99
88184,34.99
88887,231.57
89527,34.99
89551,34.99
90621,174.98
90683,34.99
91297,34.99
92059,34.99
92164,34.99
94677,34.99
94715,34.99
94931,34.99
95652,34.99
95742,34.99
96992,76.94
97639,89.99
97738,34.99
97873,213.99
97967,106.99
98311,34.99
100109,34.99
100280,34.99
100483,229.98
100629,117.99
100747,34.99
100786,34.99
101208,34.99
102310,34.99
103112,34.99
103257,34.99
104025,34.99
104237,34.99
104320,34.99
105000,174.99
105128,34.99
105238,34.99
105270,34.99
106328,34.99
106777,90.98
107543,133.99
108008,72.44
109783,34.99
111305,34.99
111940,34.99
112119,300.69
112533,34.99
112968,34.99
113247,34.99
113431,34.99
114689,34.99
114785,122.99
114916,34.99
115349,231.17
115385,34.99
115417,79.96
115568,34.99
115623,34.99
115820,132.98
116035,34.99
116878,34.99
117167,229.48
117252,34.99
118279,34.99
118817,34.99
119028,34.99
119134,34.99
119421,86.99
119491,34.99
120261,34.99
120432,104.99
120512,34.99
120666,34.99
122107,34.99
122416,213.99
122747,553.98
123782,34.99
124978,34.99
257,137.99
398,90.0
2005,35.0
3035,84.99
3224,35.0
5265,80.0
5986,89.0
6137,35.0
6292,114.0
6446,35.0
6822,35.0
7951,35.0
8571,35.0
9565,35.0
11031,35.0
11267,35.0
11906,35.0
13271,333.29
15305,35.0
15378,81.99
15631,134.0
16861,35.0
17534,174.99
19036,74.99
19783,35.0
20877,73.5
21896,35.0
22192,199.49
22258,35.0
22999,80.0
23844,181.0
24441,35.0
24512,35.0
25412,263.0
25724,35.0
26935,35.0
27549,73.0
28576,35.0
28739,89.95
29086,130.0
29259,35.0
29371,91.95
29513,83.0
29599,35.0
30424,35.0
31074,35.0
32056,35.0
32170,35.0
33014,35.0
33586,35.0
35144,35.0
36092,35.0
36599,35.0
36690,35.0
37407,35.0
38025,35.0
39198,35.0
39653,35.0
40034,35.0
40246,35.0
41204,35.0
41353,74.0
41760,35.0
42096,35.0
42911,35.0
43341,35.0
43531,35.0
44869,124.5
45504,35.0
46797,35.0
48013,35.0
48296,35.0
48711,283.45
48747,35.0
49090,139.95
49217,35.0
49768,113.0
51138,35.0
51192,35.0
51576,35.0
53019,142.0
53125,74.0
54723,35.0
54800,86.0
55198,226.49
56596,35.0
57723,35.0
59000,35.0
60203,190.69
60388,35.0
60742,35.0
61125,35.0
61246,130.25
61564,99.99
62093,35.0
62143,35.0
62842,209.99
63885,35.0
64399,35.0
64869,35.0
67353,114.98
68794,35.0
70861,242.03
71581,35.0
72654,35.0
72787,89.0
73405,35.0
74214,233.0
75103,35.0
75235,35.0
77713,137.0
77951,115.5
79053,35.0
79422,35.0
79726,282.92
79831,109.0
81208,35.0
84117,35.0
84651,35.0
85908,35.0
86284,249.1
86506,85.0
87385,150.0
87511,35.0
89590,80.99
90345,35.0
91838,83.0
91937,35.0
92262,35.0
92317,73.5
93529,35.0
93731,35.0
95383,35.0
95502,80.1
95798,35.0
96174,35.0
96958,35.0
97270,35.0
98149,35.0
98319,151.99
98619,403.0
99502,35.0
99540,35.0
99551,35.0
99575,35.0
99678,35.0
100058,35.0
100763,254.44
101390,82.99
101919,89.0
102542,35.0
104067,35.0
105707,35.0
106643,35.0
107589,35.0
107800,35.0
107805,35.0
108994,79.99
109534,35.0
112012,35.0
112565,35.0
113438,35.0
113720,79.99
114995,35.0
116678,35.0
116730,35.0
117590,177.9
117945,35.0
118189,35.0
119122,222.97
120485,284.95
120759,35.0
121258,35.0
122081,293.99
122821,144.95
123934,35.0
124646,35.0
1411,35.04
17510,35.04
20776,35.04
38870,35.04
93891,35.04
122690,35.06
54856,35.09
82623,83.09
88060,35.09
108087,129.49
87124,35.1
21909,480.12
7405,35.18
57959,35.18
64722,35.18
71690,35.19
108266,131.19
6574,35.2
65931,35.2
92829,35.2
543,35.26
1347,35.26
97293,35.26
20471,35.27
33531,81.27
39018,35.27
40829,35.27
54262,35.27
114575,35.27
30652,35.28
112709,225.28
9614,35.33
32023,35.33
52344,100.28
64639,35.33
37086,118.33
88152,35.34
83501,35.45
17591,35.49
29751,35.49
62655,154.9
69136,35.49
78421,221.43
106983,174.98
56249,160.44
68804,35.5
96113,35.5
101461,35.5
124833,35.5
2681,159.57
9553,154.22
40820,35.58
79635,35.58
104085,90.53
12620,131.7
16148,133.69
26466,35.73
48568,35.73
69373,35.73
73605,35.73
74087,35.73
107571,35.73
36579,35.74
42793,35.74
92898,35.74
123006,35.75
4770,35.77
56799,35.77
88500,35.77
108066,35.77
56932,99.79
1057,85.79
5334,213.8
43996,103.8
7869,35.83
11316,35.83
70499,35.83
73940,35.83
73958,35.83
112538,35.83
36736,35.84
42220,35.84
76252,35.89
24282,35.9
55797,35.9
77774,35.9
114846,80.9
121785,35.9
891,80.92
1162,100.94
23922,110.94
80080,35.94
95169,35.94
784,35.95
3359,205.45
11809,230.9
16332,35.95
17439,35.95
17754,35.95
17959,35.95
18592,35.95
21450,35.95
21553,35.95
27579,35.95
33581,254.9
37464,35.95
44284,35.95
47226,35.95
48210,35.95
52324,35.95
56251,35.95
59037,125.99
61398,35.95
70530,95.9
74673,85.54
84595,144.95
85796,35.95
98733,35.95
103215,35.95
110964,35.95
118918,35.95
122268,35.95
123083,83.94
123323,85.9
15490,125.54
29853,35.96
40517,125.96
70504,35.96
90249,35.96
103694,149.96
108045,35.96
108375,35.96
121666,664.69
84631,35.97
14924,35.98
100846,35.98
101823,35.98
114097,35.98
1160,35.99
5445,433.99
9161,35.99
15640,35.99
18028,35.99
22287,35.99
24701,35.99
33663,35.99
37244,126.98
39849,35.99
43975,35.99
46214,72.84
47215,35.99
54459,35.99
62659,35.99
62892,35.99
66045,35.99
68251,35.99
69289,243.99
70886,35.99
75929,74.49
76078,35.99
76380,35.99
76450,35.99
80745,35.99
81877,35.99
82758,85.99
83505,35.99
87883,35.99
89490,35.99
90136,35.99
93474,272.92
93973,35.99
96012,198.99
97436,35.99
109519,35.99
115641,135.49
119600,185.48
121373,35.99
860,90.99
2126,36.0
2777,88.0
3147,245.4
3821,226.0
6576,36.0
8107,36.0
8929,95.5
8975,36.0
10903,427.99
13138,36.0
13964,36.0
15669,100.95
16100,36.0
16574,104.0
16720,36.0
17333,36.0
17484,36.0
17719,36.0
19153,36.0
19657,36.0
20313,36.0
22318,36.0
22467,399.7
23270,240.95
24057,36.0
25369,36.0
26026,36.0
28996,75.99
29693,36.0
30567,36.0
32156,105.5
32583,85.5
33421,125.99
34305,36.0
34308,36.0
34377,115.99
35321,36.0
35564,36.0
35667,36.0
36042,36.0
36121,135.0
36611,36.0
38332,110.95
38527,255.0
38805,36.0
38823,36.0
39499,36.0
40033,36.0
42214,36.0
42335,36.0
42913,36.0
44123,111.0
44335,74.0
44635,36.0
45363,36.0
46181,36.0
46513,199.99
46814,36.0
46974,36.0
47558,36.0
47909,76.0
48923,36.0
49221,80.99
49372,36.0
50375,36.0
52139,36.0
52282,36.0
52546,215.99
52941,36.0
54878,36.0
55317,36.0
55691,36.0
56005,76.8
57550,36.0
60599,36.0
61247,36.0
61782,241.49
62899,110.0
63274,36.0
64078,36.0
64867,36.0
65168,137.99
65329,134.6
65420,111.0
65641,36.0
66874,215.5
67011,36.0
69405,36.0
69875,36.0
70502,36.0
72111,36.0
72689,36.0
72756,187.45
73047,36.0
73229,209.0
73579,145.99
73620,36.0
73840,36.0
74352,145.5
74574,161.0
74704,36.0
74921,36.0
75172,317.0
75791,233.48
76408,36.0
77043,36.0
78229,188.0
79675,106.0
80606,36.0
80649,119.18
81409,36.0
81672,75.0
82523,272.55
82969,36.0
83932,110.34
84550,36.0
84607,36.0
84676,36.0
84789,36.0
85699,36.0
85856,36.0
86665,36.0
87018,76.0
87328,36.0
87963,36.0
88115,36.0
88255,36.0
88808,36.0
88851,204.0
89106,195.99
89326,104.0
89342,36.0
89390,80.94
89512,36.0
89749,36.0
89847,36.0
90213,36.0
90438,134.0
91302,36.0
91914,36.0
93297,36.0
93593,36.0
93696,36.0
93924,36.0
94031,36.0
94984,36.0
95224,36.0
95265,256.0
96417,36.0
96701,36.0
97319,36.0
97853,36.0
98143,85.5
100821,36.0
101528,96.0
102116,36.0
102922,36.0
103607,96.0
104064,36.0
104653,36.0
105022,36.0
105165,36.0
105576,90.95
106542,79.99
107254,36.0
107324,36.0
108520,36.0
108996,36.0
109252,36.0
110752,36.0
111080,36.0
111335,36.0
111623,36.0
112166,36.0
112342,36.0
112480,36.0
112866,164.3
113441,36.0
114430,36.0
115069,36.0
115814,36.0
116425,36.0
117120,85.99
117436,36.0
117674,249.95
117897,36.0
118377,36.0
118508,36.0
120331,36.0
121584,36.0
122619,105.86
123084,95.99
124431,36.0
124810,36.0
124825,36.0
124880,36.0
61298,36.09
118441,36.09
74612,36.1
20179,36.12
25067,36.12
81964,36.12
72692,36.18
74168,36.24
79596,36.24
80547,36.24
94098,36.24
110577,190.75
12042,36.28
45598,36.28
50924,74.28
63423,36.28
101818,96.27
49844,36.31
66944,81.32
11270,81.33
64631,196.88
80893,36.34
122766,36.34
59173,36.36
11141,36.38
51334,36.38
27378,36.39
36445,36.39
88370,36.39
90947,234.39
111682,36.39
111788,81.39
47874,101.4
91415,36.4
94855,95.9
104956,103.36
41977,90.38
122095,36.43
7246,75.95
84996,36.45
96177,36.45
1390,36.5
10442,171.49
24976,96.49
37269,36.5
41765,76.49
52153,36.5
53810,36.5
57069,36.5
64401,233.0
68168,36.5
75486,36.5
77396,36.5
81879,93.28
87077,36.5
87464,36.5
91959,36.5
94837,36.5
103978,36.5
107449,349.44
109898,89.0
116927,36.5
120267,85.48
25702,36.53
38519,36.59
81956,36.59
27446,36.6
58660,36.61
39213,36.64
80029,36.64
64103,36.67
67128,145.69
8722,36.75
10970,36.75
13066,76.74
14762,36.75
20369,36.75
23524,36.75
49716,36.75
68775,36.75
94758,121.74
97933,36.75
101505,36.75
103459,144.75
104586,36.75
124617,132.74
2002,36.76
28844,36.76
69525,36.76
125099,36.76
9362,36.8
34962,165.79
66882,36.8
89636,85.8
104965,36.8
122594,76.75
100941,36.84
33976,73.8
3017,36.88
3407,36.88
3619,36.88
31214,36.88
45952,261.37
49424,36.88
50356,36.88
56265,36.88
71626,75.38
74114,36.88
74504,172.33
97675,36.88
101866,36.88
102710,36.88
105130,36.88
106377,939.88
106828,36.88
111603,36.88
112695,121.88
116723,36.88
117727,36.88
118049,122.88
119427,36.88
122137,81.87
124425,36.88
28455,36.91
1321,36.95
2248,36.95
11182,76.94
12097,211.95
12835,36.95
17782,36.95
18494,153.91
19081,169.9
24320,36.95
25540,36.95
28702,36.95
34870,36.95
36972,36.95
38999,36.95
43281,36.95
44158,114.95
46761,36.95
49115,36.95
52676,36.95
53616,36.95
56529,36.95
57442,36.95
67146,36.95
71061,36.95
72113,36.95
72690,36.95
73191,278.95
73912,36.95
76774,36.95
80176,661.95
82708,36.95
83465,36.95
86573,36.95
86856,81.94
89217,36.95
89888,36.95
91882,36.95
96202,36.95
98228,36.95
100124,149.2
100307,96.45
101828,36.95
106482,36.95
112182,36.95
119259,36.95
119545,116.46
122512,159.13
123944,36.95
1731,36.98
56298,36.98
70896,215.91
79915,36.98
97078,36.98
105701,36.98
107784,36.98
108661,134.98
121019,36.98
908,631.99
2455,36.99
2672,36.99
3241,194.94
4986,297.93
7380,36.99
7558,36.99
9270,36.99
9569,36.99
10695,36.99
11505,36.99
13288,36.99
13362,36.99
17062,36.99
19240,437.94
21000,73.99
21133,92.99
21280,36.99
23254,36.99
23869,36.99
24283,36.99
24927,36.99
25013,36.99
27155,36.99
27792,36.99
28704,36.99
31257,36.99
32559,36.99
33904,36.99
35248,36.99
36822,36.99
37604,36.99
37903,86.94
38416,36.99
38657,36.99
38744,36.99
39651,265.44
40073,36.99
40514,36.99
42195,303.93
44474,36.99
46510,76.98
46563,176.98
46693,36.99
47349,36.99
50530,219.98
50916,36.99
52601,36.99
52706,80.97
52707,36.99
52848,215.68
53094,36.99
53107,36.99
53495,241.65
55938,36.99
56924,36.99
57250,36.99
57621,95.99
58832,36.99
59054,36.99
60081,36.99
61082,36.99
61275,36.99
64127,36.99
64368,155.94
64453,96.49
65236,36.99
66584,36.99
66899,305.19
67314,36.99
67578,171.94
67885,36.99
68333,36.99
69099,144.98
69559,36.99
70440,144.99
73686,36.99
73729,36.99
73943,126.99
75327,36.99
78532,36.99
78558,36.99
78867,36.99
79134,36.99
79400,36.99
80352,36.99
81169,36.99
81393,36.99
81474,36.99
81516,36.99
83637,36.99
83746,406.98
84886,36.99
85221,36.99
85225,105.99
86601,286.98
88347,110.99
88495,36.99
91575,76.99
92708,36.99
95666,36.99
96039,277.03
97030,78.98
98158,36.99
102293,36.99
103553,116.49
103820,315.99
106029,36.99
106927,117.91
107835,36.99
109038,36.99
109951,36.99
111024,36.99
111325,36.99
111601,36.99
112854,36.99
112878,36.99
113321,36.99
113517,36.99
114557,81.49
114746,36.99
114833,84.99
115025,36.99
115411,86.98
116028,36.99
120389,95.99
120414,36.99
120999,36.99
121108,36.99
121230,36.99
122019,36.99
122395,36.99
8234,37.0
12049,37.0
13085,37.0
13359,37.0
15155,76.99
21441,75.0
25333,249.49
26870,316.99
26884,37.0
47040,37.0
51028,37.0
53234,281.43
57773,37.0
58023,37.0
69485,79.74
74103,37.0
90791,92.0
96366,37.0
99413,37.0
102664,189.99
104907,125.0
108550,37.0
114033,80.09
114686,211.94
93746,37.02
124817,101.12
7920,89.13
15545,107.12
44957,37.13
53722,37.13
57933,37.13
93736,37.13
105170,37.13
115035,237.12
88132,37.18
54104,37.19
26417,37.2
54304,37.2
72258,37.2
87990,37.2
12007,37.26
99289,37.26
102609,37.26
104214,37.26
104972,37.26
111408,37.26
111776,37.26
71835,37.29
47986,37.32
55524,210.67
74026,37.32
30038,102.36
38741,37.36
11926,145.39
104099,37.44
123133,80.58
4749,37.45
87914,282.78
101039,87.45
9544,37.47
101140,86.97
124718,37.47
64280,37.49
98958,37.49
103310,37.49
2068,37.5
8313,37.5
13447,106.5
14295,37.5
15431,166.5
22241,37.5
32043,37.5
42221,37.5
44054,37.5
53048,37.5
56882,37.5
70518,225.24
73424,89.5
74937,236.5
90361,37.5
99767,37.5
100753,37.5
101264,221.49
104851,37.5
106421,97.5
106964,37.5
109330,37.5
115246,37.5
117185,37.5
119323,37.5
123278,37.5
34461,37.61
37081,37.61
66881,37.63
114079,37.63
117024,37.63
76146,37.68
76244,37.68
112770,37.68
24849,37.72
55680,37.72
80702,37.72
89647,37.72
109866,196.19
42223,37.74
50463,37.74
59096,37.74
75983,276.02
82183,37.74
3069,77.38
3884,213.89
21016,37.8
31452,37.8
49032,102.8
50374,37.8
67433,37.8
102704,365.66
4581,37.81
16665,37.81
112606,82.79
71565,37.84
1657,127.89
18206,37.9
68015,37.9
106426,92.8
109084,37.9
26808,37.93
37169,157.92
6230,107.9
7553,37.95
15662,37.95
16101,37.95
17118,37.95
17662,37.95
23640,37.95
28255,37.95
36693,87.94
37886,37.95
39115,37.95
39782,37.95
56041,37.95
61682,37.95
62593,37.95
64802,37.95
71271,184.92
74536,37.95
76748,37.95
80166,37.95
80690,37.95
84344,37.95
85709,37.95
85767,587.95
91722,37.95
104548,37.95
106244,37.95
106675,37.95
111938,89.9
116940,323.95
117141,37.95
121543,37.95
122419,37.95
8173,37.96
17507,87.41
55446,37.96
75144,37.96
13917,37.97
48452,167.96
109452,37.97
7566,37.98
16222,37.98
22070,87.98
36238,97.97
69119,87.98
96271,37.98
468,37.99
1748,95.99
4884,37.99
7992,37.99
10548,201.49
13474,252.83
16226,37.99
23033,85.99
25532,37.99
26745,137.99
33288,91.99
33654,37.99
36486,37.99
40269,82.99
41596,296.94
45612,37.99
48885,184.89
52020,407.99
54129,37.99
54545,37.99
57985,37.99
66924,37.99
68057,166.99
68861,37.99
68974,37.99
70551,105.98
80894,37.99
83619,37.99
85416,37.99
92806,37.99
97832,37.99
98649,37.99
101833,37.99
111973,402.42
113973,37.99
117406,37.99
117497,37.99
124191,137.98
330,95.95
651,38.0
995,107.5
1114,38.0
2300,38.0
5159,38.0
5630,214.98
6468,197.99
6853,93.5
9291,357.0
10860,38.0
11016,38.0
11340,38.0
12208,224.97
13105,38.0
13450,38.0
13986,198.58
14439,38.0
16216,142.99
16885,259.99
17185,38.0
18021,156.0
18282,38.0
20912,38.0
21434,393.89
22188,38.0
22759,93.99
23346,137.09
23799,151.02
23940,38.0
24203,38.0
26245,38.0
26452,178.98
27604,77.5
28288,82.0
28361,38.0
28450,38.0
30712,38.0
31017,38.0
32050,38.0
33798,38.0
33920,38.0
34228,38.0
34975,38.0
35327,38.0
35449,186.0
35741,38.0
36864,38.0
37673,142.74
41030,38.0
42483,38.0
44429,38.0
44563,38.0
45404,38.0
47904,38.0
48103,38.0
48120,38.0
48949,38.0
48980,80.0
49107,38.0
49501,157.95
50858,748.0
51943,38.0
53625,38.0
54515,38.0
55505,38.0
57291,38.0
58863,38.0
59721,38.0
59872,38.0
60365,38.0
61052,107.99
62307,38.0
62718,38.0
63141,272.34
63231,38.0
65282,38.0
65515,230.0
66781,38.0
68745,85.17
68920,38.0
69285,173.0
70193,38.0
71761,82.99
72684,38.0
73314,212.22
74873,38.0
76507,38.0
78121,196.98
79246,38.0
79758,38.0
82063,38.0
83288,38.0
84860,38.0
85241,38.0
87320,38.0
90813,38.0
91389,38.0
91670,97.0
91727,38.0
93661,191.0
94466,38.0
95701,38.0
96143,38.0
97291,38.0
97892,38.0
99094,83.0
103239,38.0
103551,38.0
104437,38.0
104624,38.0
106278,38.0
106747,38.0
107424,38.0
107918,278.0
109128,38.0
109767,38.0
110441,38.0
110457,152.2
113539,38.0
115998,90.12
116744,38.0
118230,38.0
118468,38.0
120722,38.0
122576,38.0
123281,38.0
123630,97.95
124106,107.0
124526,38.0
7514,38.15
28090,38.15
29143,38.19
73017,200.68
37811,38.2
124007,38.23
69885,108.23
1465,38.25
28861,38.25
88205,38.25
107151,38.28
43955,80.3
83441,38.3
116895,38.3
56029,38.36
78536,38.36
90355,38.36
50,204.39
48053,38.4
15452,97.43
50036,88.38
62714,38.43
8770,38.44
89227,107.44
124727,78.44
30315,135.4
78990,38.48
12387,38.49
21718,38.49
27000,38.49
33769,137.99
66033,38.49
18788,214.99
19053,38.5
27398,38.5
32908,172.0
56634,38.5
58731,227.99
73797,119.48
74326,38.5
76295,38.5
84772,38.5
88748,38.5
91425,38.5
93230,168.5
107302,136.5
111160,38.5
111382,38.5
115697,38.5
55986,80.52
66793,80.51
73650,38.52
100017,113.53
10155,38.56
37459,38.56
83827,38.56
96565,38.56
83517,38.57
72312,176.47
86491,38.59
88072,136.59
19850,38.61
22546,38.61
9728,184.59
62105,38.62
69723,80.79
41623,38.68
64690,107.68
11043,83.7
82632,38.74
109895,186.74
9071,38.75
84684,88.74
51688,126.27
21753,248.32
21956,265.82
28216,118.77
45587,38.86
96564,38.88
102431,314.09
319,38.9
12025,428.81
68972,38.94
70407,38.94
11627,118.45
33742,38.95
37381,216.95
39397,38.95
51748,38.95
64047,38.95
66981,38.95
78067,80.2
87700,38.95
120633,38.95
93097,38.96
98224,38.96
12802,38.97
14407,38.97
23519,38.97
26653,85.96
58502,38.97
79102,38.97
79770,38.98
117462,38.98
5698,38.99
7648,131.99
8942,38.99
9299,38.99
10578,38.99
18159,38.99
24224,38.99
25804,38.99
33265,38.99
35576,38.99
37914,38.99
39112,38.99
41047,83.96
44627,38.99
46179,38.99
47699,38.99
48221,138.98
48436,38.99
51793,272.49
56428,38.99
56927,38.99
59357,38.99
62466,38.99
64755,149.44
65102,86.99
65775,172.98
66333,38.99
66546,288.93
67757,38.99
69227,103.49
70498,126.99
72248,38.99
72344,38.99
72622,181.78
74209,38.99
74252,38.99
76026,38.99
77992,38.99
83046,38.99
84361,38.99
87866,38.99
87993,38.99
89625,38.99
90296,38.99
91587,38.99
91790,325.99
92145,38.99
95165,38.99
101003,83.98
101665,38.99
106026,161.49
106551,38.99
109337,38.99
111108,38.99
112109,38.99
113030,78.94
113382,215.94
117652,167.99
124292,161.99
736,189.04
2256,39.0
5726,82.99
8453,347.0
9027,39.0
10297,39.0
14524,39.0
16067,39.0
17471,39.0
18432,39.0
19173,85.5
20348,39.0
20428,196.0
21242,39.0
21244,153.99
21254,124.0
21520,39.0
23263,39.0
25120,124.0
27634,39.0
28696,118.95
30749,39.0
31393,125.0
34740,39.0
36175,39.0
39454,39.0
39578,39.0
42672,39.0
43280,39.0
44056,39.0
46820,39.0
47116,224.8
47751,221.0
50147,143.49
51140,39.0
54555,82.95
56110,39.0
56551,151.0
57615,94.0
59022,39.0
59876,39.0
61605,39.0
61834,39.0
65592,39.0
65785,39.0
67350,39.0
67584,39.0
69926,39.0
69992,39.0
70014,39.0
76650,39.0
77021,39.0
79510,39.0
81885,39.0
82923,39.0
83181,39.0
84099,39.0
84843,39.0
85706,78.99
85984,39.0
86707,39.0
89006,39.0
91019,178.99
91142,39.0
91322,39.0
91803,39.0
91988,39.0
93092,372.95
94016,39.0
98506,39.0
99797,39.0
101185,39.0
101436,149.99
103226,88.99
104897,84.79
105605,93.98
105898,734.0
111772,39.0
112052,39.0
112808,39.0
113715,104.0
113938,39.0
117072,39.0
117569,39.0
117850,39.0
118522,39.0
118577,39.0
121983,39.0
122671,98.45
124219,39.0
124259,39.0
42607,39.1
44127,39.1
54463,39.1
112755,39.1
94884,39.15
9453,39.18
23404,129.96
15126,224.14
32595,39.2
52162,392.16
119799,144.08
922,184.66
18742,39.22
37110,39.22
94670,39.22
9593,39.33
7311,39.37
111418,39.38
118002,39.38
84585,39.4
19591,193.41
23405,39.41
23582,39.41
54649,39.41
61543,39.41
73566,39.41
95854,108.41
121257,39.41
42002,39.45
45258,39.45
45305,39.45
49351,39.45
55143,39.45
76920,94.4
77882,39.45
88824,39.45
96111,129.45
109770,79.4
110910,39.45
113916,39.45
115560,39.45
118313,39.45
118746,39.45
121914,99.44
204,39.5
348,39.5
477,39.5
1071,39.5
1904,39.5
2247,286.21
3511,39.5
5430,39.5
5609,39.5
8461,39.5
8560,39.5
8673,39.5
8753,39.5
8962,39.5
9054,39.5
9457,39.5
10145,39.5
10151,39.5
10339,85.49
10454,39.5
10676,39.5
11593,99.77
12747,39.5
13434,107.5
13978,39.5
15744,39.5
16205,39.5
16646,39.5
18086,39.5
18304,358.1
20954,83.49
20963,39.5
21463,39.5
22338,84.0
23863,144.88
24531,94.49
25337,39.5
27825,39.5
28761,39.5
28777,39.5
29480,79.5
29997,39.5
30506,39.5
30889,39.5
31485,39.5
31746,39.5
32591,39.5
33293,175.5
33980,39.5
34926,39.5
35603,39.5
35746,39.5
35847,39.5
35909,147.5
41074,170.5
41306,39.5
41803,39.5
42753,39.5
43825,197.0
45792,157.5
47393,279.49
48639,39.5
49371,39.5
50889,39.5
51623,39.5
53847,39.5
54252,264.49
55516,119.5
55608,39.5
55981,39.5
56717,39.5
56720,148.5
57287,39.5
57642,91.45
58606,179.49
58911,39.5
58986,39.5
60396,39.5
61031,39.5
61582,39.5
62199,39.5
62720,149.5
63580,39.5
63711,84.5
63744,39.5
64013,39.5
64133,39.5
64760,39.5
65195,39.5
66262,39.5
66441,39.5
66559,39.5
68090,39.5
71015,39.5
71691,39.5
72821,161.38
73684,39.5
73957,39.5
74561,39.5
75022,39.5
79294,39.5
80136,39.5
81030,39.5
82883,39.5
82950,85.0
83500,159.49
84520,84.5
84972,39.5
86324,79.45
87082,39.5
88213,99.49
88870,39.5
91502,149.0
92147,224.49
92280,39.5
92827,39.5
93462,39.5
93714,39.5
96772,39.5
97276,164.5
99205,39.5
99795,39.5
99876,39.5
101055,39.5
102839,39.5
103338,114.5
103342,39.5
103378,99.5
103904,39.5
104129,39.5
104221,39.5
106074,39.5
107059,39.5
110046,39.5
110101,39.5
111242,87.45
111696,39.5
112003,39.5
116561,39.5
117304,39.5
117323,39.5
118528,39.5
118713,39.5
120570,209.49
120965,39.5
121181,39.5
121289,39.5
121599,39.5
122680,39.5
123170,99.24
123635,39.5
124017,114.5
124368,139.45
36377,39.51
46003,39.51
51362,39.51
90943,39.51
57041,39.54
63588,39.54
47316,39.57
114771,39.58
15505,39.6
36867,39.6
40469,514.6
46703,39.6
73383,39.6
93356,39.6
99256,303.59
116406,39.6
30088,39.68
106090,39.68
26481,39.75
22114,39.8
12436,109.82
25036,39.83
36373,39.83
113684,39.83
114422,39.86
123424,39.86
13988,187.87
14753,39.88
20951,39.88
24156,39.88
33957,39.88
54192,189.87
55810,88.53
59454,39.88
67981,86.83
76547,135.33
81532,39.88
104195,239.85
104307,84.83
107407,39.88
111904,39.88
122778,663.88
101377,39.89
36820,39.9
49301,129.89
61309,39.9
62505,39.9
64350,82.88
92695,39.9
103482,39.9
109703,39.9
98663,84.93
68707,39.94
89115,39.94
253,258.15
4394,39.95
4434,39.95
5586,39.95
6098,39.95
7257,39.95
9134,39.95
9529,39.95
11128,39.95
12249,278.88
12517,39.95
12954,239.89
13924,167.03
14153,39.95
15684,39.95
16020,79.95
18133,39.95
18344,177.65
20861,39.95
22095,138.95
22181,39.95
22393,39.95
22826,39.95
23725,88.95
25222,39.95
29388,159.95
34882,39.95
35288,39.95
36688,39.95
37492,39.95
37954,39.95
39527,39.95
42853,39.95
42878,39.95
43533,39.95
44394,39.95
46120,39.95
47291,39.95
47480,129.68
49404,339.94
49597,96.73
50993,85.95
52163,39.95
52525,39.95
52708,129.9
55354,39.95
56625,39.95
56661,93.95
56774,39.95
56861,39.95
57700,39.95
58808,39.95
61262,39.95
61894,39.95
63078,39.95
64843,39.95
65422,39.95
67297,39.95
69083,39.95
69347,39.95
71434,39.95
71871,39.95
72397,282.44
75247,118.95
76326,169.45
77136,39.95
81369,182.95
82084,169.95
83896,367.89
86197,39.95
90491,39.95
90805,39.95
91189,276.95
91437,39.95
91483,39.95
94649,39.95
95090,137.95
95443,39.95
96048,418.95
102344,39.95
102820,39.95
103608,94.95
106148,83.63
107120,39.95
108546,99.45
108863,39.95
109674,303.9
111212,39.95
113963,164.95
114120,149.94
116279,39.95
117644,437.28
119624,39.95
119886,39.95
120779,39.95
122110,39.95
124194,39.95
124762,39.95
83608,39.96
774,279.83
21583,39.97
25625,39.97
35467,85.8
47950,189.96
122634,39.97
1759,139.63
9249,39.98
13262,39.98
14458,39.98
15143,39.98
16895,39.98
18616,39.98
21568,208.98
30958,39.98
31185,39.98
34093,137.98
35194,39.98
36454,39.98
36932,169.29
39083,39.98
40006,129.98
45766,39.98
47381,39.98
58227,39.98
58670,39.98
59041,39.98
61010,39.98
61561,39.98
69788,39.98
71777,211.98
76718,39.98
79584,39.98
79657,39.98
82998,249.97
85423,99.48
87255,39.98
94829,39.98
102448,39.98
102955,39.98
107837,39.98
111782,39.98
114169,203.65
122969,39.98
238,39.99
761,39.99
1339,161.87
1446,39.99
2195,209.49
2245,39.99
2333,207.07
2401,101.99
2862,39.99
3102,148.99
3310,39.99
4489,137.99
4552,91.99
5272,99.94
5361,39.99
5708,140.98
5999,39.99
6341,39.99
6358,85.49
6388,39.99
6953,145.74
7476,194.23
7660,39.99
7771,39.99
8098,39.99
8101,142.97
8390,39.99
8432,39.99
8521,39.99
8634,39.99
9603,79.98
10911,39.99
11595,39.99
11614,250.61
11668,101.99
11895,189.98
12127,39.99
12831,39.99
12963,39.99
13461,39.99
13847,39.99
14350,174.94
14445,39.99
14678,39.99
15005,39.99
15232,39.99
15641,39.99
16808,39.99
16973,129.49
17071,39.99
17178,39.99
17184,39.99
17443,189.99
17628,39.99
17650,109.49
17886,258.99
17906,109.94
20379,39.99
21336,39.99
21368,39.99
21375,39.99
21452,39.99
22474,101.99
23002,39.99
23479,107.99
23879,39.99
24003,39.99
24400,39.99
24429,39.99
24617,39.99
25426,91.99
26415,86.08
26785,39.99
27089,39.99
27169,91.99
27184,39.99
27189,39.99
27743,39.99
28180,189.98
28647,237.99
28926,39.99
29145,39.99
29485,39.99
29925,39.99
30390,1255.98
30722,39.99
31150,39.99
31225,39.99
31247,39.99
31688,39.99
32834,378.98
33051,39.99
33319,179.99
33435,39.99
34841,137.99
35329,39.99
35644,39.99
35967,39.99
36622,39.99
36925,39.99
37025,39.99
37087,39.99
37586,39.99
37795,144.98
37826,39.99
38980,39.99
39524,39.99
39735,39.99
39963,39.99
40015,87.16
40217,138.24
40336,99.97
40463,39.99
40819,39.99
40978,39.99
41113,39.99
41397,39.99
41844,39.99
41906,39.99
42155,39.99
42620,39.99
43183,39.99
43336,39.99
43583,39.99
43762,39.99
44040,591.44
44356,39.99
44420,88.99
44482,39.99
44803,39.99
44835,138.99
44862,39.99
44900,39.99
45038,39.99
45120,39.99
45152,39.99
46370,39.99
46482,39.99
46560,246.95
46587,39.99
46656,158.99
46662,39.99
47468,39.99
47646,91.74
48042,127.93
48761,39.99
48787,39.99
48835,39.99
48865,39.99
50401,39.99
50527,39.99
51240,39.99
51347,39.99
51885,93.17
51912,39.99
52152,39.99
52343,39.99
52786,39.99
53005,39.99
53301,39.99
53533,39.99
53812,144.99
53899,215.99
54201,109.86
54258,39.99
54336,39.99
55534,39.99
55983,39.99
56219,39.99
56331,39.99
56421,39.99
56681,39.99
57548,39.99
57954,39.99
58440,39.99
58470,39.99
58659,39.99
58763,237.99
59271,39.99
59509,39.99
59600,39.99
59603,39.99
61515,39.99
61766,39.99
62098,145.72
62425,39.99
62456,39.99
62873,39.99
63860,39.99
63987,152.93
64194,1138.31
64570,39.99
64693,39.99
65264,39.99
65360,39.99
65817,39.99
66873,85.07
66895,39.99
66958,39.99
67149,39.99
67258,39.99
68213,259.49
68257,39.99
68263,232.38
69506,39.99
69704,39.99
69843,39.99
70316,39.99
71233,39.99
71294,39.99
71824,39.99
71843,39.99
71949,39.99
72256,39.99
72471,39.99
73318,39.99
73465,39.99
73511,39.99
73670,39.99
74538,39.99
74823,39.99
74833,112.6
76125,283.94
77523,39.99
77909,39.99
78334,39.99
78457,87.99
79782,39.99
79811,39.99
79937,292.58
79958,95.37
81198,83.99
81222,39.99
81254,39.99
81354,39.99
81494,39.99
82120,39.99
82343,81.98
82791,175.98
82845,39.99
83274,39.99
83433,39.99
83438,39.99
83691,39.99
84395,39.99
84465,39.99
84815,39.99
84841,39.99
84863,39.99
85126,123.99
85970,39.99
86349,39.99
86777,39.99
86873,39.99
87229,39.99
87332,88.99
87382,39.99
87429,84.94
87740,39.99
87772,39.99
87791,39.99
88172,39.99
88470,39.99
89356,39.99
89709,39.99
89933,39.99
90233,104.99
90315,39.99
90456,39.99
90734,39.99
90817,39.99
90871,329.94
91036,39.99
91522,39.99
91804,158.97
92073,39.99
92334,39.99
92661,39.99
92680,82.94
92864,39.99
93324,39.99
94070,39.99
94632,39.99
94907,39.99
94974,39.99
94978,197.99
95364,39.99
95512,39.99
95533,39.99
95850,39.99
96088,39.99
96481,39.99
96512,39.99
97916,39.99
98043,39.99
98261,139.94
98300,39.99
98627,39.99
98885,91.94
99072,39.99
99366,311.97
99733,39.99
100043,101.99
100361,249.98
100726,39.99
101049,108.99
101325,39.99
101799,39.99
102057,39.99
102578,39.99
103347,39.99
103479,39.99
103525,39.99
104128,39.99
104223,39.99
104465,39.99
104734,107.99
105164,378.99
105722,239.99
105877,121.37
106097,39.99
106438,39.99
107253,39.99
107474,39.99
107513,39.99
107553,39.99
107629,39.99
107697,39.99
107831,167.99
108591,39.99
109044,99.98
109258,39.99
109381,94.49
109457,39.99
109615,39.99
110065,79.99
110158,39.99
110224,39.99
110402,154.99
111218,267.87
111525,39.99
111877,39.99
112698,39.99
112805,39.99
113433,269.47
113562,292.99
113761,39.99
114032,39.99
114288,39.99
114346,39.99
115098,39.99
115232,39.99
115702,39.99
115768,39.99
116810,87.99
116852,93.17
117606,39.99
117736,39.99
118507,294.94
118664,190.21
118840,39.99
118971,39.99
119316,39.99
119430,39.99
119917,160.04
120718,39.99
121499,94.52
121841,39.99
124135,39.99
124665,39.99
722,40.0
1189,40.0
1256,40.0
2057,40.0
2164,112.0
2955,90.41
3040,40.0
3931,198.64
4332,40.0
4630,40.0
6024,127.57
6495,40.0
6986,150.0
8151,40.0
8291,40.0
8370,40.0
8760,40.0
9508,40.0
9968,220.75
12326,40.0
12395,40.0
12509,40.0
13015,40.0
15146,474.95
17461,179.0
18721,40.0
19729,40.0
20097,40.0
20248,40.0
20749,139.0
22064,40.0
22300,40.0
22908,40.0
23431,40.0
23836,40.0
24738,40.0
24746,237.67
24842,100.0
25612,40.0
27756,40.0
29439,216.95
30333,40.0
30352,40.0
30466,40.0
31122,40.0
32967,40.0
32983,40.0
33061,40.0
33440,40.0
33713,90.0
34246,40.0
34701,40.0
34759,40.0
35504,439.0
36184,40.0
37439,162.5
38106,40.0
38992,40.0
39062,40.0
40101,40.0
42606,40.0
43721,213.59
45322,364.99
45489,40.0
45638,247.11
45679,138.45
45697,124.95
46875,169.99
47188,115.0
47879,40.0
48314,40.0
49124,40.0
49754,40.0
50236,40.0
50820,209.92
51264,40.0
51318,81.8
51665,85.0
52593,40.0
52999,95.0
54039,430.45
54202,81.98
54407,40.0
55329,40.0
56543,40.0
57346,40.0
57655,171.94
57758,40.0
58923,40.0
60640,40.0
61681,40.0
61906,86.99
63889,40.0
64495,40.0
66378,40.0
66847,40.0
66957,82.0
67080,119.99
67392,40.0
68627,289.48
69027,84.8
69109,123.1
69564,40.0
69685,439.0
70019,40.0
70315,40.0
71815,40.0
74776,40.0
75911,40.0
76876,40.0
77459,40.0
77551,116.0
77770,40.0
78397,40.0
80127,40.0
80503,40.0
81948,99.99
84133,40.0
85444,129.95
85787,40.0
85969,40.0
87975,90.0
89545,127.49
89947,40.0
90133,40.0
90783,40.0
91101,297.95
92160,105.0
92463,40.0
92672,40.0
93329,108.0
93466,118.0
93680,40.0
93807,40.0
94272,40.0
95145,40.0
95430,40.0
96799,40.0
97336,40.0
97539,40.0
98490,40.0
99452,40.0
99517,40.0
100018,40.0
100166,229.0
100437,40.0
100624,90.0
101524,40.0
101850,40.0
103200,40.0
104192,40.0
104219,169.0
105116,40.0
105753,40.0
106298,40.0
106341,160.14
106427,119.51
107391,40.0
107564,40.0
108108,40.0
108273,40.0
108453,40.0
108551,40.0
109032,84.0
109357,40.0
109548,40.0
109700,40.0
110473,40.0
110629,40.0
110794,40.0
111727,40.0
111737,40.0
111860,40.0
112288,40.0
112313,40.0
113432,40.0
113999,40.0
114293,108.65
114398,40.0
115584,40.0
115938,131.85
118407,40.0
118981,40.0
119471,115.0
120606,40.0
121351,40.0
121638,40.0
121996,150.0
122175,40.0
122286,40.0
122918,40.0
123587,40.0
123749,169.98
124088,40.0
124529,40.0
84043,40.02
98315,40.02
77384,40.08
4154,40.13
75678,40.13
97649,40.13
119958,287.12
100509,40.18
37318,40.22
59013,40.22
89559,40.22
46326,40.28
56323,168.28
108750,40.28
67959,40.37
37555,150.35
60079,40.4
71086,40.4
78859,367.9
91969,40.4
107612,238.4
112255,40.4
78374,100.44
95471,40.45
25341,40.49
57160,305.49
119667,154.39
25263,180.47
49677,40.52
23650,40.54
24473,40.54
28343,268.54
68255,165.54
77059,40.54
22918,40.6
49773,40.6
52790,120.59
62350,40.6
64731,40.6
68360,93.05
68462,40.6
82104,40.6
92560,40.6
58106,40.62
85161,40.62
103504,40.62
1502,40.72
5580,40.72
7412,40.72
79248,82.67
15898,40.75
76061,40.75
45642,40.78
83938,40.78
67686,40.79
31116,40.8
23924,40.83
82507,126.81
109977,40.83
38352,943.84
2851,40.88
9858,40.88
28188,95.83
30976,40.9
13379,104.86
76773,40.91
78337,40.91
81307,40.91
119309,40.91
11602,185.85
19722,40.95
21910,40.95
40156,40.95
53666,40.95
94430,40.95
108328,40.95
7643,40.99
11254,130.94
14072,40.99
20211,40.99
20887,40.99
24942,40.99
27385,40.99
40240,40.99
46593,198.99
50644,90.49
74174,40.99
79226,40.99
104364,160.98
105596,88.99
110987,547.69
117846,40.99
9962,41.0
17905,145.95
30175,110.5
48174,236.0
80534,41.0
86532,193.0
94813,41.0
96868,41.0
108945,41.0
121928,41.0
40871,41.13
53472,164.88
80775,41.16
118614,41.16
2207,41.25
16465,41.25
29822,250.75
32495,41.25
33677,41.25
48454,41.25
80337,41.25
81010,146.25
81326,126.25
92891,41.25
93794,41.25
103974,41.25
110793,85.75
124687,41.25
57425,41.29
93777,41.29
111231,284.29
27803,151.3
46696,88.28
102552,41.3
20691,388.83
39704,41.33
14038,339.37
54443,41.39
63722,41.39
21751,41.4
37451,41.42
57949,41.42
59370,100.92
64593,41.42
67066,221.41
75774,90.4
117627,41.42
122136,41.42
62297,100.29
26831,41.51
58332,41.51
33336,41.56
26511,41.65
57738,41.65
75604,41.65
82897,41.7
22667,41.73
65220,241.38
94613,41.74
8535,41.75
124053,41.8
3765,367.0
62846,41.86
81443,41.88
114794,41.88
35984,41.9
62375,101.43
8973,85.35
32726,41.95
38683,41.95
49906,99.95
50981,41.95
51583,41.95
51976,41.95
52155,41.95
63271,41.95
95767,312.9
121374,155.95
121819,41.95
124104,109.95
22426,41.96
27336,152.41
30966,41.96
50340,41.96
52782,41.96
72240,84.96
76830,41.96
79087,41.96
92141,41.96
93938,494.9
102202,41.96
111584,41.96
116840,41.96
121398,41.96
43620,109.97
70808,161.97
1185,41.98
35364,131.48
40669,41.98
78485,41.98
83905,41.98
119752,281.98
1600,41.99
2193,41.99
2269,41.99
5714,41.99
10340,41.99
11272,41.99
11323,41.99
12468,41.99
13283,41.99
17075,329.87
18503,41.99
18568,139.99
19269,84.97
29545,153.99
30021,84.98
32452,84.49
39375,41.99
40142,121.98
41742,111.44
45388,41.99
45841,41.99
46222,41.99
47191,93.86
49484,141.97
49995,159.99
51114,101.99
52313,41.99
52499,41.99
52701,41.99
52978,141.98
53173,41.99
53424,41.99
55370,41.99
57762,41.99
59529,41.99
66242,241.43
66980,41.99
67720,86.99
68011,116.99
68068,41.99
71638,41.99
72616,41.99
73467,41.99
73544,91.98
74112,41.99
77312,41.99
77319,41.99
79083,103.99
81126,93.99
82705,160.99
83183,111.29
83741,41.99
86304,41.99
87145,41.99
87442,41.99
88411,91.94
89365,101.99
91598,41.99
92922,41.99
93255,41.99
97986,41.99
98114,41.99
100530,41.99
101342,41.99
101974,140.99
102352,210.99
104420,41.99
111903,41.99
112048,41.99
112520,121.98
112818,41.99
113328,41.99
114854,111.99
116060,41.99
116207,41.99
117656,41.99
118783,200.99
119176,276.44
122263,41.99
122776,41.99
124998,41.99
584,142.78
1790,42.0
2298,92.0
2733,42.0
3665,42.0
4842,42.0
5081,251.44
5546,42.0
5635,42.0
5682,42.0
5719,42.0
5768,42.0
7343,42.0
9390,42.0
10407,42.0
11818,42.0
12284,42.0
14431,173.94
16304,42.0
16873,94.0
17352,42.0
18233,42.0
18347,42.0
20063,42.0
20228,90.95
20591,140.0
20733,42.0
20996,42.0
21439,91.99
23856,170.0
25786,42.0
26978,42.0
27778,42.0
28159,101.5
29836,42.0
30074,42.0
31642,42.0
31836,42.0
31946,42.0
32368,42.0
32389,161.99
33067,42.0
34211,42.0
34488,42.0
36632,42.0
36780,42.0
36805,42.0
37841,42.0
38274,42.0
38674,42.0
38854,251.45
39639,42.0
39855,42.0
40543,42.0
41796,42.0
42977,88.0
43349,132.0
43508,42.0
43580,42.0
44145,91.5
44894,42.0
45885,42.0
47579,42.0
47584,42.0
47848,42.0
48303,42.0
49695,42.0
50215,108.17
50493,144.99
51518,42.0
53344,42.0
55170,42.0
55770,42.0
56650,99.98
57263,42.0
58002,42.0
59434,42.0
60116,42.0
62397,121.99
63715,399.0
64481,110.0
65553,42.0
65728,91.99
67343,149.98
67438,42.0
67937,42.0
67971,42.0
68421,149.99
69084,42.0
70077,42.0
72054,42.0
72094,42.0
73411,91.99
73802,90.0
74630,42.0
75796,42.0
75996,42.0
76891,42.0
78508,42.0
81616,42.0
82308,42.0
85012,42.0
86403,42.0
86572,97.38
87731,140.0
88276,42.0
89010,42.0
89848,42.0
91861,42.0
95133,42.0
95201,42.0
97108,42.0
97618,100.0
97991,104.0
98280,161.0
98408,42.0
100440,127.0
101455,100.0
104865,157.0
105638,42.0
106612,42.0
107814,42.0
107981,42.0
108421,228.0
108574,91.45
109035,42.0
109827,42.0
110921,42.0
112141,42.0
114591,42.0
114992,42.0
116002,42.0
116589,147.56
117069,42.0
118761,42.0
119063,42.0
119072,127.9
119555,42.0
119689,223.49
120532,42.0
121668,42.0
122796,142.0
123271,42.0
123954,42.0
124138,42.0
124806,87.0
125080,42.0
39388,97.0
50090,42.01
33629,42.08
87848,42.08
71751,42.1
112183,42.1
93912,145.25
8110,42.16
8426,42.16
25887,111.16
61480,42.16
65404,162.16
65970,42.16
67269,42.16
86139,42.16
120419,96.76
9549,165.98
51228,42.24
16022,42.29
7109,152.29
16438,189.43
35804,200.3
55028,42.3
80065,42.3
106409,42.36
22605,42.43
876,42.44
103326,42.49
16215,42.5
40344,42.5
43702,230.96
49358,42.5
52703,42.5
70156,203.18
87572,42.5
92504,42.5
106317,42.5
114564,97.49
124812,42.5
81072,295.53
3344,42.58
26234,99.62
16959,182.71
60127,130.7
68454,112.18
81199,42.73
33482,86.44
67820,42.74
105094,42.74
21564,42.81
60838,42.88
11139,42.9
1859,169.88
75142,92.93
105802,42.94
112279,97.93
1087,231.95
1489,42.95
5988,42.95
10096,110.95
13701,87.94
18458,42.95
43080,42.95
46734,42.95
49227,42.95
56120,42.95
60734,42.95
60897,90.9
67316,42.95
77566,42.95
86392,42.95
90191,42.95
93982,42.95
105334,42.95
106457,42.95
112044,42.95
113956,42.95
122725,42.95
123565,42.95
5282,42.98
13235,42.98
19501,42.98
23674,42.98
26881,92.65
33295,42.98
41465,150.98
64761,42.98
67286,42.98
73831,92.97
89518,91.03
97825,92.93
98546,42.98
101944,42.98
1247,42.99
2259,42.99
3133,42.99
4328,42.99
5318,667.99
5567,42.99
5810,42.99
6811,42.99
7555,250.92
10049,42.99
12799,42.99
18200,42.99
18984,42.99
19308,42.99
31871,42.99
32934,86.97
36374,42.99
37036,414.21
42093,42.99
42972,42.99
43712,42.99
43938,96.49
44566,42.99
48330,42.99
49654,42.99
50089,42.99
54498,325.63
55096,42.99
58114,42.99
60066,337.41
60372,42.99
61023,42.99
62570,42.99
64619,42.99
66254,42.99
68400,42.99
68830,42.99
71646,42.99
74755,42.99
76666,42.99
76812,42.99
77492,42.99
78454,244.74
78667,102.98
81445,42.99
81975,42.99
81987,256.99
83101,42.99
84739,42.99
87747,120.99
89860,42.99
90482,42.99
90739,42.99
92955,42.99
95741,42.99
96272,42.99
96326,101.99
97732,92.99
97744,42.99
100673,42.99
101483,42.99
101683,42.99
103778,42.99
104339,42.99
104736,228.93
104890,42.99
105510,42.99
106512,42.99
108075,42.99
111619,42.99
112051,42.99
113874,42.99
115213,42.99
116234,42.99
117341,42.99
119314,42.99
121370,237.99
121723,273.13
122012,141.99
122479,42.99
2155,43.0
10585,43.0
14200,43.0
26222,43.0
29635,309.56
50939,43.0
56056,43.0
71196,88.0
77293,142.99
78921,43.0
81102,43.0
98407,43.0
15677,259.04
11650,96.46
13586,43.14
36107,43.14
83340,319.09
30815,43.18
111450,43.18
112552,43.18
94317,102.2
96782,192.7
103508,43.2
69255,43.3
57074,119.31
119349,232.31
61024,172.89
120108,43.4
6931,87.45
94980,43.45
58117,43.48
95188,92.44
5346,43.5
6336,43.5
10662,43.5
35397,43.5
67067,43.5
67368,43.5
14655,123.5
84082,43.51
8105,43.53
49582,43.53
73104,43.53
63317,43.62
74385,43.62
123865,133.4
69299,43.63
52542,43.66
53326,43.66
88149,98.39
109208,105.66
114483,43.66
117309,43.68
793,43.69
9571,211.7
11451,43.75
68935,43.75
71210,43.75
65146,43.76
112966,43.76
119869,43.76
78805,43.79
99118,43.79
60743,43.88
103471,43.88
6218,90.9
19100,43.95
40667,43.95
40827,93.85
44312,43.95
46944,43.95
50190,43.95
68321,160.58
69033,142.95
69296,43.95
86016,43.95
91248,43.95
112671,43.95
115103,191.58
5644,43.96
8188,43.96
37461,93.46
50635,43.96
61999,43.96
120573,108.95
77327,88.96
1159,43.98
20601,213.96
32879,43.98
81630,43.98
88838,43.98
110865,347.98
5659,101.99
18983,43.99
20782,273.99
21004,43.99
21876,43.99
24696,88.99
27216,43.99
28032,43.99
29645,43.99
32128,43.99
37963,123.98
43763,43.99
45951,43.99
49111,43.99
55015,43.99
66087,171.14
76095,43.99
79014,43.99
79321,43.99
79607,43.99
81813,170.34
82993,43.99
83328,43.99
87647,43.99
88828,43.99
92547,43.99
95708,43.99
99193,108.99
102946,43.99
103132,43.99
107739,43.99
109230,108.99
109396,43.99
112420,43.99
120600,43.99
121669,411.99
123302,43.99
123496,43.99
124802,123.94
1518,111.0
5138,44.0
7528,197.95
7631,328.4
8008,44.0
9696,44.0
9867,44.0
10032,44.0
10834,44.0
11398,44.0
12472,44.0
12513,106.0
13009,44.0
16630,44.0
16771,44.0
17002,44.0
17128,44.0
17686,44.0
19152,44.0
19185,44.0
19596,44.0
19676,44.0
20580,90.99
20723,44.0
20745,44.0
20849,44.0
20901,130.0
21794,44.0
22313,264.0
23064,108.0
23633,44.0
24602,44.0
24750,44.0
25198,44.0
25209,44.0
25440,44.0
29712,93.99
29871,106.0
30516,44.0
32251,44.0
32832,44.0
32862,44.0
34204,44.0
35365,44.0
35582,44.0
36208,88.12
36455,182.0
36493,44.0
38099,44.0
38632,44.0
40590,99.6
40715,44.0
40743,214.98
40831,44.0
41031,44.0
43099,44.0
47899,44.0
48139,132.0
49179,44.0
50419,44.0
50561,44.0
50840,44.0
51752,44.0
52628,253.48
52961,44.0
53082,44.0
53841,44.0
54519,44.0
55225,44.0
55888,113.9
55987,44.0
56884,44.0
57024,44.0
58932,44.0
63520,44.0
63741,88.97
64613,94.39
66977,204.0
68838,44.0
69541,44.0
69543,44.0
69841,44.0
70143,44.0
73143,242.0
73959,44.0
75127,44.0
76212,88.27
77358,44.0
78686,44.0
78709,44.0
78967,44.0
79499,44.0
79551,44.0
80395,44.0
81430,44.0
83482,44.0
83656,44.0
83689,44.0
84165,44.0
85180,44.0
86463,44.0
86974,44.0
87770,44.0
88577,44.0
88954,44.0
89805,44.0
90432,44.0
90901,44.0
92193,44.0
92440,44.0
92748,88.0
93802,44.0
94633,44.0
94731,44.0
95254,294.0
96252,44.0
96777,44.0
96911,44.0
97068,44.0
97353,44.0
98359,44.0
98502,44.0
100732,44.0
100900,44.0
101590,178.95
102123,44.0
102994,99.0
104056,44.0
104588,44.0
105897,151.1
106996,44.0
107441,44.0
107816,44.0
107842,44.0
107916,44.0
108325,44.0
108695,44.0
109587,44.0
111472,44.0
111811,44.0
111832,313.0
112054,44.0
112860,44.0
113909,44.0
114373,44.0
115676,44.0
117398,44.0
117690,44.0
117929,44.0
118083,44.0
118481,143.99
119618,44.0
120344,44.0
121396,271.99
121885,44.0
123873,44.0
124111,44.0
16179,44.07
84269,44.07
944,93.6
19019,44.12
33191,44.12
33234,44.12
79711,44.12
98938,44.12
117386,44.12
31615,156.11
47528,44.13
98671,44.13
1123,189.21
17840,99.7
45671,44.21
62017,44.21
64900,44.21
100403,44.21
45247,44.25
74675,218.73
73676,44.28
111287,124.28
114726,44.29
54475,124.26
13261,44.39
34632,44.39
42261,44.39
82555,44.39
105868,202.39
2438,44.4
29857,213.4
48803,44.4
57337,150.89
104619,199.41
84756,44.45
118262,144.46
43701,44.48
894,44.5
1679,44.5
1941,94.5
2932,222.5
5835,44.5
12003,44.5
13038,44.5
23670,44.5
28665,44.5
28815,205.44
31209,44.5
32026,44.5
33365,44.5
34602,44.5
36872,44.5
39297,114.0
43197,103.5
43326,44.5
44099,44.5
45796,97.49
49640,162.5
50697,44.5
51333,44.5
60456,44.5
60863,44.5
61017,44.5
61519,44.5
75004,89.49
77434,44.5
80895,44.5
84924,44.5
86456,44.5
88841,44.5
91104,44.5
96295,98.44
101086,44.5
101460,44.5
102633,44.5
104579,89.49
110968,44.5
113515,44.5
120135,44.5
6369,44.55
108998,44.55
62363,44.56
18963,44.58
54813,44.63
62943,210.18
17045,258.6
324,44.78
334,44.78
16123,44.78
32851,44.78
36948,461.77
37165,44.78
65142,44.78
69994,44.78
84137,44.78
84167,44.78
70203,44.79
114464,44.79
11638,44.8
33107,44.8
70110,44.8
83550,44.8
83675,44.8
89807,44.8
99329,44.8
107945,44.8
90076,44.82
115205,94.72
18450,173.88
16863,44.9
28694,44.9
74876,44.9
97909,94.9
16518,44.91
92577,114.41
113619,44.91
115128,44.91
848,44.93
28386,44.93
33527,159.92
117106,44.93
42905,44.94
62368,44.94
76200,141.86
80827,103.94
99149,44.94
102726,44.94
106784,120.93
11194,44.95
11275,44.95
21682,44.95
22364,103.95
23470,44.95
26413,89.94
27191,44.95
33041,44.95
34608,44.95
35811,94.94
39561,44.95
44505,44.95
51881,44.95
54689,44.95
55085,124.94
60552,100.95
68416,44.95
70635,44.95
74828,44.95
76699,199.73
78696,44.95
78768,44.95
79772,44.95
80223,44.95
81737,44.95
85102,44.95
85904,44.95
89210,44.95
106188,44.95
109557,44.95
109791,44.95
110184,44.95
112674,44.95
113300,113.95
120035,44.95
121061,44.95
122063,44.95
60891,44.96
8314,44.97
28112,90.97
51716,44.97
84201,44.97
91021,44.97
113102,44.97
114116,44.97
8491,44.98
35207,91.97
68888,44.98
78010,112.97
92454,44.98
95697,44.98
104928,44.98
124308,44.98
1356,44.99
3260,44.99
4431,44.99
4720,44.99
4800,44.99
5051,109.94
5283,128.99
5760,44.99
6217,99.99
7423,199.99
7512,44.99
8288,44.99
8546,116.94
9061,44.99
9618,44.99
9841,99.98
10126,44.99
11896,44.99
13110,44.99
15462,44.99
15699,44.99
16620,249.47
16786,44.99
17581,44.99
18319,44.99
19650,44.99
20236,44.99
20629,44.99
20780,44.99
21147,44.99
21328,44.99
22498,44.99
23837,44.99
23996,44.99
24223,124.49
24578,44.99
24877,44.99
25448,44.99
26087,44.99
27317,44.99
27813,44.99
29254,44.99
31370,122.99
31636,104.49
31699,44.99
31738,44.99
32179,44.99
32586,44.99
33377,106.73
33467,44.99
34519,44.99
36180,44.99
36660,44.99
36938,44.99
39488,139.73
39969,44.99
40095,44.99
40251,44.99
44712,99.99
45203,94.96
45343,44.99
45375,114.98
47272,44.99
47439,44.99
47753,44.99
49533,106.77
49588,44.99
50337,44.99
52107,44.99
52345,44.99
52646,44.99
53608,44.99
54715,112.99
54973,44.99
56022,44.99
56981,44.99
57428,44.99
57759,44.99
59033,44.99
59150,44.99
60746,99.99
61402,44.99
61769,44.99
61977,44.99
61988,44.99
62195,272.99
62364,44.99
64845,44.99
66625,44.99
66784,44.99
66824,44.99
67283,102.99
67812,44.99
67989,44.99
68402,44.99
68505,402.65
68687,44.99
70080,44.99
70992,128.99
72559,272.99
72709,191.05
72859,344.94
72905,44.99
75419,44.99
76954,44.99
77209,222.99
77715,44.99
77870,44.99
77962,193.24
79564,44.99
80012,253.59
80105,44.99
81676,44.99
82160,44.99
82905,44.99
83024,44.99
83111,44.99
83597,124.99
84468,44.99
84583,44.99
84809,44.99
85185,44.99
85952,244.94
86872,44.99
87039,44.99
87067,44.99
87878,44.99
88088,44.99
88197,44.99
88923,44.99
89355,44.99
89360,44.99
93259,44.99
93385,44.99
94294,44.99
94701,44.99
94941,44.99
97767,44.99
98582,44.99
99292,94.99
99566,98.99
101490,44.99
101922,104.49
104147,44.99
104441,104.49
104716,44.99
105056,44.99
109403,44.99
109753,44.99
109962,44.99
110467,44.99
110561,44.99
110707,44.99
111432,44.99
112397,44.99
112583,44.99
117414,234.94
119169,44.99
119419,292.99
120066,44.99
120820,44.99
121137,44.99
123049,114.98
123304,154.99
124195,44.99
124413,44.99
124742,44.99
125033,44.99
125042,44.99
83,45.0
984,45.0
1536,223.0
1948,45.0
2381,45.0
2495,106.74
3094,45.0
4083,45.0
4433,45.0
4869,45.0
5523,45.0
7286,45.0
7613,45.0
8974,45.0
9098,45.0
9144,45.0
10391,45.0
10798,45.0
11828,45.0
13140,45.0
13693,185.0
13973,135.41
14177,45.0
14244,45.0
14356,45.0
14364,45.0
15807,45.0
15974,45.0
16044,193.99
16389,144.99
17156,114.5
17241,170.0
17537,45.0
18237,45.0
19979,45.0
20335,45.0
20430,95.0
20994,99.66
22129,45.0
23354,45.0
23539,45.0
24112,126.07
25584,331.5
25872,123.0
26242,45.0
26262,104.95
26959,45.0
27072,45.0
28043,45.0
28883,291.0
29290,45.0
31271,134.95
32480,45.0
33279,45.0
33754,45.0
33966,45.0
34035,45.0
34434,45.0
36271,45.0
37273,45.0
39056,45.0
39719,45.0
42442,45.0
43203,200.94
43865,174.0
44025,194.0
46109,307.95
46725,45.0
46937,45.0
47059,45.0
48508,45.0
49097,183.5
49100,45.0
49450,45.0
50029,45.0
50126,45.0
50336,435.2
50556,45.0
50682,45.0
51565,45.0
51951,45.0
52573,45.0
53774,45.0
53868,45.0
53934,361.95
54581,45.0
54619,179.0
55313,45.0
56170,45.0
56196,45.0
56202,99.0
56975,45.0
57298,399.94
57698,45.0
57977,45.0
58385,180.99
58459,45.0
58979,45.0
60190,45.0
60852,45.0
61169,108.95
63815,45.0
65827,45.0
67814,45.0
69369,45.0
69725,114.99
70575,45.0
71014,111.0
72025,45.0
72407,45.0
72421,99.99
72510,271.0
73851,94.95
74847,45.0
74980,45.0
76302,45.0
76957,45.0
76978,45.0
77080,104.99
79693,45.0
79708,45.0
79750,45.0
79858,211.0
80885,45.0
82008,45.0
82155,45.0
82673,45.0
83092,45.0
83473,45.0
83543,45.0
83583,45.0
84295,45.0
84601,45.0
86174,45.0
86214,45.0
86408,45.0
86505,45.0
86913,45.0
87401,45.0
87487,45.0
87904,109.95
88104,149.1
88485,99.99
88617,440.0
89101,45.0
89203,440.68
89353,45.0
89661,92.95
90134,94.95
91363,45.0
91658,90.0
91735,98.29
91968,45.0
92904,45.0
93393,45.0
94444,129.99
94794,45.0
94870,222.5
95072,45.0
95089,45.0
95275,45.0
96152,45.0
96511,45.0
96700,45.0
98181,45.0
98788,45.0
99509,45.0
100270,45.0
100339,45.0
100472,175.0
100595,45.0
101052,45.0
101727,45.0
102583,45.0
102842,45.0
103094,45.0
104367,45.0
104850,45.0
105171,45.0
105282,45.0
106352,309.59
106669,114.99
107003,45.0
107420,45.0
108376,45.0
108454,45.0
108469,182.5
109483,45.0
110505,45.0
111518,91.7
113965,45.0
114740,45.0
115156,45.0
115340,45.0
115433,45.0
115723,45.0
116980,45.0
117667,45.0
118233,155.25
118646,186.85
118807,45.0
119542,45.0
119565,177.66
120210,45.0
120764,45.0
120833,45.0
121578,45.0
121988,45.0
122723,45.0
123129,45.0
124029,45.0
124112,45.0
124932,45.0
34782,45.02
42849,45.08
46863,45.08
61114,45.08
66614,45.08
70058,45.08
77938,45.08
89418,45.08
96599,45.08
118686,45.08
119372,45.08
23540,45.1
56159,45.1
67947,97.23
70855,45.1
92431,205.09
93789,45.1
109752,115.05
53300,45.12
73032,45.17
5221,105.3
67915,213.35
103436,153.35
43744,45.39
31845,45.42
34707,333.14
47903,45.42
60866,45.43
123335,123.45
38877,45.49
53585,98.48
100659,45.49
123391,45.49
1744,45.5
17255,115.0
29760,180.45
37868,45.5
47746,45.5
51693,45.5
97627,45.5
102662,45.5
118618,45.5
123428,45.5
72864,408.55
97690,45.56
14191,45.61
104954,45.61
85849,45.63
124652,45.63
5843,45.7
33501,45.75
56230,45.79
105176,45.79
22335,205.82
61129,105.81
38864,45.83
98645,45.83
114618,105.82
26662,45.88
11946,45.93
44209,45.93
98085,45.93
225,45.95
2445,45.95
27583,45.95
34763,45.95
34783,45.95
37113,125.94
42515,795.94
47115,45.95
47414,948.95
50748,45.95
54423,140.69
64122,105.94
68455,115.9
76924,45.95
93153,101.71
97186,113.95
98386,250.95
100706,45.95
11142,45.99
15400,105.99
18819,45.99
20883,45.99
21198,45.99
22933,45.99
26051,136.27
28867,45.99
35046,126.64
35676,45.99
36738,45.99
39998,45.99
49066,45.99
52082,45.99
53452,45.99
58143,95.98
58929,144.81
63016,45.99
64657,220.99
68256,93.98
74989,45.99
78223,45.99
78593,45.99
83592,45.99
92622,114.99
97474,45.99
102322,45.99
103803,468.11
104289,102.94
108303,101.48
110648,45.99
116817,125.99
117464,45.99
120684,45.99
8884,46.0
9102,46.0
9517,209.0
10257,114.0
11611,46.0
12300,46.0
14214,46.0
17234,46.0
22807,46.0
22987,46.0
23237,46.0
23262,46.0
23274,46.0
23410,46.0
23507,46.0
24703,46.0
24796,46.0
26307,149.95
28420,46.0
28477,46.0
29006,46.0
29706,46.0
34621,281.99
36079,46.0
37818,46.0
42281,46.0
44930,46.0
45282,46.0
47399,46.0
47970,46.0
54811,46.0
55036,46.0
57102,46.0
58941,135.5
59050,46.0
59583,46.0
59732,46.0
60267,264.95
63779,46.0
65346,46.0
66612,46.0
67296,46.0
68004,46.0
68054,46.0
69874,46.0
71734,191.0
74332,112.99
76596,46.0
77603,46.0
77998,119.99
78304,95.99
80163,107.74
82024,46.0
82551,245.0
82847,46.0
84436,46.0
86575,46.0
87833,230.99
89029,46.0
89918,46.0
90054,46.0
90957,46.0
95357,46.0
99703,46.0
103801,109.95
104692,245.0
104780,46.0
106829,46.0
107086,46.0
112833,104.45
113590,46.0
113841,46.0
114567,227.49
114996,46.0
116079,46.0
116557,46.0
117991,98.0
118456,46.0
120241,46.0
121217,46.0
121395,46.0
122515,46.0
124376,46.0
124946,189.99
124982,46.0
125034,46.0
24464,133.04
28301,46.05
64161,46.05
31959,46.09
323,46.22
879,46.22
38788,46.22
49743,46.22
60061,101.84
70523,46.22
82003,46.22
91094,46.22
104205,46.22
109317,46.22
30490,215.29
95814,46.29
116761,100.29
51980,261.31
120149,46.36
50117,46.39
78512,46.39
2539,46.45
94118,46.45
25163,46.5
42792,46.5
60051,46.5
65892,46.5
78059,46.5
78940,131.73
79525,46.5
81560,46.5
87503,46.5
105181,46.5
119716,46.5
55449,46.6
113594,46.6
29237,46.62
40402,46.62
42624,46.62
86283,351.61
116924,46.66
95061,46.69
3412,46.76
55503,136.71
57765,46.76
73073,46.76
49230,46.8
65903,46.8
93169,161.8
113425,46.88
16455,126.85
21864,46.95
29104,46.95
45678,344.95
53714,46.95
61957,46.95
93004,46.95
121164,46.95
434,46.96
62555,46.96
6180,46.98
22859,46.98
67456,46.98
684,46.99
5561,46.99
6475,46.99
7860,46.99
10894,46.99
14840,46.99
15868,155.99
17665,105.99
19499,46.99
21799,46.99
21960,128.56
40381,46.99
46400,281.99
48180,204.99
48288,46.99
48427,46.99
48434,46.99
49721,46.99
54180,46.99
57092,46.99
58361,126.49
59389,46.99
63449,46.99
64272,46.99
64535,46.99
65764,46.99
67026,46.99
67477,46.99
69015,46.99
69268,46.99
70610,46.99
72828,46.99
72987,46.99
74643,46.99
76400,46.99
77145,46.99
77631,126.98
78779,46.99
78843,46.99
80386,244.99
89482,110.94
92558,46.99
93485,46.99
95141,152.55
95509,46.99
96520,46.99
100924,46.99
105541,186.98
106889,96.49
107258,46.99
108147,46.99
109156,46.99
111632,46.99
114998,46.99
116143,46.99
120556,46.99
121487,46.99
122643,154.98
5881,47.0
9244,47.0
17570,47.0
21026,47.0
29352,47.0
31235,47.0
42716,47.0
56352,47.0
57284,47.0
64089,47.0
65380,47.0
73861,47.0
79374,147.0
79801,47.0
87516,47.0
88196,101.98
89389,47.0
95359,47.0
100694,47.0
103928,47.0
104366,47.0
110242,47.0
110521,47.0
111294,47.0
117685,47.0
119931,128.0
122021,96.99
88938,47.02
35368,47.04
70672,47.04
4325,47.05
70619,47.05
5264,47.07
8679,47.07
33477,47.07
54206,47.07
62682,47.07
63590,47.07
76463,47.07
81342,47.07
100596,96.57
106831,47.07
9700,47.1
38076,47.1
77594,47.1
29213,112.12
29787,47.17
46270,47.17
50388,47.17
60037,47.17
68093,117.12
26600,230.5
49570,47.25
110086,47.42
14611,47.43
77422,47.43
18311,47.5
22993,130.9
88105,47.5
91385,47.5
110209,47.5
124181,111.1
22383,47.58
55549,47.58
28928,47.6
121787,47.7
1070,47.75
91465,47.75
115652,126.78
2910,47.8
6003,47.88
62117,47.88
106200,47.9
38125,114.65
6819,47.95
13188,47.95
18543,105.01
19658,47.95
28173,47.95
30199,100.4
43755,47.95
50193,47.95
65221,117.95
72927,47.95
74844,47.95
79423,47.95
87645,47.95
89079,47.95
97688,47.95
108568,107.95
111794,47.95
115019,219.94
117243,47.95
117570,47.95
121192,47.95
122925,476.94
58573,47.98
103727,182.98
112672,47.98
117613,127.97
117620,47.98
1586,192.26
1916,47.99
9477,226.99
15846,47.99
17326,47.99
20942,47.99
22352,175.99
23742,233.99
28841,47.99
33327,47.99
35736,47.99
36196,47.99
40903,347.94
42341,47.99
48487,47.99
49595,47.99
52039,97.98
56036,47.99
63003,113.99
65632,47.99
69021,47.99
73502,47.99
76708,47.99
79123,47.99
81455,47.99
84473,47.99
86664,47.99
86668,187.57
87690,108.56
92204,47.99
94381,47.99
98492,47.99
99380,98.07
103329,47.99
108940,47.99
116187,47.99
123356,47.99
124031,132.65
124621,137.99
124769,131.09
935,48.0
986,48.0
1353,48.0
3499,48.0
3899,48.0
3929,48.0
5680,48.0
6256,48.0
6428,328.0
7324,48.0
7678,48.0
7979,152.0
10218,123.0
10282,48.0
11498,48.0
12722,48.0
13268,175.95
13356,193.0
15027,48.0
16528,48.0
17095,48.0
18055,48.0
19929,48.0
19977,48.0
20120,356.0
20902,102.93
22909,48.0
23154,1069.47
24442,48.0
25098,48.0
25921,48.0
25955,48.0
26195,126.98
28202,48.0
28737,114.0
29153,48.0
29744,169.0
29948,48.0
30355,48.0
30874,48.0
33079,147.99
33132,48.0
33570,48.0
34503,48.0
35809,48.0
36341,48.0
39085,48.0
39705,103.0
39738,48.0
39774,207.95
39996,48.0
43327,431.0
43847,48.0
43870,48.0
44259,48.0
44479,48.0
45324,454.0
46450,48.0
46991,48.0
47288,48.0
52416,48.0
52550,48.0
53328,48.0
53430,48.0
56506,48.0
56833,127.99
56921,327.99
58301,48.0
59789,48.0
60776,48.0
61058,97.99
61504,48.0
61656,48.0
61909,117.5
62157,48.0
62386,48.0
63371,48.0
64042,346.0
64667,48.0
66401,48.0
67195,48.0
68112,48.0
68292,48.0
68969,147.0
72024,113.99
73719,48.0
73792,273.0
74373,48.0
74433,48.0
75370,287.95
75611,48.0
75792,48.0
76693,48.0
76789,48.0
77745,97.99
77751,48.0
77844,102.0
78643,48.0
79393,48.0
79570,48.0
80834,48.0
81149,48.0
81215,48.0
81498,97.95
81837,48.0
82575,48.0
84035,48.0
84299,48.0
84452,48.0
84561,48.0
84623,48.0
85590,337.94
85976,125.99
86288,48.0
86427,96.99
87195,127.95
89565,48.0
90489,48.0
91557,48.0
92092,48.0
92769,48.0
93620,48.0
95935,285.5
97011,48.0
97228,48.0
98978,48.0
99111,48.0
99548,48.0
101496,48.0
102424,107.95
102593,48.0
102757,48.0
103806,48.0
104742,48.0
106492,48.0
107394,48.0
108366,48.0
109754,48.0
109913,48.0
111770,130.6
113609,127.99
114035,117.5
114362,107.0
115490,48.0
116128,48.0
118146,48.0
121716,48.0
123497,118.35
123522,48.0
123702,48.0
123930,48.0
124535,48.0
124719,124.0
12282,48.05
17044,48.05
25825,117.53
33399,48.05
110303,48.05
121832,192.04
38904,48.1
38296,48.3
63469,48.3
31110,48.4
38514,48.4
82639,118.4
123257,48.4
12237,48.42
47569,98.42
57195,48.5
103714,48.5
32797,48.53
46640,197.5
99350,48.53
25106,48.59
100088,48.59
692,48.65
2262,48.65
7248,48.65
38853,148.64
55780,48.65
56463,267.65
92486,48.65
101882,48.65
110135,106.65
114224,128.64
115309,48.65
54522,48.7
60139,48.74
19507,48.75
19662,48.75
74387,148.75
110346,188.83
44928,48.79
68889,48.87
49620,48.92
103147,103.92
22496,107.93
29354,48.93
6654,48.95
15375,48.95
22191,138.9
36715,122.91
47680,48.95
66453,133.94
73177,48.95
75244,48.95
75762,48.95
83519,48.95
98783,48.95
120979,176.95
40308,48.96
61113,48.96
85067,48.96
124101,223.96
5485,103.97
34954,48.97
71431,98.47
72528,48.97
100689,48.97
117336,163.46
21440,174.28
56374,48.98
104799,48.98
19020,48.99
35001,48.99
48827,48.99
49390,48.99
72174,103.49
109436,118.99
109751,178.98
118112,48.99
119135,325.31
120876,48.99
1201,49.0
1695,148.0
2540,49.0
2967,49.0
3506,123.99
4342,49.0
4938,49.0
5002,158.5
6768,133.0
7670,49.0
7919,49.0
8596,49.0
9686,213.98
10910,49.0
11764,49.0
15728,49.0
16960,119.0
19300,49.0
19905,49.0
23226,148.99
26509,49.0
28070,101.88
28279,49.0
28534,49.0
29577,49.0
29961,534.0
30563,127.0
37178,49.0
37456,49.0
38059,114.21
42479,49.0
42700,49.0
43760,49.0
44310,114.4
45876,49.0
46004,49.0
48492,49.0
49488,49.0
49866,49.0
50109,49.0
51311,49.0
53352,49.0
53758,49.0
54618,49.0
54677,189.77
56021,213.99
58481,171.6
59142,49.0
59870,126.84
59923,216.0
60513,49.0
61951,356.99
62082,49.0
62457,49.0
62609,49.0
66135,49.0
67835,49.0
67985,49.0
69457,104.99
71292,49.0
75599,49.0
77723,49.0
78379,49.0
84474,49.0
84732,49.0
86813,98.88
88401,49.0
88928,49.0
89492,49.0
90033,49.0
92138,49.0
92941,49.0
95129,49.0
95238,103.0
95768,49.0
97087,49.0
101227,168.0
101987,49.0
102544,49.0
104554,49.0
104725,49.0
105329,49.0
108350,108.0
109485,108.99
109488,49.0
109949,49.0
112727,49.0
112850,49.0
112971,49.0
114442,49.0
118042,348.95
119895,147.0
121449,49.0
122266,49.0
122792,49.0
124001,49.0
124418,49.0
15058,49.03
16694,139.02
25458,49.03
37539,49.03
73962,148.98
78435,49.03
90121,49.03
115635,102.32
8624,49.37
96056,49.37
969,49.45
2573,49.45
5297,49.45
9824,49.45
11933,105.23
15582,49.45
19648,49.45
22661,49.45
35501,49.45
47293,49.45
59577,132.82
66852,49.45
71784,108.9
74224,49.45
90968,49.45
102245,109.42
102761,49.45
109533,49.45
24009,49.47
19526,149.48
119517,49.49
548,49.5
1297,49.5
2695,49.5
3729,49.5
3909,49.5
5364,475.0
5601,129.49
5826,111.5
6249,127.5
6449,49.5
7787,49.5
7889,104.49
8344,49.5
8625,49.5
9345,49.5
9949,49.5
11426,104.5
11536,119.49
11720,244.49
11862,118.89
11972,49.5
11983,362.45
12957,119.0
13583,49.5
13750,49.5
13754,145.5
13946,345.95
14039,49.5
14824,49.5
15988,49.5
16697,49.5
16761,49.5
16847,49.5
17607,49.5
17756,49.5
20659,99.49
20696,293.45
20760,49.5
21484,49.5
22883,49.5
22884,49.5
24533,49.5
24645,49.5
25496,49.5
26016,49.5
26284,49.5
26895,49.5
26953,49.5
27603,49.5
27869,49.5
28500,49.5
28749,49.5
29297,49.5
29585,99.5
30447,49.5
30619,109.5
31389,49.5
33215,49.5
33401,49.5
34154,49.5
34213,190.5
35478,49.5
35672,49.5
35712,128.5
36189,49.5
36202,49.5
36205,341.45
37356,49.5
37829,49.5
38281,49.5
38466,49.5
38862,124.5
39336,49.5
39582,49.5
40328,221.7
40478,49.5
40643,49.5
40803,49.5
40818,49.5
42225,49.5
42564,49.5
45427,359.18
46180,49.5
46878,49.5
47105,49.5
47853,182.5
48482,49.5
48599,49.5
49539,154.0
49671,49.5
50329,49.5
51002,49.5
51432,49.5
51790,49.5
52126,49.5
52691,49.5
53183,159.5
53620,49.5
55128,49.5
55425,49.5
55639,102.5
56139,207.5
56366,274.5
56956,49.5
57130,229.5
57764,49.5
58347,49.5
58389,49.5
58391,49.5
58435,49.5
58488,49.5
59069,168.5
59791,109.0
61670,141.5
61785,108.5
61972,49.5
61998,49.5
62081,49.5
62639,49.5
62789,49.5
62974,262.5
64266,49.5
65919,49.5
66794,49.5
67170,49.5
67291,49.5
69088,49.5
69147,49.5
70222,49.5
70243,49.5
70601,138.5
70787,49.5
71654,49.5
71973,49.5
72031,49.5
73136,49.5
74463,49.5
75265,49.5
75283,144.5
75339,49.5
76236,49.5
76484,179.45
78312,49.5
78447,49.5
78841,49.5
78851,49.5
79185,114.5
79314,474.0
79817,49.5
80180,49.5
80232,49.5
80298,49.5
80568,49.5
80810,49.5
81385,49.5
81580,109.49
83729,49.5
84261,107.5
85153,128.5
85276,49.5
86827,49.5
87125,49.5
87177,49.5
89411,49.5
89639,49.5
90308,49.5
90792,49.5
91169,111.06
91222,119.0
92654,49.5
92657,49.5
92828,146.8
92863,49.5
92868,99.5
93471,49.5
94433,139.5
94500,49.5
95782,49.5
95932,185.49
96847,49.5
98076,49.5
98433,114.49
98854,49.5
98957,268.5
100112,165.49
100824,49.5
101369,49.5
101414,49.5
101647,49.5
102672,49.5
104946,247.5
106220,49.5
106430,104.0
107278,129.5
107458,102.19
108389,49.5
109382,49.5
109546,49.5
109671,49.5
109834,239.45
110165,49.5
110922,219.45
112065,49.5
112517,49.5
112807,49.5
113858,49.5
114131,49.5
114966,49.5
115270,99.0
116292,49.5
117825,49.5
118066,49.5
118612,49.5
118623,142.48
118711,49.5
119183,49.5
119645,49.5
119808,161.5
120253,219.49
121358,339.48
121429,49.5
121530,374.5
121738,49.5
121842,49.5
121889,119.49
121931,291.23
122033,49.5
122179,49.5
123675,49.5
124584,49.5
15036,49.59
33226,104.09
6507,197.67
43655,49.67
64929,49.72
40785,49.76
58120,49.76
65256,49.8
111722,49.8
33289,49.88
44653,49.88
74532,49.88
84513,49.88
95446,49.88
108490,49.88
8388,199.9
19309,157.85
48837,49.9
64915,164.89
114889,49.9
8419,189.91
89920,119.91
35390,49.92
29615,49.93
51965,49.93
1676,49.94
38978,222.94
45864,49.94
51419,49.94
79336,105.94
79886,49.94
88778,395.94
117622,49.94
579,49.95
1628,49.95
1942,179.94
3855,119.94
3967,49.95
4568,49.95
6661,49.95
8369,49.95
11184,49.95
12317,49.95
12557,119.45
13148,133.95
13851,49.95
14522,49.95
20738,49.95
22590,244.73
23367,49.95
25539,49.95
26160,118.56
28595,280.13
29604,49.95
30511,49.95
30934,184.4
32414,49.95
32740,49.95
35277,49.95
35535,49.95
35870,49.95
36654,104.94
36937,49.95
37479,49.95
40418,49.95
40487,49.95
44969,49.95
45446,49.95
45773,49.95
46414,49.95
46612,592.95
46808,49.95
48768,49.95
48832,99.94
49169,49.95
50661,49.95
53196,49.95
54806,147.95
55600,49.95
55831,49.95
56944,49.95
57870,49.95
58991,49.95
60077,49.95
60275,49.95
62011,49.95
63658,129.94
65280,149.94
67010,294.94
67847,49.95
68802,49.95
70249,49.95
70462,49.95
71399,49.95
73088,386.57
73135,49.95
75995,49.95
78542,49.95
80696,49.95
81968,269.93
83127,179.94
83380,154.95
83969,49.95
84609,49.95
87415,49.95
87469,244.95
87537,49.95
90216,107.95
90247,49.95
97175,49.95
97905,49.95
99877,49.95
100170,99.94
100319,49.95
101730,49.95
102425,49.95
103828,49.95
105003,49.95
105801,49.95
108271,222.89
108391,49.95
108544,247.95
108981,49.95
109308,49.95
110674,49.95
111460,142.45
112184,49.95
112463,49.95
112550,49.95
113067,49.95
116631,49.95
116986,49.95
121560,49.95
122768,49.95
20254,49.97
46058,49.97
60553,49.97
66633,49.97
83883,49.97
107724,49.97
107815,49.97
115328,49.97
123406,49.97
1401,1019.92
30433,49.98
31664,267.97
32250,49.98
37315,199.97
40870,49.98
62845,49.98
81642,49.98
88440,124.97
113961,49.98
119191,49.98
124595,175.98
232,49.99
507,208.99
817,49.99
2503,49.99
2563,49.99
3129,238.99
3266,109.98
3318,49.99
3341,49.99
3717,49.99
4216,49.99
4370,49.99
4896,49.99
5135,49.99
5533,49.99
5691,49.99
6119,49.99
8170,49.99
8844,300.68
9211,49.99
9573,119.49
9675,49.99
10608,49.99
11034,49.99
11134,49.99
12306,49.99
12429,49.99
12803,49.99
13612,49.99
13770,100.87
13839,139.44
14160,49.99
14813,49.99
14827,49.99
15822,49.99
15982,49.99
16152,49.99
16491,49.99
17963,49.99
18054,49.99
18238,109.49
18462,49.99
18729,49.99
18801,49.99
18803,49.99
18888,49.99
19544,49.99
19721,121.99
19800,49.99
19904,49.99
20220,49.99
20937,49.99
21085,49.99
21253,119.49
21295,49.99
21404,149.99
21602,218.99
21618,49.99
22060,49.99
23218,49.99
24783,49.99
25721,49.99
26024,49.99
26585,49.99
26987,49.99
27318,49.99
27481,49.99
27633,49.99
28708,49.99
29846,49.99
29884,49.99
29946,238.99
30085,49.99
30555,49.99
30899,249.99
31790,49.99
32433,49.99
32749,49.99
33166,49.99
33329,49.99
33630,49.99
33664,117.99
33666,101.99
33770,119.94
33973,49.99
34000,124.94
34828,49.99
35477,49.99
35899,49.99
36148,49.99
36512,49.99
36661,49.99
36734,128.99
37495,49.99
37756,49.99
38751,49.99
38811,49.99
39031,49.99
39162,49.99
39692,49.99
39760,167.99
40599,49.99
41107,49.99
42118,49.99
42194,49.99
42644,49.99
42722,49.99
43050,249.99
43182,49.99
43572,109.99
43774,49.99
43905,49.99
44159,49.99
44171,49.99
44739,49.99
45135,49.99
45199,109.49
45273,49.99
45707,49.99
45762,503.99
45962,49.99
46044,101.99
46340,49.99
46915,49.99
47995,49.99
48302,49.99
48616,49.99
49207,49.99
49938,119.98
50039,109.98
50224,49.99
50348,49.99
50350,49.99
50638,49.99
51151,114.99
51346,49.99
51667,129.94
52171,49.99
52229,49.99
52394,49.99
52534,114.94
52803,139.49
53030,49.99
54259,49.99
54422,49.99
55115,49.99
55295,49.99
55782,49.99
56516,49.99
57123,49.99
57392,49.99
57486,515.98
57668,49.99
57992,49.99
58044,49.99
58219,49.99
59651,49.99
59778,49.99
59944,49.99
59949,49.99
59955,49.99
60258,49.99
61357,49.99
61790,49.99
62250,49.99
62516,49.99
62755,49.99
63537,109.99
63563,49.99
63734,329.94
64222,49.99
65776,49.99
65801,247.99
66129,49.99
66284,49.99
66285,49.99
66311,49.99
66534,49.99
67702,49.99
68169,114.98
69209,49.99
69799,49.99
69842,49.99
71831,49.99
72525,49.99
72743,49.99
73333,102.98
73612,49.99
73872,49.99
74242,49.99
74766,49.99
74886,49.99
76075,49.99
76281,49.99
77154,49.99
77455,182.65
78552,49.99
78938,106.98
79502,49.99
79511,100.29
80249,49.99
80499,103.96
81294,49.99
81457,49.99
81542,108.99
81601,49.99
82192,49.99
82592,49.99
82874,49.99
84001,49.99
84499,49.99
84990,49.99
85738,49.99
86096,115.98
86495,49.99
86578,49.99
86792,49.99
87003,49.99
88911,49.99
89047,49.99
89201,140.89
89212,49.99
89388,49.99
89422,49.99
89479,49.99
89480,49.99
90809,49.99
90847,49.99
91392,119.97
92100,49.99
92931,49.99
93335,119.98
93632,49.99
93658,49.99
93866,49.99
96007,49.99
96054,49.99
96461,49.99
96968,49.99
97193,49.99
97898,49.99
100393,49.99
100679,49.99
101659,49.99
101996,124.99
103722,117.94
104321,49.99
104561,49.99
105708,49.99
106071,49.99
107202,49.99
107538,49.99
110484,49.99
110828,49.99
111822,49.99
112075,49.99
112091,49.99
112250,49.99
113337,49.99
113828,49.99
114344,49.99
114805,49.99
116236,49.99
116416,104.98
116655,49.99
117840,319.98
118448,49.99
118846,49.99
119376,49.99
119450,49.99
119498,119.94
119547,49.99
119844,49.99
120325,49.99
121184,49.99
121552,151.48
122509,49.99
122524,49.99
122590,49.99
122670,49.99
123252,49.99
123344,49.99
123453,49.99
124868,49.99
1365,50.0
2374,50.0
3259,50.0
3368,50.0
3716,50.0
3767,50.0
3891,50.0
4203,50.0
4651,119.0
5097,50.0
5330,50.0
6081,204.99
6596,118.0
6952,350.99
8177,50.0
8538,107.99
9239,50.0
9766,50.0
11213,50.0
11350,50.0
12389,249.95
13517,50.0
14580,50.0
15614,50.0
15949,50.0
16182,50.0
16675,50.0
19842,50.0
22481,50.0
22637,50.0
23101,50.0
23493,265.95
23603,50.0
23810,50.0
23999,50.0
24331,129.5
24812,139.95
25725,50.0
26038,109.95
26997,50.0
27188,50.0
27343,50.0
27987,50.0
28630,50.0
28684,204.99
28985,50.0
28998,50.0
29344,50.0
29610,50.0
30212,50.0
30231,50.0
30821,50.0
31135,50.0
31323,125.95
31540,50.0
31576,50.0
32630,50.0
32847,50.0
33918,122.0
34652,50.0
35394,50.0
36544,50.0
36775,50.0
37364,114.5
38336,104.0
38344,332.24
38386,50.0
39091,157.1
40128,50.0
40902,101.95
41687,209.95
41882,326.5
42217,50.0
42694,50.0
43777,50.0
43810,129.99
44374,129.5
44746,50.0
46037,185.0
47015,50.0
47685,163.01
48166,50.0
48308,50.0
48532,50.0
48561,50.0
48969,50.0
49083,115.95
50184,50.0
51258,545.0
51547,50.0
52843,50.0
53469,155.0
54002,50.0
54458,479.95
55484,50.0
55583,50.0
55811,50.0
56611,401.0
59167,50.0
59429,50.0
60250,135.95
60304,50.0
60779,50.0
61689,150.0
63029,50.0
63702,50.0
64745,50.0
64782,50.0
65004,50.0
65694,50.0
66307,50.0
66801,50.0
67095,50.0
68387,50.0
68461,50.0
69620,50.0
69868,50.0
69963,50.0
70627,50.0
70900,50.0
71607,50.0
72026,50.0
73435,50.0
73471,50.0
73768,50.0
75294,50.0
75467,50.0
75505,50.0
76039,50.0
76274,50.0
77657,50.0
77823,190.0
78627,149.5
79237,50.0
79728,200.0
80188,50.0
80558,50.0
80968,50.0
81686,50.0
81966,50.0
84454,50.0
84524,50.0
85609,50.0
86094,50.0
86591,50.0
87199,139.99
90448,477.83
90921,50.0
91903,50.0
95156,50.0
95286,50.0
95921,50.0
95923,50.0
96212,50.0
97031,50.0
97503,50.0
99250,50.0
99286,50.0
99567,50.0
100397,50.0
101190,248.0
102260,50.0
102895,50.0
103121,50.0
103152,50.0
104728,50.0
105045,50.0
105786,50.0
105848,149.99
106211,253.95
107355,50.0
107928,50.0
108885,50.0
109219,239.0
110335,735.0
110411,50.0
110678,130.0
110786,289.09
111093,50.0
111300,248.0
112150,50.0
113206,388.0
113231,50.0
113673,110.0
113866,50.0
114218,50.0
115085,50.0
115498,50.0
116200,50.0
116294,50.0
116356,148.0
116467,50.0
117215,119.99
118185,50.0
118301,50.0
120256,50.0
120492,50.0
120591,50.0
120808,50.0
121556,50.0
121974,50.0
122894,50.0
124559,50.0
124630,50.0
124747,50.0
124914,50.0
22067,50.08
76636,50.08
56730,50.09
85577,50.09
97743,106.09
93293,280.17
13368,50.19
100059,50.19
110389,50.19
115884,135.19
96114,50.3
99673,50.3
100887,115.25
121222,50.3
9582,50.35
24767,50.35
70037,50.35
109090,50.35
57568,50.38
46852,50.39
112934,50.39
10645,118.39
42922,50.4
100054,50.4
103003,50.4
83840,50.41
12703,50.46
46035,50.49
54489,50.49
83680,50.49
110000,120.48
121045,50.49
123510,128.49
26264,178.5
28853,50.65
13658,50.67
16544,50.67
121204,160.65
12614,50.75
42218,50.75
58905,50.75
39412,136.3
93903,50.84
108902,50.84
25865,182.61
52297,50.88
67325,308.87
69284,50.88
74802,50.88
106842,50.88
113434,50.88
5556,50.95
10033,50.95
13768,50.95
65883,50.95
103401,50.95
7338,50.99
25029,50.99
30398,249.98
58780,50.99
59305,105.99
60973,50.99
62270,50.99
63939,50.99
64942,50.99
67151,50.99
68125,50.99
72379,50.99
86005,50.99
120561,50.99
3320,51.0
4707,226.0
16274,51.0
19697,51.0
25701,163.5
30633,105.99
34861,51.0
56499,51.0
63506,51.0
65294,51.0
69174,51.0
72607,51.0
83672,51.0
90886,51.0
107187,51.0
115267,169.75
121878,51.0
30967,51.07
41824,51.19
52057,51.4
62607,51.4
88708,51.46
118376,51.5
80791,51.6
107841,51.6
116498,51.6
24076,51.75
36192,51.75
54675,51.75
100349,51.81
18067,120.87
100038,51.87
4257,51.95
29387,376.95
29509,51.95
38574,206.95
66365,51.95
66943,51.95
69137,51.95
76441,51.95
89336,51.95
102792,51.95
104564,51.95
111276,51.95
115525,126.94
116725,51.95
121906,51.95
123680,51.95
74966,295.69
78685,51.96
92729,229.96
31793,51.97
66260,51.97
14180,51.99
18551,175.98
26386,51.99
35043,365.99
43025,51.99
56502,51.99
57547,221.98
61815,51.99
64195,51.99
68960,51.99
72430,51.99
79689,51.99
103760,149.99
106899,51.99
118857,275.96
124209,51.99
5,52.0
313,52.0
747,52.0
1521,130.0
1907,52.0
3117,52.0
4992,52.0
5286,362.6
5468,52.0
5990,52.0
8470,52.0
8781,52.0
9486,52.0
10061,112.0
10919,52.0
12929,52.0
16156,52.0
19007,52.0
20646,52.0
24391,52.0
25247,120.0
26211,106.95
26372,52.0
27387,124.0
28743,52.0
28874,52.0
29570,180.0
30358,52.0
31491,52.0
33647,52.0
36360,52.0
37337,52.0
37716,265.16
38111,52.0
39593,52.0
40405,52.0
42372,120.0
44839,52.0
45560,131.98
48938,52.0
50246,52.0
53928,52.0
54817,52.0
55804,52.0
56961,52.0
57280,52.0
57323,52.0
58830,52.0
59246,52.0
59414,52.0
59666,52.0
59932,52.0
61857,52.0
62787,52.0
63154,52.0
63214,52.0
63401,52.0
63894,235.51
64039,52.0
65336,52.0
66007,52.0
69544,52.0
69974,52.0
71291,52.0
72764,52.0
73480,52.0
75898,52.0
80482,52.0
80551,130.0
80567,52.0
82423,52.0
83205,52.0
84333,52.0
85573,52.0
86529,52.0
87425,52.0
88625,170.0
88783,52.0
89036,52.0
89135,111.95
91614,123.07
92299,52.0
96413,52.0
97012,52.0
98717,104.4
99596,52.0
100197,176.74
100277,52.0
100942,52.0
101053,52.0
101088,52.0
101517,52.0
105396,52.0
106201,52.0
108170,52.0
108229,136.95
108899,52.0
108972,328.0
109769,52.0
111413,52.0
112891,176.99
113056,52.0
114055,52.0
114815,52.0
114924,52.0
115447,52.0
116702,52.0
116902,227.0
116919,52.0
116955,52.0
117227,52.0
117419,118.0
117868,52.0
118015,52.0
119923,52.0
120595,52.0
120801,52.0
121226,52.0
121981,52.0
124285,52.0
85094,192.01
3132,52.13
12502,52.13
30432,52.13
31744,52.13
34844,246.08
45020,52.13
45547,52.13
47153,52.13
86445,52.13
110625,151.63
123960,170.13
61139,52.16
21904,52.2
26941,52.25
69414,52.25
108464,52.25
121210,52.25
54588,281.27
50244,106.28
117901,52.28
65161,52.39
83673,52.39
14421,52.4
77940,52.4
404,52.45
24451,52.45
43409,52.45
45082,52.45
74308,52.45
24950,52.5
59316,52.5
69674,52.5
94621,52.5
107042,52.5
113066,52.5
120070,52.5
51685,52.53
75739,107.54
12534,52.59
24680,52.59
47218,52.59
64840,528.59
74674,52.59
84955,52.59
94541,52.59
103179,52.59
117334,52.63
61915,52.71
83330,52.78
85162,52.8
114502,52.8
16326,52.81
74584,52.81
111539,52.81
97150,52.83
3151,52.86
22516,52.86
49510,52.87
74708,52.88
106944,138.0
79451,127.9
21350,52.92
112370,52.92
2898,155.95
3186,142.9
5251,52.95
8142,52.95
29785,52.95
30277,112.45
35896,52.95
38201,52.95
44917,52.95
61079,52.95
70644,52.95
75109,52.95
81353,52.95
92660,52.95
97254,52.95
99236,52.95
105583,52.95
112488,52.95
114060,52.95
14358,52.99
15319,52.99
18576,52.99
24659,52.99
31349,52.99
36010,52.99
39446,330.32
51406,52.99
54199,52.99
56333,52.99
56637,52.99
56877,52.99
61541,52.99
63022,52.99
66456,52.99
71704,52.99
83990,187.99
91315,52.99
101413,52.99
119558,52.99
120707,52.99
6279,53.0
20406,53.0
44295,53.0
51230,53.0
59068,53.0
60991,53.0
62553,502.0
64473,53.0
70833,112.99
78781,53.0
79790,53.0
85939,53.0
88673,219.5
89465,133.0
92965,53.0
93914,53.0
94965,149.6
103037,162.0
107350,53.0
110515,53.0
111036,53.0
114680,53.0
104655,53.01
64646,53.02
98562,53.02
121989,53.02
50851,53.03
121759,53.03
109410,53.07
118357,53.07
27099,193.15
94627,53.15
97544,53.15
96497,53.25
89984,53.29
103581,182.29
104982,53.29
113473,53.33
59731,53.35
6623,53.5
7731,53.5
17435,53.5
35448,53.5
70797,53.5
91447,53.5
97490,53.5
26486,165.8
47544,53.55
47576,186.19
84639,53.55
108050,231.55
109453,157.55
66031,192.44
87741,53.69
91443,53.69
24295,53.72
81625,53.72
97241,53.72
116595,53.72
28960,133.75
37575,53.93
58591,53.93
122528,53.93
123028,53.93
14842,53.94
81133,53.94
4033,53.95
6759,53.95
16317,53.95
17881,53.95
24092,53.95
28978,129.55
30565,53.95
31202,117.92
32745,53.95
40749,53.95
43464,53.95
53680,53.95
55816,53.95
72188,53.95
79639,53.95
79751,53.95
81373,159.7
82270,53.95
86574,53.95
89515,53.95
98566,53.95
98872,53.95
110302,53.95
114522,53.95
16330,53.97
23227,53.97
83706,53.97
86710,53.97
81577,53.98
95010,53.98
819,53.99
1546,53.99
3543,53.99
8081,53.99
12525,233.94
20386,53.99
29317,53.99
37773,53.99
55740,53.99
57553,53.99
72506,53.99
73128,53.99
119720,53.99
91,54.0
525,54.0
1852,144.41
3298,314.0
5458,54.0
6234,54.0
6578,54.0
8487,54.0
9735,426.5
10214,54.0
12183,54.0
12753,54.0
13694,54.0
13849,174.0
14037,266.0
14689,218.0
15519,54.0
16201,54.0
16545,54.0
20321,116.0
21754,234.0
23163,184.0
26053,54.0
26570,54.0
28675,54.0
31210,54.0
31462,112.0
32032,54.0
32356,54.0
33382,123.24
34678,54.0
35722,54.0
35971,153.0
36149,54.0
36527,54.0
40500,54.0
41604,54.0
43333,238.72
44118,54.0
44360,54.0
44827,54.0
46710,54.0
47411,54.0
48102,54.0
49291,312.0
50129,54.0
50646,54.0
53463,54.0
54392,54.0
55236,54.0
56257,54.0
57052,54.0
57998,54.0
59737,54.0
61596,207.0
62138,54.0
63997,54.0
64786,54.0
65828,193.99
66044,113.5
67113,54.0
68599,54.0
68850,54.0
71084,183.74
71322,54.0
71982,54.0
72990,54.0
73700,54.0
73918,54.0
74025,54.0
74821,54.0
75044,54.0
76328,54.0
76686,54.0
76729,54.0
76986,54.0
77859,54.0
79541,54.0
79882,54.0
82770,54.0
84056,54.0
87782,54.0
88077,54.0
89122,254.87
91006,54.0
91887,54.0
92022,54.0
92781,54.0
93073,54.0
94232,54.0
94684,54.0
94739,54.0
95521,54.0
96021,54.0
96667,54.0
97061,54.0
98293,54.0
99345,54.0
99431,54.0
101489,54.0
101717,54.0
107649,54.0
108319,54.0
110079,54.0
110332,54.0
111466,114.0
113273,54.0
115026,54.0
116454,54.0
116576,54.0
117077,133.5
120608,54.0
121431,54.0
121546,54.0
122943,54.0
123495,54.0
123519,54.0
123875,54.0
124047,54.0
7063,54.18
61835,54.2
21763,54.39
95409,129.4
75713,54.42
77811,54.42
56312,54.44
112631,868.43
3323,164.44
12898,54.45
22795,54.45
49585,54.45
71213,54.45
94928,54.45
110500,115.37
115816,54.45
9512,54.46
78301,54.46
47997,54.49
96404,54.49
120536,54.49
4738,54.5
7354,54.5
16245,54.5
19954,54.5
21335,54.5
25214,54.5
28783,54.5
40555,54.5
41933,182.5
42655,54.5
47971,54.5
50226,54.5
51497,54.5
61088,54.5
64310,54.5
66184,54.5
67645,54.5
69545,54.5
71231,54.5
72339,254.5
74697,54.5
76867,117.39
84902,54.5
85362,54.5
88503,54.5
90858,54.5
91751,54.5
96126,54.5
102585,54.5
115393,54.5
123528,54.5
38690,142.54
79276,110.62
41150,119.6
72146,54.6
91117,54.6
102828,109.59
104876,394.08
90911,54.72
98481,54.73
42563,54.84
1738,54.85
97673,193.6
15630,54.9
16606,54.9
16621,54.9
24209,54.9
29589,54.9
30548,54.9
48784,189.9
63966,54.9
64171,54.9
74359,54.9
103462,54.9
105317,112.53
108645,184.9
118225,54.9
39686,54.93
43850,54.93
76763,154.9
83778,54.93
87446,54.93
98435,54.93
105008,54.93
105719,54.93
13,144.45
2818,54.95
3803,216.95
7316,54.95
13431,54.95
13473,54.95
15323,54.95
22289,54.95
22459,54.95
29934,54.95
30310,54.95
37670,54.95
38353,133.95
40876,54.95
48420,54.95
48634,54.95
50929,54.95
51025,54.95
52003,114.95
60416,165.95
60508,54.95
64602,54.95
65832,221.95
69340,109.95
70636,54.95
71616,54.95
73963,54.95
74346,54.95
76964,54.95
79091,54.95
81575,54.95
81774,54.95
86808,54.95
87044,54.95
92607,154.95
92879,54.95
93919,54.95
96821,54.95
96996,54.95
97807,54.95
109276,54.95
111079,54.95
112277,54.95
113721,340.95
114459,54.95
115115,54.95
118385,54.95
119586,54.95
121141,54.95
121613,538.9
123024,54.95
19826,54.97
25563,54.97
61617,54.97
107080,54.97
10468,54.98
51277,54.98
75601,54.98
87817,54.98
105807,54.98
641,54.99
1110,54.99
3985,54.99
4935,54.99
8060,54.99
9455,54.99
10493,54.99
14236,54.99
14520,54.99
15084,152.99
15714,127.84
17870,54.99
19198,54.99
20065,134.94
20283,54.99
21578,54.99
21599,54.99
21653,114.49
22978,54.99
23867,54.99
30008,54.99
30557,152.99
33832,54.99
35556,54.99
35826,54.99
35978,186.98
39679,54.99
41027,54.99
42838,54.99
43092,54.99
45339,180.99
46748,143.99
48051,54.99
49750,54.99
52204,54.99
52486,54.99
53863,114.87
54650,54.99
55748,254.98
56666,54.99
57670,54.99
58261,54.99
58600,54.99
63115,54.99
63685,54.99
64345,54.99
65870,54.99
66415,54.99
67680,54.99
68209,54.99
70369,54.99
72372,54.99
73447,124.98
75838,54.99
75862,54.99
79030,54.99
80059,303.99
87452,54.99
90509,54.99
93124,54.99
94131,304.98
94291,54.99
100534,54.99
101662,124.94
106091,54.99
106113,183.99
106630,54.99
107531,54.99
108287,54.99
108850,54.99
110492,287.14
113281,54.99
114164,54.99
115769,54.99
118239,54.99
118886,54.99
119262,54.99
119875,54.99
124345,54.99
185,55.0
489,55.0
977,55.0
1104,55.0
1994,55.0
3140,273.89
3236,55.0
4129,55.0
4459,55.0
5781,224.5
6189,55.0
6212,55.0
6491,55.0
6767,55.0
8017,55.0
9030,55.0
9366,55.0
9882,55.0
11537,55.0
12060,55.0
12607,55.0
12706,55.0
12955,210.0
13147,55.0
13207,55.0
13309,55.0
13539,55.0
13666,55.0
14586,55.0
14793,189.0
15208,348.0
15697,213.28
16059,55.0
16306,233.99
18456,55.0
18521,55.0
18570,55.0
19103,55.0
20648,55.0
20781,250.94
20945,135.0
21415,55.0
22305,55.0
23070,55.0
23613,55.0
25801,55.0
25907,165.0
26097,55.0
27376,55.0
27896,55.0
28958,55.0
31628,55.0
34018,55.0
34176,55.0
34404,244.0
34757,55.0
36243,214.0
37148,134.45
37299,405.0
37764,55.0
37845,55.0
37885,55.0
38264,55.0
38526,55.0
39320,55.0
39469,170.0
40046,55.0
40360,55.0
41187,55.0
41543,55.0
43105,55.0
43915,55.0
44305,55.0
47001,366.95
47767,114.0
48342,55.0
48689,55.0
49912,123.0
50271,55.0
51038,55.0
51911,177.95
52310,114.5
52383,55.0
52432,55.0
52969,283.0
57062,55.0
57394,55.0
57683,55.0
59212,55.0
59832,55.0
60015,55.0
60799,55.0
61341,55.0
61481,181.49
62485,55.0
62746,114.57
63064,55.0
64928,55.0
65576,55.0
66122,55.0
67051,55.0
67826,120.0
68306,55.0
68450,55.0
69574,55.0
69773,55.0
70292,55.0
71054,55.0
71342,55.0
71981,55.0
73018,55.0
73582,55.0
74311,55.0
74696,55.0
75811,55.0
75848,55.0
76241,55.0
76368,126.25
76627,55.0
76647,55.0
77754,55.0
77937,55.0
78113,55.0
79376,55.0
79762,140.0
81164,55.0
81481,135.0
81543,55.0
83339,182.0
83414,55.0
83579,55.0
83922,55.0
85268,119.99
85558,117.0
85682,55.0
85822,55.0
86014,134.99
86918,228.08
86965,55.0
88108,55.0
88395,55.0
89076,55.0
89558,55.0
90269,55.0
90969,122.99
91177,55.0
92238,55.0
92367,55.0
92456,55.0
92610,55.0
93384,55.0
94181,55.0
94357,55.0
94525,55.0
95490,139.0
96365,55.0
98155,55.0
99592,55.0
100161,110.0
100480,55.0
100656,55.0
101275,55.0
103303,133.0
103641,55.0
105488,347.95
105602,55.0
105765,55.0
106375,55.0
107716,55.0
108445,55.0
109076,55.0
109077,55.0
110123,55.0
110745,212.5
111156,55.0
111337,55.0
112476,55.0
113426,55.0
113776,55.0
113840,55.0
114453,55.0
114648,55.0
114982,55.0
114993,55.0
115736,55.0
115781,55.0
116213,55.0
116490,55.0
117012,55.0
117820,246.0
118363,315.0
118476,55.0
119654,55.0
120299,55.0
120727,55.0
121871,55.0
122145,55.0
124600,55.0
84957,55.16
113535,646.16
64987,55.2
6678,55.26
62330,155.25
70597,55.26
48464,228.22
10192,55.3
18123,55.3
66709,115.25
106295,55.3
1588,195.38
2667,220.38
18808,55.38
37657,55.38
53947,55.38
54879,55.38
61086,55.38
67626,127.38
112642,55.38
104694,55.41
9881,55.44
3311,125.49
3366,55.49
4384,55.49
4636,55.49
9223,55.49
18687,55.49
23165,55.49
25534,55.49
34869,55.49
38080,55.49
59613,113.47
64356,55.49
69470,55.49
77125,55.49
92506,55.49
94144,55.49
97107,55.49
97976,55.49
112373,55.49
129,55.5
14672,55.5
20789,55.5
27251,55.5
35613,55.5
43534,55.5
47966,55.5
62174,55.5
63223,55.5
124028,55.5
22562,55.52
41095,514.48
56089,55.53
68925,55.53
73087,55.53
14161,55.57
19315,55.57
19696,55.57
122324,185.56
1955,55.6
31770,55.6
42737,460.86
50776,55.6
122530,55.6
41743,55.65
49740,55.65
53377,55.65
21504,55.75
26666,55.76
41603,55.78
71017,205.78
75752,55.78
77057,55.78
36000,55.86
103426,55.86
9751,55.89
53778,55.89
14757,55.9
81772,55.9
11136,55.95
19120,143.9
27171,55.95
29206,55.95
36309,55.95
42970,55.95
56016,55.95
56116,55.95
72286,55.95
74544,55.95
83569,195.44
92153,55.95
111168,55.95
11609,154.96
51703,125.95
116757,55.96
14145,143.96
78162,143.92
120710,55.97
3080,55.98
83293,55.98
6237,55.99
9563,55.99
12338,55.99
14631,295.94
26933,127.99
35490,143.99
35519,55.99
48745,55.99
71440,55.99
74856,55.99
96234,55.99
102068,55.99
106370,55.99
115921,55.99
421,56.0
1757,196.08
2985,56.0
3951,56.0
6321,56.0
6430,195.99
6848,56.0
13284,56.0
14151,120.99
16282,56.0
21841,56.0
22935,56.0
23301,56.0
23608,195.99
24105,56.0
25935,245.0
26134,56.0
27091,56.0
28983,56.0
29182,155.95
36710,56.0
37413,56.0
41746,56.0
47551,134.0
49130,56.0
49862,56.0
51035,56.0
52670,56.0
53869,56.0
56825,56.0
57584,56.0
59758,264.6
62571,56.0
63591,296.75
65856,56.0
65955,56.0
66364,305.99
67997,56.0
73891,126.0
74010,56.0
77827,56.0
78683,56.0
81146,56.0
84754,56.0
84891,56.0
87468,56.0
88399,56.0
88865,56.0
93196,56.0
93375,56.0
94353,56.0
97723,56.0
103888,56.0
105951,56.0
108241,56.0
113477,56.0
490,56.06
18988,56.25
26428,56.25
100323,56.25
121824,56.25
10514,56.39
18763,56.39
28414,56.39
33457,56.39
55765,56.39
57452,56.39
58321,125.89
61184,422.39
70519,56.39
80472,56.39
119981,56.39
122470,56.39
124753,56.39
23113,56.42
84114,56.47
91580,56.47
5577,56.5
9846,56.5
13034,116.49
80850,56.5
81012,56.5
2936,56.53
4634,254.6
36387,56.6
69435,121.6
91206,156.59
101883,56.6
118053,132.6
120208,56.6
121069,56.6
29048,201.63
31319,56.63
77239,56.63
102093,183.63
35563,214.64
106465,56.64
5418,56.69
52332,56.69
56262,56.69
40987,56.7
95166,371.7
103286,56.71
61921,56.78
72738,56.78
99904,56.78
9997,136.86
113848,56.87
21687,136.86
113203,56.88
117543,56.88
3015,56.95
19908,56.95
23786,56.95
26583,154.95
97010,56.95
103977,56.95
113156,193.22
121671,56.95
14271,135.71
29047,56.96
53359,56.96
24273,116.98
51361,56.98
111039,56.98
17215,56.99
22644,56.99
23831,56.99
64022,56.99
82964,56.99
87233,56.99
94036,56.99
98721,56.99
120803,56.99
3029,57.0
5995,57.0
7588,57.0
15836,57.0
32815,57.0
35959,57.0
54272,158.0
67607,57.0
75761,57.0
91897,57.0
98296,57.0
122749,57.0
26285,336.06
37834,57.06
85346,57.06
92249,57.06
19357,57.08
41950,57.15
21176,57.39
24847,57.4
109430,57.4
24392,117.36
29889,186.36
60646,57.48
38529,57.63
55481,57.63
72345,57.63
106728,57.63
48301,57.83
67944,57.83
74182,57.83
86562,57.83
93438,155.36
13417,57.95
30249,57.95
32418,57.95
43547,57.95
44032,57.95
60781,57.95
62187,57.95
86756,119.39
92110,57.95
97393,57.95
99370,57.95
114028,57.95
123324,57.95
123754,150.55
50478,57.98
2980,127.49
5077,197.99
19343,57.99
28319,57.99
48218,57.99
63568,57.99
76493,57.99
86736,57.99
88958,57.99
97019,156.99
100376,235.99
103409,57.99
108593,57.99
114715,57.99
121940,57.99
210,58.0
492,58.0
616,58.0
773,58.0
1530,58.0
2525,58.0
6111,58.0
7665,58.0
11212,58.0
11578,58.0
15726,58.0
15937,58.0
17610,282.99
18526,58.0
19827,58.0
19870,58.0
21623,58.0
27989,58.0
29949,58.0
30800,58.0
30892,58.0
30942,58.0
34138,58.0
36918,58.0
37088,58.0
38799,58.0
41883,277.0
44634,58.0
46421,58.0
49127,58.0
49369,58.0
51042,145.12
51322,58.0
52822,58.0
53235,58.0
53306,58.0
53321,237.0
54038,58.0
56939,58.0
57867,58.0
58624,58.0
58916,137.5
59381,58.0
60917,58.0
61233,58.0
64086,58.0
64257,58.0
64643,445.98
64716,58.0
65027,58.0
67445,58.0
67701,58.0
69017,58.0
70404,58.0
71004,58.0
72630,58.0
77210,58.0
81599,58.0
82156,58.0
82217,58.0
82692,58.0
85602,58.0
86910,58.0
87578,58.0
87676,58.0
88382,58.0
88592,478.0
89116,58.0
89542,58.0
91282,58.0
92418,58.0
94269,58.0
95044,490.0
99061,58.0
99159,205.45
99715,58.0
99823,58.0
100853,58.0
101117,120.0
101718,58.0
102805,58.0
104806,58.0
106035,58.0
110554,58.0
111797,123.0
112118,58.0
115966,58.0
116457,58.0
117615,58.0
119046,136.0
119737,58.0
119929,58.0
121582,58.0
122315,58.0
124803,58.0
61128,58.03
29937,234.19
51838,58.19
77343,58.3
94403,222.32
68396,117.13
16281,58.45
19156,58.45
45774,58.45
6378,58.5
30945,58.5
32717,58.5
37768,58.5
47023,143.5
54890,58.5
56765,58.5
59965,58.5
68910,58.5
84075,58.5
97236,119.68
109575,58.5
110553,58.5
113953,58.5
122057,58.5
43817,58.52
22240,58.8
29663,377.8
36256,58.8
37323,58.8
92995,58.8
10983,58.84
33998,58.91
18600,58.95
31683,58.95
61018,58.95
68273,58.95
82201,58.95
82966,58.95
87474,58.95
104048,58.95
109205,355.95
109530,128.93
13369,58.96
27039,58.96
102004,58.96
5375,58.97
12993,58.97
35948,207.97
116064,58.97
116410,58.97
73815,58.98
16185,58.99
62550,58.99
95956,58.99
105368,58.99
112025,58.99
114738,58.99
119206,253.99
766,186.99
2767,59.0
4416,59.0
4665,59.0
4730,59.0
6132,128.5
7091,59.0
7676,59.0
8100,554.25
8640,258.98
10018,59.0
10047,59.0
10981,59.0
11124,169.0
11199,59.0
12325,59.0
12854,253.0
12994,147.0
15561,154.0
16482,59.0
16929,59.0
17513,59.0
21622,59.0
22197,59.0
22390,137.96
22651,217.75
23829,59.0
24044,59.0
24416,59.0
26100,59.0
28254,59.0
29391,59.0
30066,59.0
30491,131.0
30855,159.0
30880,309.0
31071,59.0
31729,59.0
32542,59.0
33151,59.0
33199,59.0
35033,138.5
35086,59.0
35189,59.0
35332,59.0
36898,59.0
40845,59.0
42126,177.0
43375,59.0
43514,59.0
46065,178.45
48403,59.0
53217,59.0
54019,59.0
54264,397.99
54512,59.0
54995,59.0
56065,208.5
56194,59.0
56704,59.0
56837,59.0
57753,59.0
58876,59.0
59728,59.0
61198,198.99
61463,59.0
62106,59.0
63628,137.0
63669,59.0
63697,59.0
68464,59.0
69348,121.0
71184,162.2
72854,128.0
76058,59.0
76194,59.0
78294,59.0
80061,148.99
80866,59.0
81145,394.66
81769,59.0
85279,59.0
85281,59.0
86986,59.0
87978,59.0
89694,59.0
89896,59.0
90480,59.0
90659,500.0
94168,59.0
95672,125.0
97035,59.0
98933,59.0
99305,59.0
99940,227.28
99978,59.0
100134,153.99
100405,59.0
104234,232.0
104662,59.0
106634,59.0
106935,59.0
107357,59.0
108976,59.0
109756,125.17
111664,247.0
114656,59.0
116030,59.0
118524,59.0
118597,59.0
119417,59.0
122450,59.0
6327,59.11
48927,59.17
39725,59.19
75565,118.77
93528,59.19
107838,59.19
87252,59.22
21082,136.19
23242,59.25
91930,59.4
11360,59.45
11857,161.29
13448,59.45
13720,325.35
14594,59.45
14747,59.45
18738,59.45
26687,59.45
27243,59.45
29546,59.45
32007,59.45
33996,59.45
46121,59.45
72527,59.45
75840,59.45
77180,59.45
90948,59.45
94971,59.45
95285,59.45
116479,324.44
120841,59.45
120956,59.45
121500,59.45
122131,59.45
123841,59.45
13058,59.49
184,59.5
1555,59.5
2623,59.5
3641,59.5
7422,59.5
8250,59.5
8394,59.5
8990,59.5
9420,259.45
11252,59.5
11271,59.5
11296,59.5
11953,59.5
14846,59.5
15595,143.08
17345,59.5
17749,131.5
19960,239.5
21664,59.5
22595,59.5
23495,59.5
23515,124.5
25245,59.5
25974,59.5
26101,59.5
27145,59.5
27346,59.5
29019,59.5
29073,59.5
29741,59.5
29852,59.5
30039,59.5
30446,59.5
30747,59.5
30982,59.5
31546,59.5
32306,318.49
32788,59.5
35379,123.5
36689,59.5
36857,59.5
39768,59.5
39961,234.31
41262,59.5
41355,59.5
41576,59.5
41632,59.5
41769,59.5
43261,59.5
43704,59.5
44819,59.5
45278,59.5
45358,59.5
45439,59.5
46478,146.44
46665,59.5
47706,59.5
48874,59.5
49241,59.5
50098,59.5
50870,59.5
51385,59.5
53940,59.5
54408,59.5
55204,59.5
55452,59.5
56679,124.5
57597,59.5
57701,59.5
58727,59.5
60033,157.5
62640,59.5
63503,59.5
63564,199.48
65739,59.5
65836,59.5
67527,59.5
70168,59.5
70334,59.5
70744,59.5
70785,59.5
71034,59.5
71286,59.5
71522,59.5
71634,59.5
73105,59.5
73171,162.06
73887,119.49
74250,59.5
74342,59.5
75597,59.5
76167,59.5
76344,59.5
78344,59.5
79103,59.5
79939,59.5
80524,144.5
81842,59.5
82390,59.5
82869,59.5
86302,59.5
86382,59.5
87871,59.5
89450,59.5
90647,59.5
91677,59.5
92310,59.5
92594,59.5
94644,59.5
94797,189.49
95316,222.5
96370,59.5
98278,59.5
98795,59.5
98989,59.5
100655,59.5
100749,174.5
102519,59.5
107733,319.47
108465,59.5
109620,59.5
110532,59.5
112029,59.5
113738,59.5
114052,119.5
114550,269.5
116801,59.5
116892,59.5
117173,59.5
117711,59.5
118143,59.5
118647,59.5
118798,59.5
119138,295.49
119324,59.5
119562,59.5
120011,59.5
122566,59.5
122659,59.5
123235,59.5
124412,129.45
124596,59.5
19059,59.52
52779,59.52
109654,59.52
14372,59.57
56903,59.57
109592,59.57
45155,59.58
105995,59.58
114177,59.63
9903,129.65
72203,59.88
16007,59.9
20155,59.9
48592,59.9
65915,59.9
71514,192.85
82749,59.9
99235,59.9
103631,148.9
124878,59.9
53976,59.93
1203,59.95
1204,59.95
4213,196.95
7928,59.95
11374,59.95
15451,59.95
17354,59.95
18896,1032.95
19064,59.95
19983,59.95
20572,59.95
23960,59.95
24536,59.95
25249,147.95
27213,59.95
28703,59.95
31857,59.95
37070,275.07
38508,59.95
39039,59.95
41247,129.85
42991,59.95
44373,59.95
53236,59.95
53914,59.95
54350,59.95
57208,59.95
59107,59.95
69127,59.95
69627,139.94
70781,59.95
72462,191.94
74187,59.95
76370,119.94
76919,59.95
80039,165.21
80508,59.95
85541,59.95
85724,59.95
86922,59.95
87736,177.95
91241,59.95
94071,135.95
96998,59.95
97482,59.95
98581,59.95
103635,59.95
103717,224.95
105539,349.94
105989,59.95
106528,59.95
110660,59.95
112208,123.95
114339,59.95
115204,59.95
122985,59.95
42251,59.96
19401,59.97
39766,59.97
46926,59.97
48943,257.97
3328,59.98
4734,59.98
55708,59.98
74500,59.98
84795,59.98
112121,59.98
113967,59.98
116741,59.98
642,129.49
1082,59.99
2449,59.99
4282,59.99
5700,59.99
6538,149.99
7155,59.99
7850,59.99
8013,121.99
8141,59.99
8583,59.99
8811,59.99
8824,59.99
9574,59.99
10616,59.99
11723,59.99
12160,59.99
12542,59.99
12669,144.57
12971,59.99
13318,59.99
13541,59.99
14094,150.03
14175,59.99
14534,59.99
15366,59.99
16064,59.99
16658,59.99
16816,59.99
17043,59.99
17088,127.99
17545,179.98
18408,59.99
18454,59.99
19222,199.49
19915,59.99
20665,59.99
22851,157.99
24250,59.99
24446,59.99
24963,59.99
25082,59.99
25246,59.99
25568,119.99
26125,59.99
26608,59.99
28709,59.99
29057,59.99
29843,59.99
29956,59.99
30211,59.99
30804,59.99
30937,59.99
31417,59.99
32530,59.99
32587,154.73
33508,159.98
33578,59.99
33796,59.99
35791,182.59
37195,59.99
38260,59.99
39176,59.99
39710,59.99
40064,59.99
40091,59.99
41010,59.99
41060,59.99
41192,59.99
42279,59.99
43284,355.99
43318,59.99
44384,59.99
45238,59.99
46770,59.99
49490,59.99
50141,59.99
52369,59.99
52921,59.99
53296,59.99
53363,59.99
53966,59.99
54469,59.99
54900,59.99
55013,59.99
55070,59.99
57045,238.99
57232,59.99
57399,59.99
60168,59.99
63166,59.99
63480,59.99
63737,59.99
64135,59.99
64364,59.99
64699,59.99
65934,59.99
66032,59.99
67337,253.99
67768,59.99
67888,248.99
67908,59.99
68875,59.99
69945,59.99
70101,137.99
70170,59.99
70580,59.99
71112,257.49
71397,59.99
74258,59.99
75593,59.99
76147,59.99
76365,157.99
77317,59.99
77884,59.99
77928,187.99
78662,59.99
79445,59.99
79694,59.99
79720,59.99
80444,59.99
80533,59.99
80777,59.99
82227,59.99
82788,59.99
84839,154.98
85481,123.99
86643,119.98
87368,59.99
87915,59.99
87955,259.98
89698,59.99
89787,59.99
91504,59.99
91782,59.99
95017,157.99
95566,149.49
96997,148.99
97138,59.99
97559,59.99
97746,59.99
97979,59.99
100925,59.99
101720,59.99
101989,468.79
102002,59.99
102677,59.99
103172,59.99
104326,59.99
104498,59.99
106198,59.99
107631,59.99
108055,59.99
108412,59.99
109838,59.99
112268,59.99
112655,59.99
112670,59.99
112724,59.99
113668,59.99
113782,59.99
114925,159.99
115707,59.99
116394,138.99
116987,59.99
117250,199.99
119413,59.99
119646,59.99
120724,59.99
122676,59.99
123200,59.99
124395,59.99
925,60.0
1228,169.95
1416,60.0
2151,60.0
3141,60.0
3330,60.0
3672,60.0
3727,60.0
5100,60.0
5815,60.0
6861,60.0
8326,60.0
8373,60.0
8482,139.99
9792,189.99
10076,60.0
11068,60.0
14107,60.0
14221,60.0
15025,60.0
17493,169.99
19691,60.0
20971,60.0
22066,60.0
22183,60.0
22695,60.0
22816,60.0
23482,60.0
23662,60.0
24154,60.0
24719,60.0
27538,60.0
27728,60.0
27931,60.0
30265,60.0
30664,60.0
31151,60.0
33468,60.0
35857,60.0
36194,60.0
36901,60.0
37009,60.0
37272,236.0
38185,60.0
38881,60.0
40127,60.0
40677,60.0
40955,60.0
44441,60.0
44442,142.0
44787,60.0
45149,963.0
45579,60.0
45626,60.0
47492,60.0
47959,60.0
48158,232.2
48542,60.0
49082,60.0
49917,60.0
51626,193.0
53919,60.0
56148,60.0
57147,60.0
57685,60.0
57878,201.9
58065,60.0
58068,278.0
58325,60.0
58925,60.0
60462,60.0
61350,60.0
61707,60.0
62097,60.0
62384,60.0
62952,346.0
63723,60.0
63796,60.0
63960,60.0
64548,60.0
64777,60.0
66920,60.0
67086,60.0
67476,60.0
68082,60.0
68283,60.0
68659,60.0
68765,60.0
72993,60.0
73649,60.0
74063,465.0
74301,60.0
74551,60.0
75695,60.0
76556,60.0
76968,60.0
76989,129.5
78128,60.0
81485,158.0
82694,60.0
85029,60.0
86261,710.0
87070,60.0
90635,60.0
90787,60.0
94209,60.0
95598,60.0
96055,60.0
96418,60.0
97299,60.0
97472,60.0
98491,60.0
99364,60.0
99460,129.5
100716,60.0
100970,60.0
101903,374.09
102255,60.0
103358,60.0
104614,124.0
105240,60.0
105595,60.0
106266,60.0
107801,60.0
107863,123.99
108567,60.0
108785,60.0
109051,159.0
109507,60.0
109613,60.0
109815,60.0
110513,60.0
110612,60.0
110736,60.0
111458,60.0
111656,60.0
111758,134.95
112088,60.0
113184,60.0
113820,60.0
114451,60.0
115469,60.0
116627,60.0
116651,60.0
117220,238.0
117866,124.45
118672,60.0
118937,60.0
119702,60.0
123102,60.0
111976,125.03
119355,60.08
81127,60.09
115002,60.09
24492,200.09
38354,60.11
41836,60.15
92972,60.15
49058,132.17
76265,184.17
90196,124.17
96781,60.27
95492,60.3
110425,60.3
76118,60.32
67783,144.39
74725,60.39
56912,60.52
59519,60.56
105,60.95
22269,160.95
29649,60.95
42134,60.95
84417,60.95
120302,60.95
438,60.97
63345,60.97
69640,60.97
114041,60.97
31656,60.99
41848,60.99
45445,60.99
50844,60.99
58343,60.99
81589,60.99
17524,209.99
25109,61.0
48946,61.0
90199,61.0
93647,61.0
96486,185.0
108406,61.0
13168,126.15
8985,61.18
118808,61.18
17876,61.31
112248,61.31
65659,61.37
107118,61.37
58090,215.45
109812,61.5
116828,61.5
115680,61.6
4106,61.74
6393,61.74
9359,61.74
81708,261.24
57751,61.75
3091,61.78
10872,61.78
54457,61.78
69562,61.79
96555,61.79
111868,61.79
68516,61.9
73553,61.9
83613,61.9
6805,61.95
14715,61.95
41189,61.95
45016,61.95
77338,61.95
85069,61.95
88434,61.95
102623,61.95
40578,190.98
44399,61.98
63611,61.99
74321,137.48
113376,61.99
312,221.0
2215,62.0
2774,62.0
3367,62.0
3424,62.0
4039,62.0
10159,390.95
11427,62.0
11850,154.0
15293,62.0
16480,131.5
18059,62.0
22838,62.0
25294,62.0
25815,62.0
26820,62.0
28311,62.0
28315,62.0
30875,62.0
32861,62.0
33906,62.0
35283,62.0
35872,62.0
37218,62.0
40104,160.08
43752,62.0
45601,62.0
47285,62.0
53782,62.0
54448,62.0
55366,62.0
55487,62.0
56814,62.0
57362,62.0
59449,62.0
60162,62.0
64426,62.0
64973,62.0
65112,62.0
65262,62.0
66987,62.0
68127,141.99
68636,62.0
72405,62.0
74380,62.0
74408,62.0
75853,62.0
76710,62.0
77001,62.0
79591,62.0
79616,62.0
81200,62.0
83563,62.0
83915,62.0
86354,62.0
88022,165.18
88961,62.0
91386,62.0
91718,62.0
92461,62.0
92468,244.0
94750,62.0
95491,62.0
96668,140.0
102637,62.0
102849,196.95
103118,62.0
105100,62.0
105946,62.0
106000,62.0
107410,62.0
107505,62.0
107759,176.99
108419,62.0
110187,62.0
110277,62.0
111420,62.0
113175,62.0
116951,62.0
117057,160.0
117127,62.0
118980,408.0
120968,62.0
122072,62.0
122957,261.0
124221,62.0
124313,62.0
59111,141.07
114206,132.06
15099,62.1
60961,151.83
4343,62.36
12565,62.36
19624,62.36
63310,62.36
66611,62.36
84568,62.36
110935,62.36
112636,62.36
122359,62.36
15761,62.4
43062,279.96
71087,62.51
120468,62.51
40137,62.63
53832,62.63
38942,130.68
33297,62.69
99653,62.7
116328,62.7
102845,62.73
7242,196.33
42264,62.84
75912,62.84
93460,62.84
22649,62.89
105192,62.89
124760,62.89
28295,62.91
67567,62.95
79151,62.95
100570,62.95
111117,62.95
115760,62.95
26191,134.97
69554,62.97
69914,62.97
19444,142.49
26218,62.99
27206,62.99
30715,62.99
44731,62.99
78149,181.99
78282,152.99
117475,62.99
550,63.0
7841,63.0
12116,63.0
18693,63.0
39584,63.0
46535,63.0
61327,63.0
75362,63.0
84498,63.0
92189,128.17
99855,63.0
100196,63.0
102052,63.0
104391,222.99
104731,63.0
44372,63.18
78972,63.18
89444,63.18
95062,63.18
96392,63.18
100904,141.33
25567,63.56
42768,63.56
48357,63.56
88375,63.56
101836,63.56
34141,63.6
38150,63.6
39813,63.6
51180,63.6
81278,138.6
102622,63.6
114287,63.65
10536,63.67
81910,63.74
112310,63.74
117089,143.82
41566,63.95
123889,63.95
41827,143.96
69653,63.97
26922,63.98
52875,63.98
68067,231.98
68815,63.98
95799,63.98
112990,128.91
10501,63.99
11431,63.99
18688,63.99
19110,63.99
22903,63.99
26335,63.99
47097,63.99
47911,63.99
49360,63.99
50031,63.99
72857,63.99
79259,63.99
79354,63.99
93722,63.99
100176,63.99
106390,63.99
110180,63.99
110223,63.99
118567,63.99
993,64.0
2809,64.0
3150,283.0
3472,64.0
6184,64.0
7963,64.0
13345,64.0
13727,64.0
19180,64.0
19787,64.0
19812,64.0
21538,64.0
22733,64.0
22961,64.0
24378,362.0
25668,64.0
30852,64.0
30924,152.0
32353,64.0
33589,64.0
35443,64.0
41270,143.0
41523,229.0
42695,64.0
46429,64.0
49825,206.8
53917,64.0
54866,64.0
55467,64.0
57226,64.0
57390,64.0
57928,64.0
71509,64.0
76935,64.0
77153,64.0
79406,64.0
80536,64.0
84297,64.0
89563,64.0
90081,64.0
91652,64.0
92365,64.0
93414,64.0
96210,334.0
97095,64.0
105945,64.0
109460,64.0
109727,64.0
110602,212.0
111821,149.0
114290,64.0
115858,64.0
116787,64.0
119344,64.0
125061,64.0
73256,64.14
106234,359.35
24935,447.4
50423,64.4
52912,64.4
102886,234.39
54383,64.45
104137,140.05
104899,64.45
13616,64.47
62067,64.47
85361,64.47
8866,133.5
24933,64.5
26240,64.5
27047,250.45
35915,64.5
38170,64.5
38727,64.5
39403,64.5
44216,64.5
50569,64.5
53978,64.5
69401,64.5
70171,64.5
72105,403.5
72589,64.5
90953,64.5
101761,64.5
106554,64.5
113474,64.5
116456,213.5
75024,64.58
95897,64.58
12292,64.63
57389,64.69
65098,152.8
91081,64.8
106825,64.8
17693,64.88
28137,64.9
68997,64.9
6316,64.93
61119,64.93
96810,64.93
100190,64.93
115401,64.93
3616,194.94
5712,64.95
8875,64.95
16284,64.95
16941,64.95
19239,64.95
26441,64.95
28358,154.9
29639,134.94
30113,164.94
30238,64.95
30558,64.95
33672,64.95
34307,64.95
47634,64.95
53821,64.95
53845,64.95
55822,64.95
58847,64.95
65771,64.95
67270,64.95
68941,64.95
70271,424.44
70386,64.95
72336,64.95
72658,64.95
74938,64.95
75407,64.95
79531,64.95
79579,138.67
81740,64.95
82554,64.95
84427,64.95
85616,64.95
89187,64.95
90285,64.95
90416,64.95
90913,64.95
92892,64.95
93694,64.95
100224,64.95
102325,64.95
103304,64.95
107966,64.95
116711,64.95
119095,64.95
120270,64.95
120466,64.95
120520,64.95
121524,64.95
125090,64.95
859,64.99
1212,64.99
1854,64.99
2675,64.99
3256,64.99
4646,64.99
6958,208.99
7410,64.99
12109,64.99
12972,363.99
13459,64.99
13907,64.99
15142,134.98
15275,64.99
15340,64.99
17006,140.99
17021,178.89
19385,64.99
21747,64.99
24866,64.99
25283,64.99
29247,64.99
29326,64.99
29747,138.99
29986,184.99
30962,64.99
31162,64.99
32317,204.98
34584,64.99
36103,64.99
37950,64.99
39926,64.99
47396,64.99
48877,64.99
48925,64.99
52067,64.99
55203,64.99
59833,64.99
59844,64.99
62060,64.99
63848,64.99
64429,64.99
70314,64.99
70702,64.99
72936,64.99
74716,64.99
75745,64.99
76161,175.98
78259,64.99
80132,64.99
82720,64.99
84038,64.99
90696,64.99
91251,64.99
98369,64.99
99000,64.99
102090,64.99
104281,64.99
111010,64.99
112131,64.99
112144,163.99
114215,64.99
118929,64.99
119249,64.99
120259,144.44
124460,152.99
125076,64.99
3452,65.0
3479,65.0
3560,65.0
4070,65.0
4573,65.0
5047,65.0
5311,65.0
5494,65.0
5606,65.0
6657,65.0
7009,65.0
7065,289.99
7067,65.0
7112,65.0
7610,65.0
7793,65.0
8061,65.0
9925,65.0
10952,65.0
11241,65.0
11256,65.0
12878,174.99
13220,65.0
14197,65.0
14224,65.0
14290,65.0
14337,144.95
14416,65.0
14691,137.0
15333,65.0
17229,65.0
17833,65.0
18544,65.0
18684,65.0
18716,134.99
19022,175.0
19520,168.5
20903,968.0
21233,65.0
21714,134.99
24354,65.0
24995,1055.0
25965,65.0
26122,65.0
28579,65.0
29975,65.0
31297,65.0
31407,65.0
31912,65.0
32096,65.0
34085,65.0
34132,65.0
34383,65.0
35579,65.0
35610,65.0
36198,244.95
36629,65.0
36814,65.0
37053,65.0
37741,65.0
38499,65.0
39002,65.0
39820,65.0
42023,65.0
42677,65.0
43160,65.0
43201,65.0
43595,65.0
43725,65.0
44282,65.0
44306,225.0
45078,65.0
45081,65.0
45703,65.0
46799,65.0
47574,65.0
48097,65.0
48746,65.0
49276,65.0
49350,65.0
50550,65.0
51646,65.0
51655,65.0
52132,65.0
53071,65.0
58156,65.0
59592,65.0
59607,65.0
59885,65.0
60943,515.0
61187,65.0
61334,65.0
63272,65.0
63356,65.0
63592,215.75
64130,65.0
64460,214.0
64584,315.0
66450,65.0
66930,65.0
67280,65.0
67423,65.0
67684,65.0
69248,65.0
70224,347.0
70277,65.0
72811,164.99
72824,65.0
73966,65.0
74054,65.0
74062,65.0
74611,134.95
75865,65.0
76073,65.0
76569,65.0
76913,65.0
77423,65.0
78279,65.0
80604,65.0
81380,65.0
81694,65.0
81707,504.49
82005,224.45
84225,65.0
85222,65.0
85966,65.0
86030,65.0
86078,65.0
87266,65.0
88528,65.0
89041,65.0
89277,65.0
89434,240.0
91049,65.0
91608,65.0
92755,65.0
92961,65.0
93246,65.0
93805,65.0
95344,65.0
95479,65.0
95606,65.0
96211,65.0
96277,65.0
97911,65.0
97974,65.0
98014,65.0
99640,65.0
100141,65.0
100927,65.0
101787,65.0
103577,65.0
103710,65.0
104054,65.0
104110,65.0
105652,65.0
106497,65.0
106517,65.0
107967,65.0
109388,65.0
109810,65.0
114787,65.0
114987,65.0
115271,65.0
116272,65.0
116366,65.0
116758,134.99
117713,65.0
118043,65.0
118907,144.0
119076,65.0
119173,65.0
119281,65.0
120408,65.0
121535,65.0
123074,65.0
123325,433.0
123408,65.0
123527,65.0
124034,65.0
125035,327.24
125065,65.0
93843,65.13
98170,65.13
58514,65.14
86524,65.14
34531,65.17
40501,134.17
69270,65.21
76775,135.21
3127,65.25
108667,65.25
71242,65.3
100874,174.3
122398,65.35
69122,65.4
74775,149.37
76625,65.4
87701,65.4
94343,65.4
37678,175.38
88101,65.43
123289,65.43
21445,65.44
71665,65.6
9961,65.61
28098,65.66
43138,65.66
82328,65.66
43113,65.84
49718,65.9
97042,65.9
104259,65.9
120668,65.9
9181,65.95
21837,65.95
54561,65.95
62054,228.95
70100,204.95
22329,65.99
53741,65.99
66274,65.99
87570,65.99
92169,140.99
119736,135.97
120531,65.99
515,66.0
8385,66.0
14590,66.0
14942,66.0
16144,66.0
16520,66.0
22378,66.0
29804,236.0
30329,66.0
33171,66.0
34263,66.0
37287,66.0
38880,66.0
41265,66.0
46442,66.0
53530,66.0
54680,66.0
55408,66.0
61207,66.0
72097,138.0
80765,66.0
83794,66.0
84675,66.0
85259,66.0
85678,66.0
91040,66.0
96219,66.0
100813,66.0
101726,66.0
107220,66.0
108853,66.0
110706,66.0
112702,66.0
119837,66.0
123640,66.0
123719,66.0
116131,66.05
103658,66.13
44902,66.17
73401,66.17
103791,66.17
17123,66.21
40534,66.21
74466,66.21
80033,66.21
88717,195.28
30413,66.33
101581,66.33
112241,66.33
21120,66.5
24516,66.5
25940,66.5
29325,66.5
30357,260.0
32857,66.5
58985,66.5
72975,66.5
74488,66.5
121564,66.5
72618,66.6
85560,66.6
100321,66.65
12585,66.7
47845,66.7
61422,66.7
70324,66.7
102321,66.7
97492,66.95
16203,66.96
113959,66.96
44110,66.99
62528,66.99
68053,66.99
86789,309.28
105789,66.99
113119,66.99
7993,195.0
15019,146.0
36230,67.0
45617,67.0
50802,67.0
58273,67.0
73543,67.0
95262,67.0
83835,67.2
20763,67.22
41962,67.22
44422,67.22
88633,67.22
124829,67.24
121890,67.37
87316,67.4
88688,67.4
109889,67.4
15693,67.44
12889,67.47
28120,67.47
40476,67.47
61661,67.47
106122,67.47
117405,67.47
104406,67.5
20135,67.81
4874,67.91
26474,67.91
95449,67.92
29407,67.93
69382,67.93
94171,67.93
109558,67.95
75125,67.98
23,67.99
474,67.99
9472,67.99
26260,67.99
37209,67.99
41826,67.99
58580,67.99
65979,67.99
69766,67.99
72732,67.99
78091,203.87
88672,67.99
89548,67.99
106701,67.99
111691,191.99
113428,67.99
120501,67.99
124147,67.99
1179,167.5
2602,68.0
4561,68.0
5451,137.99
5793,68.0
7564,68.0
11073,68.0
12094,68.0
12119,68.0
13456,68.0
14274,68.0
14669,68.0
14675,68.0
14785,68.0
17996,68.0
21483,68.0
22323,68.0
27710,157.99
29563,68.0
31128,68.0
31970,68.0
32172,68.0
35335,227.6
35444,68.0
35543,68.0
37545,143.6
38384,152.99
40751,68.0
41106,333.0
41225,68.0
44492,68.0
44758,68.0
47423,68.0
50221,68.0
50257,247.0
51137,68.0
51459,68.0
53402,68.0
53800,245.5
54215,68.0
54600,68.0
57076,68.0
57566,198.0
57582,68.0
57906,68.0
62299,68.0
62795,68.0
65269,68.0
66146,68.0
67402,68.0
69349,68.0
70078,68.0
70818,68.0
70856,137.99
71118,68.0
71569,148.0
72713,68.0
73403,68.0
76651,68.0
78224,68.0
78396,68.0
80429,68.0
82066,68.0
83999,68.0
87047,213.0
87493,68.0
89572,153.0
93550,166.0
95276,68.0
97524,68.0
102492,68.0
102979,68.0
104461,68.0
106576,68.0
106931,68.0
107867,335.0
108282,68.0
108486,151.4
109414,68.0
109511,68.0
110099,68.0
113196,137.0
113546,244.0
116727,68.0
117571,68.0
118130,68.0
118200,68.0
119499,68.0
120097,68.0
120243,68.0
121000,68.0
121055,68.0
121541,68.0
121696,142.0
122376,68.0
123430,68.0
124458,68.0
6858,68.01
88009,186.13
56420,68.32
85218,68.48
90115,393.5
11344,207.53
17968,68.53
1497,68.6
46971,68.6
93618,68.6
100042,147.55
120918,68.6
122759,68.6
63725,437.61
97354,396.11
15210,68.65
16433,68.65
19151,68.65
31707,68.65
31848,68.65
38244,68.65
68406,68.65
99932,68.65
100743,68.65
101841,68.65
109139,68.65
109369,68.65
109473,68.65
111679,68.65
65607,68.69
10380,68.71
40298,68.71
43472,68.71
50944,216.72
93074,148.3
96196,68.8
20081,68.83
20699,68.83
28280,227.19
109395,68.88
121802,68.9
13542,258.45
94959,68.95
124733,187.53
17506,68.96
33455,68.96
67132,68.96
85607,68.96
94387,68.96
101500,178.95
113733,68.96
118830,68.96
29205,68.97
30733,68.97
42615,68.97
45471,68.97
103815,68.97
2970,68.99
11798,167.99
26263,68.99
28539,68.99
62872,68.99
83033,68.99
110245,68.99
117207,68.99
2949,69.0
4240,69.0
5242,69.0
7204,69.0
8877,69.0
11923,69.0
12280,69.0
13157,69.0
14328,69.0
18053,69.0
18758,143.99
18954,69.0
21217,69.0
21252,69.0
22553,69.0
23072,69.0
23688,157.0
24310,223.98
25648,69.0
27889,69.0
28320,69.0
30635,69.0
31654,69.0
32900,69.0
36082,69.0
37014,69.0
37968,69.0
38199,69.0
38571,69.0
38928,69.0
41440,69.0
42058,69.0
42471,188.0
42492,69.0
43009,69.0
44166,69.0
44722,69.0
46448,205.0
46973,69.0
47981,69.0
48202,276.95
50444,69.0
52725,69.0
53555,69.0
54911,69.0
56468,69.0
58371,237.0
58428,69.0
58834,69.0
61244,69.0
61433,152.76
62303,69.0
63034,69.0
63046,69.0
63780,69.0
64046,69.0
65016,312.0
67081,69.0
67200,69.0
67529,69.0
67694,69.0
68045,69.0
68714,69.0
71983,227.0
73044,69.0
73355,149.0
75096,69.0
75380,69.0
75800,69.0
75843,69.0
77031,197.0
77243,69.0
77378,69.0
79175,69.0
80102,150.4
81780,69.0
82255,69.0
82512,69.0
84373,69.0
85219,69.0
85572,69.0
85741,69.0
86401,69.0
86887,69.0
86993,69.0
89134,370.13
97120,69.0
97382,69.0
97780,69.0
98439,69.0
98475,69.0
99074,69.0
99535,148.0
102401,69.0
105340,69.0
105973,168.0
106099,69.0
106229,69.0
106672,69.0
107238,69.0
107688,69.0
108984,69.0
109045,218.0
111534,154.0
111907,69.0
112191,69.0
114040,69.0
114768,69.0
115033,238.99
116021,69.0
117709,69.0
118234,148.95
118756,69.0
120206,167.0
124707,69.0
26401,69.16
70450,69.16
92919,69.16
6015,69.2
13489,69.2
117090,69.21
30739,69.24
15358,69.3
30237,69.3
83817,69.3
111926,69.3
112849,69.3
116533,69.3
124312,167.3
4732,69.35
19932,69.45
34346,69.45
34556,219.4
60974,69.45
72066,69.45
39596,69.46
102037,149.41
56887,69.48
36,69.5
798,69.5
1412,69.5
2280,69.5
3759,69.5
4300,69.5
5071,69.5
5678,149.49
5707,69.5
7188,69.5
7424,69.5
7722,69.5
8146,69.5
8627,69.5
9746,69.5
10886,69.5
11237,69.5
12492,69.5
12874,69.5
13677,273.49
15972,69.5
17600,69.5
19558,69.5
22023,149.49
23273,69.5
23419,69.5
25192,69.5
26184,69.5
26513,69.5
26969,69.5
26972,69.5
28421,69.5
28652,69.5
28837,69.5
29304,69.5
30740,69.5
31187,69.5
31252,69.5
31618,69.5
31956,69.5
32531,69.5
32655,69.5
32768,218.5
34551,69.5
36330,69.5
37433,69.5
37951,69.5
39489,199.49
40665,69.5
41553,69.5
42150,69.5
45599,69.5
45760,69.5
46009,69.5
49118,69.5
49155,158.5
49477,69.5
49554,69.5
50580,69.5
52281,69.5
52611,69.5
53387,69.5
54331,69.5
56314,157.5
56403,69.5
57085,69.5
57611,69.5
58390,69.5
59083,142.5
59995,69.5
61404,69.5
61680,69.5
62677,69.5
64240,69.5
69071,69.5
71074,69.5
71506,69.5
72322,69.5
74456,69.5
75097,69.5
78016,69.5
78210,69.5
78274,149.5
78978,69.5
79156,69.5
79159,69.5
79806,233.45
81963,69.5
83580,69.5
85643,146.49
85956,69.5
88466,69.5
92803,69.5
93085,174.0
93830,69.5
96752,69.5
97923,69.5
98738,69.5
98899,69.5
99254,69.5
100619,69.5
104027,69.5
104534,69.5
104591,69.5
108859,69.5
109731,69.5
110924,69.5
110985,69.5
111608,69.5
111914,211.72
112504,69.5
112781,69.5
113829,69.5
113885,69.5
115362,69.5
118559,69.5
121455,247.5
122992,69.5
124065,69.5
124867,69.5
125082,69.5
37766,69.59
72250,69.67
83083,69.67
8582,69.83
43011,69.83
77977,69.83
75386,249.86
18794,69.88
29837,69.9
37531,69.9
40270,69.9
42373,69.9
46713,69.9
87072,69.9
97152,69.9
151,69.95
729,235.95
1163,69.95
1241,69.95
1334,349.9
2025,69.95
2749,69.95
3910,69.95
5883,69.95
9062,69.95
13158,69.95
16400,69.95
17111,69.95
19599,266.13
19944,69.95
22326,259.9
29417,147.79
29912,69.95
30577,69.95
31641,69.95
31868,69.95
32182,69.95
32362,69.95
33761,139.94
34231,69.95
34604,69.95
34959,69.95
38900,69.95
39507,69.95
39577,69.95
41131,179.17
41393,69.95
44346,69.95
45418,142.89
45603,69.95
46409,69.95
46443,69.95
46459,69.95
47750,69.95
48155,247.94
48829,69.95
49250,69.95
54905,69.95
54925,69.95
55826,350.95
57159,69.95
57234,69.95
60008,69.95
62860,69.95
63985,69.95
64398,69.95
65670,69.95
65833,69.95
68608,69.95
69679,69.95
69872,69.95
70428,69.95
76473,69.95
77142,69.95
79905,69.95
80391,302.8
87447,69.95
93263,445.8
94002,69.95
94745,69.95
101559,69.95
103835,69.95
104163,69.95
104738,69.95
108336,193.95
109386,268.95
109699,69.95
110077,69.95
111733,69.95
112372,69.95
112514,69.95
112795,69.95
114749,69.95
114956,69.95
115980,69.95
117561,69.95
119519,177.95
120118,407.95
122119,69.95
123164,167.95
125051,69.95
10244,69.96
114958,69.97
121058,69.97
1663,69.98
2246,69.98
12138,69.98
25220,69.98
28165,69.98
28857,69.98
30514,69.98
32766,69.98
38515,69.98
39557,69.98
48044,69.98
51548,69.98
66073,221.98
98995,143.69
112392,69.98
113399,69.98
293,69.99
2364,69.99
2856,147.98
3370,69.99
3383,69.99
7237,69.99
7250,69.99
8815,69.99
9308,69.99
11801,69.99
12067,149.94
15044,69.99
15352,159.99
16370,69.99
16806,69.99
16839,69.99
18960,69.99
19126,69.99
22091,69.99
23466,158.99
27140,69.99
27469,69.99
28284,69.99
28782,69.99
29796,69.99
30991,69.99
31544,69.99
31591,69.99
31977,69.99
32930,69.99
34816,69.99
35162,69.99
37103,69.99
38714,69.99
39104,69.99
39528,69.99
40505,69.99
41009,69.99
42470,69.99
45183,69.99
46351,69.99
52083,154.99
54310,69.99
55119,69.99
57470,69.99
57818,69.99
60774,69.99
61112,169.98
64105,69.99
64486,69.99
67380,69.99
67876,158.76
68899,69.99
69955,275.99
71022,69.99
72179,69.99
72557,232.88
77659,69.99
77672,424.69
80261,69.99
80312,69.99
81006,69.99
81943,69.99
82068,167.99
83125,69.99
84932,69.99
89299,69.99
89923,69.99
91948,69.99
92425,69.99
94100,69.99
94552,69.99
96002,69.99
98179,69.99
100069,69.99
102896,69.99
103368,69.99
103567,69.99
104698,69.99
106917,69.99
107884,69.99
108381,69.99
109367,69.99
109779,69.99
110269,179.99
113286,69.99
114020,69.99
114461,69.99
115137,69.99
115408,69.99
115529,69.99
115784,69.99
121080,143.91
121319,69.99
122295,69.99
710,70.0
1572,70.0
1832,70.0
5104,70.0
6492,70.0
13199,70.0
13244,145.73
14660,70.0
14829,70.0
15082,70.0
15430,70.0
16638,70.0
23437,70.0
24572,389.99
26001,70.0
26049,70.0
26141,265.72
28127,70.0
33429,70.0
35643,70.0
36367,70.0
40546,70.0
41627,70.0
42097,155.0
43301,70.0
43729,70.0
44018,70.0
47554,70.0
50945,319.99
51153,70.0
51515,70.0
52065,70.0
53320,70.0
57665,70.0
58172,70.0
58489,70.0
58745,70.0
59560,70.0
62405,70.0
62501,70.0
65012,70.0
65068,70.0
66893,70.0
67491,70.0
67978,70.0
70529,70.0
70955,70.0
71954,70.0
73799,70.0
75888,70.0
78660,70.0
79757,70.0
80771,70.0
81250,70.0
82146,70.0
83001,70.0
83312,70.0
84241,70.0
85883,148.75
86829,70.0
87009,70.0
87314,70.0
87454,70.0
93556,70.0
95122,70.0
97202,70.0
98784,70.0
101169,539.5
101195,70.0
102507,144.95
105093,70.0
110567,70.0
118322,169.0
119959,70.0
120376,207.5
120478,167.47
121820,70.0
124593,70.0
21575,70.16
1314,70.35
30756,70.35
61085,70.35
117712,70.35
91263,70.4
25745,70.59
58937,70.68
72711,70.68
67354,70.74
77950,70.74
52210,169.77
103752,70.77
17232,70.95
71348,70.95
115685,70.95
75230,265.99
119044,70.99
97,71.0
53160,71.0
56225,71.0
64921,71.0
68947,71.0
103186,71.0
37987,71.02
59871,71.25
119088,71.25
78830,71.44
11510,71.47
88081,71.47
110107,71.47
25998,71.75
13767,71.8
101663,71.8
56397,71.9
4649,71.95
11797,71.95
52833,71.95
75637,71.95
104555,71.95
91780,71.99
107456,71.99
107903,71.99
2340,72.0
4674,72.0
5298,72.0
6535,72.0
7430,72.0
8102,72.0
12794,72.0
13361,72.0
16534,72.0
16961,167.0
17579,72.0
18232,72.0
19645,72.0
21034,72.0
22257,72.0
23213,72.0
25006,72.0
29904,72.0
30768,72.0
35552,72.0
35611,72.0
35802,72.0
37576,72.0
50986,253.5
52250,72.0
59769,72.0
61291,72.0
67741,275.75
68598,72.0
70924,151.99
71350,72.0
76054,72.0
77308,72.0
80927,72.0
82492,162.01
83800,161.99
85733,72.0
91563,72.0
93663,72.0
97592,72.0
100803,72.0
103591,72.0
107425,72.0
107868,72.0
115992,72.0
116008,72.0
122930,72.0
296,72.14
72580,72.14
75187,72.14
54597,72.19
18211,72.23
23583,192.37
31367,72.37
55189,72.37
67636,72.37
39339,192.49
69302,72.49
121120,212.49
4616,72.5
52273,72.5
111925,72.5
8271,72.58
58883,72.58
75664,72.6
108102,72.6
14076,72.7
24668,242.69
71767,72.75
121024,268.52
66053,72.78
32940,178.8
115949,72.95
114059,72.96
39400,72.98
49893,72.98
12481,72.99
19606,72.99
80340,72.99
92383,72.99
25622,73.0
32092,73.0
37524,73.0
62951,73.0
63807,73.0
75677,153.0
100012,73.0
7007,332.31
80286,73.42
2452,73.43
58559,73.43
38023,73.48
67111,73.48
22732,73.5
78296,260.5
55040,73.55
37134,73.6
46756,73.63
39035,73.71
44824,152.71
76029,73.71
82826,73.72
3579,148.91
52618,73.92
62965,73.96
108416,73.97
33471,73.98
85414,73.98
2467,73.99
4355,73.99
10639,73.99
22003,73.99
41085,73.99
55081,73.99
85246,247.94
88232,73.99
115011,73.99
118324,73.99
118440,73.99
121282,177.9
1194,193.5
6203,74.0
8019,74.0
8070,74.0
8113,74.0
9659,74.0
17573,74.0
18748,74.0
19079,74.0
21760,74.0
22500,74.0
25832,74.0
26492,74.0
27314,74.0
30672,74.0
30813,74.0
31747,74.0
35082,74.0
36453,74.0
41064,74.0
42079,74.0
42234,74.0
42418,74.0
45086,74.0
46867,176.9
47655,74.0
50352,223.5
52906,74.0
55348,74.0
55781,222.0
56652,74.0
59147,74.0
62947,74.0
63570,303.0
73255,74.0
75990,74.0
77219,74.0
77302,74.0
83708,74.0
84477,74.0
85084,152.46
85992,74.0
90630,74.0
92578,74.0
94962,74.0
98318,74.0
108430,74.0
110605,74.0
117017,74.0
117187,74.0
56341,216.98
7508,173.25
112140,74.25
19628,164.34
23780,74.34
30483,74.34
56336,74.34
67242,74.34
93408,74.34
94399,74.34
99046,74.34
107795,74.34
99018,74.45
1021,74.5
2417,74.5
3748,74.5
8216,74.5
28031,74.5
30615,74.5
31867,74.5
34256,74.5
36840,74.5
41118,74.5
51456,74.5
60655,74.5
70734,74.5
77541,74.5
81061,74.5
85227,220.75
91893,238.0
102694,74.5
112231,74.5
41447,74.72
49150,74.93
52051,74.93
5613,74.95
8301,163.95
12368,304.94
14365,74.95
17399,74.95
24562,74.95
29825,74.95
29987,152.95
33478,74.95
50105,74.95
50474,74.95
62252,74.95
62601,74.95
76366,74.95
79495,74.95
81123,74.95
82921,74.95
87061,74.95
94718,74.95
111278,74.95
119475,314.94
120428,149.9
120973,74.95
121178,74.95
122133,977.95
122899,74.95
8399,225.97
8720,74.97
50492,371.97
69331,74.97
99210,74.97
22358,74.98
63015,74.98
89003,74.98
21950,74.99
26907,74.99
37146,154.98
45782,74.99
54102,74.99
58754,74.99
62233,156.99
65909,74.99
65982,74.99
67535,164.98
69355,74.99
72018,74.99
84273,74.99
102545,74.99
1571,75.0
6807,75.0
6992,75.0
7151,75.0
8302,358.33
9265,75.0
9581,183.0
10600,75.0
12384,75.0
13725,75.0
16392,75.0
16505,75.0
16737,75.0
16848,279.0
17092,75.0
18448,75.0
18860,75.0
22482,75.0
23071,75.0
23849,75.0
26419,75.0
32558,75.0
32638,75.0
33805,75.0
34109,75.0
35334,75.0
38712,978.0
39135,75.0
39201,75.0
41614,75.0
41894,75.0
42736,75.0
44760,75.0
45740,75.0
47200,75.0
47241,75.0
47889,204.95
50662,75.0
53889,75.0
54355,181.95
54444,75.0
55147,75.0
55554,75.0
55577,75.0
56105,273.0
56781,75.0
57397,75.0
58369,75.0
59568,75.0
62997,75.0
68606,75.0
69007,75.0
69237,75.0
70068,75.0
71866,75.0
73027,75.0
73222,75.0
73829,150.0
74407,75.0
77427,75.0
77744,75.0
78160,75.0
80531,75.0
80665,475.0
81459,75.0
84720,75.0
85367,174.52
85933,75.0
87544,75.0
88329,75.0
89865,254.0
91395,75.0
91721,75.0
95809,75.0
99395,75.0
99585,75.0
101332,75.0
101398,75.0
101426,75.0
101481,75.0
103246,75.0
103933,75.0
105010,75.0
106843,75.0
106993,75.0
107244,75.0
107512,75.0
107684,75.0
110797,75.0
110983,75.0
113317,75.0
115060,75.0
115228,75.0
115710,175.0
117739,75.0
117754,75.0
119146,75.0
121297,75.0
122040,75.0
124639,75.0
124883,75.0
53108,75.07
45650,75.11
56277,75.11
77340,75.11
3429,75.26
79345,75.32
21143,75.47
56768,75.47
102113,173.47
42201,75.48
70251,75.49
102650,170.44
103465,75.49
120482,75.49
97840,75.53
117002,75.53
15317,75.56
103526,75.56
81108,75.57
16909,75.6
31740,75.6
76490,75.6
91063,75.6
87194,75.62
118561,75.62
43052,75.73
96344,75.73
116053,75.73
105301,75.78
4260,75.81
92291,75.81
2673,75.95
43276,75.95
110981,75.95
9790,75.99
27684,263.99
62204,75.99
97215,75.99
10658,76.0
14649,76.0
28653,76.0
39434,76.0
49172,76.0
84174,76.0
95473,76.0
106873,76.0
107705,76.0
107915,76.0
116210,76.0
24704,76.05
117379,76.05
51970,226.08
62152,76.22
76429,76.28
118272,76.28
4491,76.3
56284,76.3
62109,76.3
109239,76.3
103313,76.33
123417,460.78
20074,214.49
26312,76.49
26448,76.49
42410,76.49
105579,76.49
44963,76.5
45512,76.5
63742,76.5
116792,330.49
105685,76.53
115306,76.53
64974,76.73
68372,76.73
120409,76.73
97515,76.94
67533,76.95
30319,76.96
113534,76.96
6193,76.99
37240,76.99
71814,76.99
74509,76.99
74749,76.99
113800,76.99
114225,76.99
7888,77.0
13775,77.0
23542,77.0
50648,195.0
57388,77.0
63840,77.0
122227,77.0
10605,77.04
10895,77.36
84876,77.36
27429,77.4
37137,77.4
109109,77.95
10865,77.99
33312,163.99
38604,77.99
44074,77.99
46804,77.99
56916,77.99
92202,77.99
99839,77.99
111430,77.99
60,196.75
595,78.0
1255,78.0
1899,361.0
2893,78.0
2975,78.0
7599,78.0
8495,78.0
8550,78.0
10833,78.0
13330,78.0
13671,78.0
15083,78.0
16479,78.0
20210,78.0
22134,78.0
22817,78.0
23423,247.0
23672,78.0
25994,78.0
26327,162.0
27187,78.0
27453,78.0
30072,78.0
30630,78.0
31081,78.0
34949,78.0
36046,78.0
37996,176.08
39344,78.0
40507,207.99
41536,78.0
41837,78.0
42070,78.0
43789,78.0
44222,78.0
45144,78.0
45501,78.0
46437,78.0
46493,78.0
47222,78.0
49076,78.0
49426,78.0
49701,78.0
51331,78.0
53289,78.0
54724,176.0
57229,78.0
58326,78.0
60493,78.0
63832,221.64
67029,78.0
67683,78.0
68035,78.0
70838,78.0
73374,78.0
73922,78.0
75934,78.0
76887,78.0
77795,78.0
78605,78.0
82882,78.0
83302,78.0
85055,187.0
85478,78.0
86435,78.0
94887,78.0
97869,78.0
98027,78.0
98166,78.0
99390,78.0
101254,78.0
105475,253.0
105613,78.0
108918,78.0
109114,78.0
109920,78.0
115321,78.0
117007,78.0
117310,187.5
118255,78.0
118437,78.0
120060,78.0
120235,78.0
122192,78.0
123953,78.0
124951,78.0
125019,78.0
834,78.2
43354,206.37
75286,78.37
92301,408.36
62941,78.4
7143,78.46
32725,78.46
86715,78.46
92410,78.46
107596,78.46
74875,78.47
38164,78.75
54360,78.75
74858,78.75
84501,78.75
88689,78.75
103116,78.77
72096,78.81
61558,78.92
22736,78.95
44904,78.95
89073,78.95
91907,78.95
92251,78.95
167,78.96
38912,78.98
77820,78.98
19319,78.99
26057,78.99
813,79.0
2375,79.0
2420,79.0
3177,79.0
7314,79.0
7554,79.0
11520,79.0
12508,79.0
15258,79.0
17584,79.0
18749,79.0
26795,79.0
26816,178.0
27556,79.0
28895,79.0
29579,79.0
30436,79.0
34732,228.5
35090,79.0
36078,79.0
36318,79.0
37166,79.0
38206,79.0
39227,79.0
41971,79.0
42534,79.0
43044,79.0
43545,159.0
44046,79.0
44173,79.0
44469,422.0
45840,79.0
48371,242.0
48460,79.0
49841,79.0
50358,79.0
52591,79.0
54508,79.0
56222,79.0
56579,79.0
56840,178.0
57602,79.0
57834,79.0
58071,188.95
60404,79.0
60981,79.0
63389,79.0
64390,79.0
70276,79.0
71135,79.0
71158,79.0
71191,79.0
73084,79.0
75053,79.0
75656,79.0
76848,79.0
79384,219.0
81301,79.0
83215,79.0
85736,79.0
87912,79.0
87980,214.0
89211,194.0
89351,79.0
89846,79.0
90183,79.0
90599,79.0
91682,79.0
95859,79.0
95913,79.0
96223,79.0
98426,79.0
99506,79.0
99822,194.0
100199,79.0
101488,158.99
102012,79.0
102278,79.0
104155,79.0
104566,79.0
107226,79.0
109807,79.0
114289,79.0
114294,79.0
114624,79.0
115742,79.0
118718,406.94
119783,163.0
119939,278.0
122181,79.0
123044,79.0
124421,79.0
124855,79.0
17297,79.14
40258,79.17
72493,79.17
103590,79.17
120972,79.17
76184,79.23
5433,79.45
17779,79.45
26182,79.45
39708,79.45
100674,229.45
2415,79.5
5287,79.5
5832,79.5
12409,79.5
16622,179.49
17000,79.5
18216,79.5
18596,79.5
18697,79.5
22052,79.5
23294,79.5
26989,79.5
27838,79.5
28059,79.5
29080,79.5
29778,79.5
30832,79.5
31487,423.5
31902,79.5
34871,79.5
36302,79.5
36878,79.5
37484,79.5
41929,79.5
49290,79.5
49707,79.5
49918,79.5
51257,79.5
55541,79.5
55716,79.5
56909,79.5
61053,165.4
62191,79.5
65423,79.5
66297,79.5
68355,79.5
70208,79.5
71373,79.5
71470,79.5
73707,79.5
78988,79.5
79548,177.5
81383,79.5
87742,79.5
90712,79.5
92183,79.5
94182,79.5
96559,79.5
97185,177.5
97258,79.5
97754,79.5
99630,79.5
101858,79.5
103669,79.5
107063,181.5
109125,79.5
109589,79.5
111157,79.5
111686,79.5
114755,79.5
115608,79.5
116374,79.5
116936,79.5
37141,79.57
42855,79.57
44704,79.57
12530,79.8
43334,79.93
3763,79.94
2119,79.95
2755,79.95
3297,79.95
10271,79.95
11833,79.95
14887,79.95
23014,79.95
24970,79.95
25004,79.95
25201,79.95
31273,79.95
31972,79.95
41119,79.95
48353,79.95
49205,207.95
49297,79.95
52488,79.95
57969,79.95
58161,79.95
61126,79.95
61866,79.95
62313,79.95
63061,79.95
63333,79.95
64396,79.95
69077,79.95
73282,79.95
74151,79.95
76283,79.95
79718,79.95
81119,79.95
82272,79.95
85343,243.95
88406,79.95
91853,79.95
92479,79.95
97315,314.9
97783,79.95
100459,79.95
100905,79.95
103252,79.95
106199,79.95
106684,79.95
114691,79.95
114790,79.95
119096,79.95
120906,79.95
124037,79.95
4179,178.98
35751,79.98
49359,79.98
91568,79.98
110410,79.98
1186,79.99
1490,79.99
2481,79.99
2819,79.99
3306,79.99
4163,79.99
6037,79.99
6718,79.99
8717,179.94
9295,79.99
9955,79.99
10824,79.99
12158,79.99
12548,79.99
12776,79.99
14473,79.99
15263,79.99
15315,79.99
17350,79.99
18219,79.99
18516,79.99
18712,79.99
20287,79.99
22262,79.99
23212,79.99
25822,79.99
26552,79.99
26652,79.99
28197,79.99
28314,79.99
29424,79.99
30089,79.99
32370,79.99
34792,79.99
37187,79.99
41018,79.99
42025,79.99
42088,79.99
43689,79.99
44097,79.99
45220,79.99
46216,79.99
47749,79.99
49278,79.99
50681,259.49
51375,79.99
52026,179.98
53395,227.99
53920,79.99
54178,79.99
54369,79.99
54577,79.99
54753,79.99
57917,79.99
58210,79.99
58644,79.99
60681,79.99
61157,79.99
61997,79.99
62490,79.99
64459,79.99
65087,79.99
69791,79.99
73315,79.99
75523,79.99
75605,79.99
77608,79.99
78913,79.99
80845,79.99
80886,79.99
81223,79.99
81348,79.99
83397,79.99
83973,79.99
84879,79.99
84987,79.99
87154,79.99
87312,79.99
87519,79.99
88343,79.99
88572,79.99
89853,79.99
91197,79.99
91774,79.99
93601,79.99
94815,79.99
98065,79.99
98459,209.98
98918,79.99
99266,79.99
100111,79.99
100383,79.99
100686,79.99
102156,79.99
102997,79.99
104156,79.99
104559,237.99
104875,79.99
105468,79.99
105658,79.99
111747,79.99
113186,79.99
115675,402.99
116369,79.99
117413,79.99
117869,79.99
118003,79.99
118943,79.99
2579,80.0
5963,80.0
7897,80.0
8787,80.0
11626,80.0
13125,80.0
16009,80.0
16589,80.0
22833,80.0
23287,80.0
29046,80.0
30502,80.0
31885,80.0
32434,80.0
35250,80.0
38067,80.0
41170,80.0
46540,209.0
50054,174.95
50864,80.0
51086,80.0
52516,80.0
53293,80.0
55776,348.0
59491,80.0
61389,80.0
61432,80.0
63455,80.0
64179,271.5
67401,80.0
69999,80.0
76644,80.0
77060,180.01
85865,80.0
94753,80.0
107223,80.0
109733,80.0
111453,80.0
114338,80.0
117357,80.0
124471,80.0
105892,80.01
44176,80.22
115252,80.22
57953,80.5
1379,285.64
33922,80.64
65583,80.64
95738,230.65
72538,238.92
74672,80.92
124154,180.92
78164,80.95
40632,80.98
105667,80.98
115086,80.98
15819,80.99
100811,80.99
110853,414.99
13984,81.0
21260,81.0
32294,81.0
69345,81.0
85668,81.0
105191,81.0
30255,81.07
33175,81.07
54974,81.07
67030,81.23
69943,81.23
87483,250.23
25233,81.27
28395,81.27
80812,81.27
82208,81.27
88448,81.27
90575,81.27
32316,81.38
83852,81.38
96755,81.38
40619,81.4
88742,81.4
116656,81.57
3026,81.59
24769,81.71
104642,81.72
58397,81.75
88195,81.75
86729,81.78
37179,81.87
109848,81.87
25629,81.9
84023,81.9
86638,81.9
102753,81.9
8423,81.95
45748,81.95
87291,81.95
95198,81.95
99477,81.95
111697,81.95
113315,81.95
121704,81.95
1929,82.0
4241,82.0
5593,82.0
15334,82.0
20685,82.0
40266,82.0
51023,82.0
66940,82.0
71236,82.0
73251,82.0
76211,266.0
85988,82.0
88704,82.0
91261,231.0
106827,82.0
122975,82.0
52018,82.12
67355,82.12
39807,82.46
78579,82.46
6259,82.5
50597,82.5
84559,82.5
99363,82.5
18369,82.95
64998,82.95
108402,82.95
118149,82.95
27389,82.99
74378,82.99
78109,82.99
103724,82.99
104029,82.99
111403,82.99
53835,83.0
59435,233.0
61508,83.0
62169,268.0
120467,83.0
16208,83.1
22416,83.1
84784,83.1
19503,83.18
72999,83.23
124061,278.3
66384,83.31
66525,83.31
12096,83.36
85387,83.36
111580,83.36
67863,83.37
103621,83.37
34669,83.4
12156,83.62
71769,83.76
25000,83.79
37421,213.79
89573,83.79
22943,83.84
42405,83.84
118328,83.84
95208,83.95
81978,83.97
92414,83.97
1038,405.94
5017,84.0
17042,84.0
26727,84.0
35695,84.0
50223,84.0
51978,253.0
52182,283.0
53743,84.0
68330,84.0
69310,84.0
72793,84.0
73919,84.0
76797,84.0
83147,84.0
98807,84.0
102214,173.0
104188,199.0
108612,84.0
116365,84.0
120871,84.0
121615,84.0
123446,84.0
11187,84.06
26436,84.09
102346,184.04
120073,84.12
19849,84.21
36395,84.21
73723,84.21
97762,84.21
25022,84.23
47736,84.23
82470,84.26
79369,84.28
23146,84.46
31659,84.5
43985,84.5
60962,84.5
121176,84.5
64763,84.56
19073,84.64
8237,84.65
44393,84.66
111317,84.66
6309,84.95
53204,170.95
71480,84.95
86539,84.95
92606,84.95
118345,84.95
64506,84.97
82254,84.97
86547,84.97
94831,84.97
769,84.99
4387,84.99
16432,84.99
20011,84.99
34538,84.99
40005,84.99
59525,84.99
79487,429.99
84126,84.99
95199,84.99
120360,84.99
1664,85.0
3034,85.0
4501,85.0
6042,85.0
6053,85.0
7747,85.0
12376,203.0
14240,85.0
21954,85.0
22346,85.0
23789,182.3
30605,85.0
32603,232.0
32605,85.0
34321,85.0
34722,85.0
38126,85.0
43263,85.0
43450,85.0
45031,208.45
47354,204.99
47371,85.0
50100,85.0
51503,85.0
51509,85.0
51546,85.0
53242,85.0
54311,85.0
57157,85.0
57352,85.0
62782,85.0
65383,85.0
67385,85.0
68224,85.0
72411,85.0
73455,85.0
74067,85.0
76816,85.0
77454,174.5
77786,85.0
79666,85.0
79945,85.0
80183,85.0
81408,85.0
89042,85.0
89869,85.0
91950,85.0
95101,85.0
95865,85.0
100167,85.0
101733,85.0
101738,85.0
104943,254.99
107744,85.0
108887,85.0
109085,85.0
109100,85.0
113032,85.0
114820,85.0
115997,85.0
116965,85.0
117142,85.0
118069,85.0
120839,85.0
121296,85.0
122233,85.0
123122,85.0
115319,797.32
14929,85.23
117001,85.23
35442,85.5
38223,85.5
75312,85.5
100615,85.5
107374,85.5
49357,85.63
20315,85.72
34276,85.72
409,185.73
9465,85.74
35284,85.74
52619,85.74
81815,85.74
85943,263.74
48031,85.79
76321,85.8
71194,556.82
20759,85.9
113460,85.9
77762,85.95
107267,85.95
124820,85.98
96065,85.99
4981,86.0
23781,86.0
30709,86.0
31938,86.0
41481,86.0
47600,394.0
52850,86.0
67157,180.53
74920,86.0
80474,86.0
87846,86.0
88287,86.0
88415,86.0
93732,215.99
99806,86.0
106180,86.0
121621,86.0
122548,86.0
124768,86.0
45942,86.08
22420,86.11
34525,86.25
24568,86.45
50376,214.45
11474,86.51
52592,86.61
111571,86.61
4047,86.75
63968,86.75
69584,86.75
72596,86.75
84847,86.75
15690,86.94
52916,214.09
79538,86.94
12927,86.99
243,226.0
60648,87.0
70583,87.0
45978,87.05
23951,87.08
29188,87.08
6542,87.1
14650,87.1
55350,87.12
20509,87.24
71027,87.24
1824,87.5
1984,87.5
34201,87.5
41852,87.5
48318,87.5
48326,87.5
53843,87.5
80706,87.5
88372,87.5
105648,87.5
107180,87.5
111285,182.5
119992,87.5
124618,87.5
31919,87.57
42596,87.94
45607,87.94
79326,177.9
84540,87.94
86369,87.94
117577,87.94
3731,87.95
43004,87.95
45285,87.95
60277,87.95
76967,87.95
99781,87.95
16095,87.99
21851,87.99
39920,87.99
1469,88.0
3470,88.0
4048,88.0
7243,88.0
8632,88.0
9043,88.0
15339,88.0
16254,288.0
18365,88.0
21572,88.0
25328,88.0
28107,88.0
28337,88.0
28542,88.0
28687,88.0
31879,88.0
32676,88.0
33334,178.0
35446,88.0
40023,88.0
41205,88.0
42306,88.0
42363,186.0
44264,88.0
45540,88.0
46062,88.0
46933,88.0
48539,88.0
49617,88.0
50451,88.0
51611,88.0
55517,88.0
58115,88.0
59444,88.0
64834,180.4
64906,88.0
65972,88.0
66502,88.0
68934,88.0
71768,88.0
72656,88.0
73346,88.0
74225,88.0
74882,88.0
76269,88.0
77680,88.0
78792,88.0
79568,88.0
79911,216.0
81124,88.0
81705,88.0
81867,88.0
83141,88.0
83152,88.0
86875,88.0
86978,226.75
89303,88.0
89850,88.0
89878,88.0
90388,88.0
90754,204.99
91932,88.0
95588,88.0
96488,88.0
96530,88.0
97080,88.0
97609,88.0
98195,88.0
99209,88.0
102379,88.0
102421,88.0
102493,88.0
103730,88.0
103872,88.0
105954,88.0
106596,207.95
106663,88.0
106707,88.0
107076,88.0
108862,88.0
109597,738.0
109612,197.99
112757,88.0
113133,88.0
118641,88.0
121102,88.0
123626,88.0
123717,88.0
123941,88.0
4609,88.27
29201,88.27
63557,88.42
59755,88.44
110686,88.44
110720,88.44
18268,88.5
63226,88.5
87206,88.5
95142,88.5
107442,88.5
108631,88.5
115332,88.5
27884,88.77
39775,88.77
439,88.8
26512,88.95
33993,88.95
68437,366.95
122770,88.95
53529,88.99
95205,88.99
98033,88.99
120276,188.98
702,89.0
733,89.0
1148,89.0
7202,89.0
8739,89.0
10527,89.0
12321,89.0
21316,89.0
21631,89.0
21946,89.0
21990,89.0
23884,89.0
29820,89.0
30544,89.0
35744,89.0
41439,89.0
42390,89.0
43178,89.0
46330,357.0
52337,89.0
55041,89.0
55133,89.0
55155,89.0
55284,89.0
55593,89.0
56081,89.0
57037,89.0
62089,89.0
66252,89.0
68262,89.0
72202,89.0
73774,89.0
76908,202.8
81176,89.0
83485,89.0
84968,89.0
93475,89.0
94177,89.0
97564,89.0
98591,89.0
99237,89.0
102863,89.0
103541,89.0
104246,89.0
105257,89.0
105548,89.0
106791,89.0
109348,89.0
114403,89.0
114926,89.0
118028,89.0
124648,89.0
12651,89.08
102937,89.19
115825,89.19
10078,89.37
13276,89.37
53191,89.45
2405,89.5
2829,89.5
3139,89.5
3156,89.5
12718,89.5
19132,89.5
20308,89.5
23441,196.46
23595,89.5
23967,264.5
25886,89.5
27192,89.5
29310,89.5
32652,89.5
32748,89.5
33159,89.5
34719,258.5
37776,89.5
38636,89.5
44081,89.5
44907,89.5
45168,89.5
45844,89.5
47021,89.5
47603,89.5
51313,89.5
54333,89.5
56670,89.5
57339,89.5
62292,89.5
68503,194.5
69849,89.5
75020,89.5
77363,244.5
77888,89.5
83045,89.5
88151,89.5
88685,89.5
90342,89.5
91027,89.5
93103,89.5
94262,276.45
95148,89.5
97516,89.5
100804,89.5
106960,89.5
110974,89.5
112653,89.5
121236,89.5
122454,89.5
10708,89.6
17283,89.6
31010,89.6
40337,89.6
4668,89.78
14159,89.78
49927,89.78
105038,89.78
34527,89.81
43117,89.81
61332,89.9
117204,264.32
32079,89.93
35731,89.93
56173,89.93
16211,89.95
17565,89.95
20481,89.95
22153,89.95
22802,89.95
26456,435.95
29840,89.95
29901,259.9
33990,89.95
35234,89.95
35634,89.95
38138,89.95
38833,89.95
39699,89.95
40557,89.95
42993,89.95
44457,89.95
47223,196.91
48050,89.95
51513,356.95
52235,89.95
53284,89.95
56364,89.95
56558,89.95
60104,89.95
62694,89.95
68227,89.95
69181,89.95
72877,89.95
76742,89.95
79111,89.95
85399,89.95
86671,89.95
88354,89.95
88629,89.95
91736,89.95
97112,180.25
103663,89.95
104510,89.95
110822,187.95
110911,89.95
112902,89.95
114735,89.95
121089,89.95
122096,89.95
110560,89.98
111238,203.78
732,89.99
748,89.99
2069,89.99
2627,187.29
4101,89.99
5187,89.99
6209,89.99
8659,89.99
9048,89.99
12006,213.44
13414,89.99
13580,89.99
14313,89.99
14661,89.99
15703,213.99
19745,89.99
21356,89.99
21683,89.99
22703,89.99
25925,89.99
27289,89.99
28840,89.99
30879,89.99
31332,89.99
31337,89.99
32180,89.99
32336,89.99
33009,89.99
33164,89.99
33483,89.99
33625,89.99
33835,89.99
34888,89.99
36404,89.99
37450,89.99
41212,89.99
41709,89.99
42100,89.99
43477,89.99
43727,89.99
43738,89.99
46118,89.99
47875,234.99
50260,387.99
53597,89.99
54142,89.99
55412,89.99
57319,89.99
62736,89.99
65191,89.99
65444,89.99
67746,89.99
69101,89.99
71333,89.99
72210,89.99
73289,89.99
75793,89.99
77299,89.99
77967,89.99
78849,207.99
79347,179.98
85834,89.99
87409,89.99
89325,89.99
92214,89.99
94363,89.99
99055,89.99
101296,89.99
101456,89.99
105422,89.99
105469,89.99
108607,89.99
109401,89.99
110993,89.99
111050,89.99
112450,209.49
113583,89.99
114370,89.99
116244,89.99
117242,195.55
118607,89.99
118799,239.98
119393,89.99
119780,89.99
120357,89.99
122151,89.99
122424,179.98
122499,89.99
122786,89.99
123779,89.99
123857,89.99
8765,195.0
10424,90.0
14016,90.0
14408,90.0
15773,90.0
19317,90.0
19704,90.0
28415,90.0
31780,90.0
36402,90.0
36469,90.0
41015,90.0
47863,90.0
54353,229.95
63341,90.0
63943,90.0
65815,90.0
69205,90.0
71807,90.0
74140,90.0
76203,90.0
78635,90.0
83100,90.0
85509,90.0
87561,90.0
94257,90.0
100567,90.0
103318,90.0
105087,90.0
113226,90.0
113677,90.0
114936,90.0
116560,90.0
117669,90.0
117974,90.0
122078,90.0
122823,90.0
124884,90.0
106366,90.04
81418,90.22
15879,90.28
92719,90.29
92495,90.3
94334,90.3
90974,190.45
9227,199.78
9463,90.9
9324,90.99
66037,90.99
68593,90.99
70359,90.99
71491,91.0
120082,91.0
14567,91.09
71568,319.15
122556,91.15
46788,91.16
122216,91.16
46301,481.43
104199,91.43
38108,91.45
60966,91.45
9322,91.72
35009,91.77
95587,91.77
119697,91.99
2651,92.0
15748,92.0
21639,92.0
47619,92.0
48265,92.0
49831,190.0
51093,92.0
51841,92.0
52948,221.0
59796,92.0
70514,92.0
72157,92.0
74415,92.0
80493,92.0
81491,92.0
81703,92.0
82351,92.0
93229,92.0
93723,92.0
94945,92.0
96483,92.0
102134,92.0
109253,92.0
39533,92.36
43754,92.36
15613,92.4
23617,92.4
26347,92.4
106162,92.4
106659,92.4
113931,92.4
102738,237.43
54212,92.5
66421,92.5
40755,92.56
62877,92.57
43309,92.6
49753,92.61
46426,92.7
97704,92.7
4756,92.77
9960,92.77
30440,92.77
77543,250.77
55709,92.95
103272,92.95
59809,92.98
88976,92.98
102597,92.98
64541,92.99
5887,93.0
5928,93.0
15356,93.0
26964,93.0
79335,93.0
80489,93.0
84475,93.75
96907,93.82
67960,93.87
97742,93.87
32292,93.97
85160,93.97
5225,93.98
70903,93.98
93154,262.98
107070,93.98
58395,93.99
25457,94.0
38561,94.0
39763,94.0
53093,94.0
62885,94.0
64317,94.0
69929,193.99
18048,94.48
42798,94.49
843,94.5
11358,94.5
59821,94.5
69869,94.5
82719,94.5
106739,94.5
109494,94.5
1488,94.95
18140,94.95
19420,94.95
20817,94.95
20875,94.95
21284,94.95
35991,94.95
37856,94.95
43500,94.95
49491,94.95
51226,94.95
56417,94.95
75872,94.95
88250,94.95
92502,94.95
97427,94.95
98128,94.95
117263,94.95
86431,94.98
15032,94.99
15742,94.99
30564,94.99
37161,94.99
66079,94.99
78041,94.99
100053,94.99
105436,225.8
123244,94.99
745,95.0
2653,95.0
4911,95.0
17201,95.0
27070,95.0
27986,95.0
34161,95.0
38194,95.0
38858,998.0
45299,95.0
46010,95.0
47671,95.0
50600,95.0
50632,95.0
50725,95.0
52474,95.0
53366,95.0
55984,95.0
57571,95.0
73248,95.0
76145,252.5
79695,95.0
80153,95.0
80819,95.0
89396,95.0
89439,95.0
93247,95.0
96099,95.0
97005,95.0
107873,95.0
112656,95.0
115893,95.0
117407,95.0
117567,95.0
121868,95.0
123067,95.0
82877,95.04
52265,95.47
4768,95.66
77081,95.66
101867,95.66
68550,95.67
3422,95.79
92626,95.82
87242,95.85
13659,95.99
20368,95.99
29918,95.99
30097,95.99
34797,95.99
37191,95.99
40839,95.99
44452,95.99
62514,95.99
83962,95.99
90137,95.99
113287,213.99
2043,265.0
23024,96.0
25179,96.0
45440,96.0
55566,96.0
63342,96.0
66773,96.0
68779,96.0
81345,96.0
116439,96.0
123912,96.0
124895,96.0
8205,96.03
44909,96.5
6045,266.6
115219,96.92
22778,97.0
59105,97.0
83866,202.6
96702,97.0
101940,97.0
114088,260.74
667,97.3
5199,425.3
11249,97.3
59267,97.3
28071,97.43
105148,97.43
13531,97.47
61937,97.47
79210,97.49
27397,97.5
62408,97.5
100007,97.5
112764,97.64
22822,97.93
40352,97.93
12106,97.95
69861,97.95
86150,97.95
112771,97.95
117784,97.95
4246,97.99
63792,97.99
87396,97.99
249,98.0
762,98.0
1410,98.0
2056,98.0
2738,98.0
3377,98.0
3403,98.0
5602,98.0
6778,98.0
6980,98.0
7074,98.0
8136,98.0
9617,98.0
11076,98.0
11590,229.58
14990,197.0
15312,98.0
16094,98.0
16355,255.5
18007,98.0
18574,98.0
21267,98.0
23560,98.0
23993,98.0
25525,98.0
27018,98.0
28091,98.0
28232,98.0
31846,98.0
32400,98.0
33144,210.0
34840,98.0
34931,98.0
35013,481.0
35161,98.0
35199,98.0
35851,98.0
41161,98.0
42193,98.0
42789,98.0
43286,98.0
43483,277.99
47107,98.0
47157,98.0
48043,98.0
48556,98.0
51131,98.0
51377,98.0
51639,98.0
52179,98.0
52196,98.0
52479,98.0
52845,98.0
53580,98.0
53994,98.0
54028,98.0
55573,216.0
56359,98.0
57628,98.0
57770,98.0
59925,98.0
60289,98.0
62366,98.0
62739,98.0
63277,98.0
64555,98.0
64819,98.0
66288,98.0
66769,98.0
67333,313.0
67691,98.0
68712,98.0
68827,98.0
69612,98.0
69623,98.0
70286,98.0
71166,98.0
71465,98.0
79761,98.0
79944,98.0
80837,98.0
81643,98.0
83263,1097.0
83407,98.0
84622,98.0
85267,98.0
86259,98.0
86498,210.25
86564,98.0
86832,98.0
86934,208.5
87029,98.0
90197,228.0
90949,394.99
90989,98.0
92178,218.0
93354,98.0
93435,98.0
94975,98.0
95940,98.0
96222,202.99
98210,98.0
99034,98.0
99090,98.0
99438,98.0
99594,98.0
100401,98.0
100916,98.0
101043,98.0
101861,272.99
102168,98.0
104552,98.0
105080,98.0
105522,198.0
105836,98.0
110852,98.0
111746,98.0
111851,98.0
112758,98.0
113209,270.75
114704,98.0
115071,98.0
117046,98.0
117432,98.0
117856,98.0
119593,98.0
119657,98.0
120062,98.0
120090,208.0
120316,98.0
122812,98.0
123191,227.0
123509,98.0
123711,98.0
124309,98.0
2265,98.02
321,98.08
5648,98.08
66048,98.08
76322,98.08
92066,98.08
39532,98.1
55468,98.1
105216,98.25
4289,98.28
90836,98.28
81508,98.33
120301,211.97
107079,98.64
26784,267.66
89190,223.66
68334,98.75
84877,98.75
96675,98.75
119785,98.94
25438,98.99
1217,99.0
2804,99.0
4223,99.0
4473,99.0
4708,99.0
8315,99.0
8932,99.0
9097,99.0
10206,99.0
11137,99.0
11156,99.0
11169,99.0
11717,99.0
14394,217.99
14453,99.0
14919,99.0
16207,99.0
18050,99.0
18522,99.0
20209,99.0
20360,99.0
21098,99.0
21508,99.0
21586,99.0
22436,99.0
23408,99.0
24114,277.0
24343,207.0
24385,99.0
24673,99.0
24919,99.0
28212,99.0
35309,99.0
42267,99.0
44379,250.6
45127,99.0
46086,99.0
48705,99.0
49899,99.0
51068,99.0
51771,283.72
52008,99.0
52771,99.0
54518,378.99
56959,99.0
57525,99.0
58087,99.0
58583,99.0
60913,99.0
61470,99.0
64437,99.0
66270,99.0
68230,99.0
69969,99.0
70070,99.0
70370,99.0
70434,99.0
70442,99.0
71221,99.0
71347,99.0
72088,99.0
74165,99.0
75347,99.0
76541,99.0
76850,99.0
80069,99.0
81864,99.0
84735,99.0
87325,99.0
89252,99.0
89832,99.0
90034,99.0
91219,99.0
91461,99.0
91770,99.0
92838,99.0
93224,268.0
93310,297.0
97678,99.0
98188,99.0
98714,99.0
103334,99.0
103997,99.0
104198,99.0
104207,297.0
104648,99.0
106622,99.0
107337,99.0
108056,99.0
108693,99.0
109496,99.0
111446,474.0
112124,99.0
115695,99.0
116162,99.0
116500,99.0
118183,99.0
119151,99.0
119317,99.0
121390,99.0
122446,99.0
124680,99.0
4941,99.09
30975,99.09
163,99.5
2160,99.5
3922,99.5
4476,99.5
6854,99.5
6897,99.5
29737,99.5
32255,99.5
41985,99.5
55656,207.5
62585,99.5
63148,99.5
64573,99.5
65349,99.5
70814,99.5
73527,99.5
79463,99.5
87785,99.5
97554,99.5
101276,239.45
106547,99.5
106803,99.5
111026,200.49
112663,99.5
116616,99.5
58100,99.54
65994,99.54
31032,99.61
91706,99.61
112782,99.65
47922,99.74
6398,99.75
93014,99.83
11646,99.95
13617,99.95
14538,99.95
27586,99.95
34341,99.95
35658,99.95
38371,99.95
48632,99.95
56673,99.95
66327,349.95
81957,99.95
83750,99.95
93346,99.95
99276,206.95
103884,99.95
106668,99.95
114584,99.95
23103,99.97
51359,99.97
102299,209.97
12114,99.98
12712,99.98
95530,99.98
107971,99.98
141,99.99
3853,99.99
4137,99.99
4857,99.99
5038,99.99
5497,99.99
10612,99.99
11300,99.99
11872,99.99
13250,99.99
14022,99.99
14404,99.99
16162,99.99
16445,99.99
17009,99.99
17157,376.8
21287,99.99
23005,99.99
26951,99.99
27130,299.98
28523,99.99
28676,99.99
28770,99.99
29620,99.99
33683,99.99
36551,99.99
39017,99.99
39728,99.99
40080,99.99
41664,99.99
43128,99.99
43408,99.99
45467,99.99
45532,99.99
47024,279.94
49559,99.99
52679,99.99
53353,99.99
53556,99.99
53715,99.99
55512,99.99
58320,99.99
58436,99.99
59261,99.99
61426,99.99
62230,99.99
64248,99.99
65000,99.99
68078,99.99
69333,99.99
69586,99.99
71293,99.99
74568,99.99
74884,249.97
76033,99.99
76845,99.99
77159,99.99
78884,99.99
79966,99.99
82334,99.99
82452,99.99
84125,99.99
85817,99.99
86741,99.99
87580,99.99
87703,228.99
87894,99.99
88099,99.99
89276,99.99
90125,99.99
90495,99.99
90865,99.99
91512,99.99
92951,99.99
94575,214.99
95647,99.99
96096,99.99
96959,99.99
97040,99.99
98984,99.99
99851,99.99
99944,99.99
100557,99.99
100578,99.99
104138,99.99
107495,99.99
108152,99.99
108437,99.99
108685,99.99
110092,99.99
111494,99.99
111779,99.99
111884,99.99
114214,99.99
115822,99.99
115915,99.99
119042,99.99
119987,99.99
120581,99.99
124439,99.99
849,100.0
945,100.0
3467,100.0
4637,100.0
6635,100.0
7118,100.0
9303,100.0
10131,269.98
15977,100.0
19284,100.0
21652,100.0
24854,100.0
25266,100.0
26018,100.0
28236,100.0
31913,100.0
37863,100.0
41414,100.0
51269,100.0
52115,100.0
52228,100.0
54418,100.0
54750,100.0
56609,100.0
57149,100.0
60932,100.0
61934,100.0
64184,100.0
68740,100.0
78321,100.0
80913,100.0
81559,227.6
81604,100.0
82892,100.0
86895,100.0
94020,100.0
98935,100.0
99322,100.0
99658,100.0
106816,100.0
111123,100.0
113418,100.0
116642,100.0
118902,100.0
120910,100.0
122027,100.0
122669,100.0
123011,100.0
123494,100.0
77965,100.01
39289,100.11
93594,100.2
103254,100.34
12486,100.78
17236,100.78
92163,100.78
115964,100.8
353,100.93
37911,100.93
57330,100.95
103064,100.96
5133,100.99
29725,100.99
47694,100.99
73994,100.99
28100,101.0
58515,101.0
5356,101.4
31531,101.47
11048,101.49
110584,101.49
82089,101.75
85844,101.77
102406,101.77
13867,101.97
87873,299.99
59725,102.0
118974,102.0
104093,102.32
91700,102.5
15904,102.58
86814,102.58
70452,260.1
28620,102.86
101981,102.86
80004,102.9
100327,102.9
120568,102.9
57365,102.92
21299,102.99
27033,102.99
30789,102.99
112851,102.99
14625,103.0
87566,103.0
122015,103.0
91446,103.13
113363,103.19
61855,103.5
66953,103.78
3061,103.85
83696,103.91
99886,103.91
20844,103.95
61514,301.95
93043,103.95
13556,103.96
1457,104.0
7437,104.0
8265,104.0
11734,104.0
26469,104.0
27876,104.0
39409,104.0
39665,104.0
43428,104.0
55919,104.0
71924,104.0
85197,104.0
90518,104.0
107376,104.0
114868,929.0
54616,214.0
15390,104.28
26045,104.28
72046,104.28
16649,104.5
18101,104.5
30181,104.5
35888,104.5
38814,104.5
68772,104.5
98494,104.5
118790,104.5
57734,104.99
63174,104.99
98277,104.99
103639,104.99
3244,105.0
9799,105.0
11560,105.0
16569,105.0
26124,105.0
28754,105.0
29558,105.0
43359,105.0
44368,105.0
66905,1008.0
67127,105.0
74345,263.0
74817,105.0
80641,105.0
95115,105.0
97768,105.0
118275,105.0
101125,105.05
17502,105.5
13118,105.56
16715,105.56
38435,105.56
47977,105.56
62412,105.56
66599,105.56
69523,105.56
71394,105.56
91856,105.84
25076,105.99
57799,105.99
897,106.0
89930,106.0
59840,106.06
60381,106.06
16291,106.8
86943,106.8
5110,106.95
107117,106.95
123977,106.95
4710,106.96
66020,106.96
45815,245.0
66833,107.0
96160,107.0
98797,107.0
78733,107.1
88029,107.1
93716,107.1
41845,107.5
122278,276.48
11550,107.52
41126,296.52
42388,107.95
111435,107.95
101387,107.99
9680,346.98
10539,108.0
23467,108.0
31338,108.0
32524,108.0
33566,108.0
48774,408.0
65116,108.0
67115,108.0
90093,108.0
90319,226.5
106977,108.0
111009,108.0
121128,108.0
123329,108.0
43523,108.75
79593,108.75
60202,108.99
7045,109.0
11440,109.0
12379,109.0
18204,109.0
18655,109.0
19924,109.0
24021,109.0
26461,109.0
29671,109.0
39221,109.0
40513,109.0
40653,109.0
44741,109.0
48010,109.0
51654,109.0
51932,109.0
61946,109.0
65901,109.0
69158,109.0
73615,328.5
74307,109.0
77932,109.0
81644,109.0
86632,109.0
91012,109.0
91616,109.0
94572,109.0
95375,109.0
96817,109.0
107987,326.99
108911,109.0
110014,109.0
114331,109.0
114578,298.99
115211,109.0
119007,109.0
119201,109.0
121644,248.99
45271,351.51
69022,109.22
92733,109.22
4008,334.5
4144,109.5
18492,109.5
21113,109.5
37350,109.5
41986,109.5
72544,109.5
83209,109.5
93307,109.5
98314,287.5
105391,109.5
112750,109.5
117040,109.5
20037,109.95
20695,109.95
25785,109.95
33491,109.95
37217,109.95
58734,109.95
58900,109.95
59942,109.95
67154,109.95
92605,109.95
98684,109.95
99696,109.95
120306,109.95
108210,109.97
70710,249.97
2827,109.99
4576,109.99
5579,109.99
11633,109.99
14976,109.99
22322,109.99
23468,109.99
23720,109.99
34836,109.99
46522,109.99
51004,109.99
58995,109.99
59138,279.99
59202,109.99
62467,109.99
73899,109.99
77129,109.99
85479,109.99
85740,109.99
89262,109.99
98919,109.99
99858,109.99
101447,109.99
103387,267.99
106647,109.99
108458,109.99
112379,109.99
118639,109.99
119127,109.99
120076,109.99
121274,109.99
239,110.0
1098,110.0
1208,110.0
2670,110.0
5015,110.0
8043,110.0
14638,110.0
18727,110.0
20488,110.0
21357,110.0
21650,606.71
24932,110.0
24938,220.07
25672,110.0
26573,110.0
31373,110.0
34130,110.0
40008,110.0
41708,110.0
43299,110.0
44876,110.0
45616,110.0
48764,110.0
52363,110.0
52371,110.0
54162,110.0
55862,110.0
61137,110.0
66707,110.0
70054,259.97
71136,110.0
71531,110.0
73535,110.0
78215,110.0
78402,110.0
80354,110.0
81325,110.0
81554,110.0
82862,110.0
83459,110.0
83776,110.0
84584,110.0
85062,110.0
85122,110.0
86243,110.0
88723,110.0
90387,110.0
95144,110.0
96689,110.0
99036,110.0
101449,110.0
102462,110.0
105940,110.0
106346,110.0
106498,110.0
107729,110.0
110429,110.0
110606,110.0
114690,110.0
117284,110.0
117753,110.0
117849,110.0
117970,110.0
118603,110.0
119062,110.0
120172,110.0
121637,110.0
122091,110.0
123981,110.0
124128,110.0
80925,110.25
115704,110.25
5255,110.5
39059,110.5
106897,110.5
115502,110.5
77268,110.6
20909,110.63
93456,280.98
16812,111.0
26194,111.0
96823,111.0
97833,111.0
2101,111.22
73273,111.36
24835,111.99
46390,111.99
62001,111.99
89935,111.99
8935,112.0
28524,112.0
63119,112.0
95900,112.14
105061,112.14
1549,227.5
27531,112.5
4189,112.99
892,113.23
24498,113.4
77463,113.47
113781,113.55
47643,113.8
68978,113.8
47437,113.9
116617,113.9
123739,113.9
797,114.0
1271,114.0
16334,114.0
30247,114.0
52123,114.0
77447,114.0
116590,114.0
117270,114.5
63150,114.75
71788,114.75
90922,114.75
33049,114.95
82618,114.95
5777,114.99
59708,272.88
122357,114.99
3461,242.0
6949,115.0
20465,115.0
21012,115.0
21447,115.0
25793,115.0
34011,115.0
34565,115.0
37357,115.0
37890,115.0
39037,115.0
46278,115.0
46567,115.0
50208,115.0
54582,435.0
58131,115.0
63372,115.0
66593,115.0
75207,115.0
80817,115.0
85624,115.0
91421,115.0
92637,115.0
97198,115.0
99520,115.0
107616,309.0
109366,115.0
110711,115.0
118123,234.99
109560,115.15
111293,115.15
3182,115.3
22395,315.25
8297,115.99
24522,115.99
36882,115.99
49054,115.99
54538,115.99
69448,115.99
87247,115.99
92370,115.99
114021,115.99
119824,115.99
70998,116.0
86228,116.0
77257,116.5
115844,116.64
6095,116.96
17671,116.96
34609,116.96
74051,116.96
116114,116.96
8334,117.0
41111,117.0
27078,117.18
32004,117.18
98064,117.27
99348,117.27
46350,265.46
101045,117.5
23656,117.6
43953,117.6
74554,252.21
11063,117.7
37091,117.7
39779,117.7
111915,117.99
124125,117.99
189,118.0
9995,118.0
18823,297.99
19286,118.0
19757,118.0
24549,239.99
26422,118.0
29258,118.0
32890,118.0
35265,118.0
36758,118.0
37514,118.0
41526,118.0
43022,118.0
46701,118.0
55519,118.0
57059,118.0
57672,118.0
69133,118.0
70263,118.0
70335,118.0
75333,118.0
75936,118.0
78728,118.0
84591,118.0
87508,118.0
89207,118.0
93202,118.0
96388,118.0
97099,118.0
100850,118.0
101136,118.0
107132,118.0
107617,118.0
109021,118.0
109909,118.0
111538,118.0
114528,118.0
116614,118.0
121475,118.0
10730,118.13
110404,118.15
48611,118.26
11991,118.5
122717,118.5
48677,118.57
8547,118.58
95549,118.58
123002,118.58
4362,118.75
51122,118.75
83208,118.75
116233,118.75
1844,118.99
2413,118.99
63605,118.99
95437,118.99
101587,118.99
121163,118.99
2388,119.0
3486,119.0
10111,119.0
12870,119.0
14665,119.0
15469,119.0
15784,119.0
19562,119.0
23303,119.0
26477,119.0
28989,119.0
31607,119.0
32757,119.0
33025,119.0
34118,119.0
37045,119.0
39052,119.0
40489,119.0
45260,119.0
47173,119.0
49284,119.0
54079,119.0
54819,119.0
55422,119.0
59643,119.0
59869,119.0
60020,249.5
62002,119.0
62044,119.0
63545,119.0
68277,119.0
69263,119.0
69358,119.0
70633,119.0
74497,119.0
75899,119.0
76412,119.0
76778,119.0
80010,119.0
80469,119.0
82884,119.0
91979,119.0
92811,119.0
95547,259.0
102137,119.0
109776,119.0
110508,119.0
114284,119.0
114693,119.0
116277,119.0
117758,119.0
124519,119.0
97653,119.04
39051,119.05
117371,119.05
58553,315.25
120209,119.07
3018,119.26
61328,119.26
122429,119.26
83736,119.38
102987,119.45
103399,119.45
3677,119.5
11759,119.5
18541,119.5
45618,119.5
67453,119.5
94116,119.5
118109,119.5
118571,119.5
118712,119.9
8918,119.95
27558,119.95
27655,119.95
37440,518.95
60093,119.95
63135,119.95
63410,317.95
65120,119.95
68324,258.95
81551,119.95
90797,119.95
93635,119.95
112211,119.95
116768,119.95
118839,119.95
3867,119.98
5273,119.98
45986,119.98
82557,119.98
1550,119.99
9378,119.99
12411,119.99
12533,119.99
19886,119.99
20043,119.99
30308,119.99
31130,119.99
34554,119.99
38704,119.99
42646,119.99
44128,119.99
44684,119.99
46901,119.99
49722,119.99
51926,119.99
52714,119.99
53243,119.99
54880,119.99
56109,119.99
57821,119.99
60193,119.99
64183,119.99
66631,119.99
68837,119.99
68954,264.49
69155,119.99
70173,119.99
72037,305.99
72361,119.99
73717,119.99
75839,119.99
78129,119.99
80341,119.99
86785,119.99
96249,119.99
101580,119.99
103249,119.99
107300,119.99
108063,119.99
112326,119.99
115291,119.99
124304,119.99
124912,119.99
1725,120.0
1754,120.0
4249,120.0
5643,120.0
7111,120.0
8813,120.0
18875,120.0
20195,120.0
20289,120.0
23914,120.0
25403,120.0
30107,120.0
30631,120.0
34006,120.0
37505,345.0
37999,120.0
39542,120.0
46643,120.0
48665,120.0
52602,120.0
53046,339.5
54873,120.0
58540,120.0
66490,120.0
69825,120.0
70740,120.0
73126,120.0
73755,120.0
74334,120.0
80251,120.0
81678,120.0
82165,120.0
89973,292.0
90380,120.0
90889,120.0
94483,120.0
95284,120.0
95390,120.0
98530,120.0
108794,120.0
111743,120.0
112797,120.0
114887,120.0
118113,120.0
118325,120.0
119810,120.0
122098,120.0
123175,120.0
2167,121.0
96188,121.0
111128,121.0
33689,121.49
26268,121.88
77107,121.88
87129,121.88
113734,121.88
60529,121.95
79468,121.95
80454,121.95
77747,121.99
101465,121.99
123295,122.0
115577,122.22
21259,122.38
30185,122.38
29947,122.5
40189,122.5
41719,122.5
69326,122.5
44921,122.57
34021,122.6
49116,122.6
80222,122.6
83766,122.6
106411,122.6
106449,122.6
106506,122.6
111235,122.6
57377,122.85
98923,122.85
64916,122.99
36582,123.0
44798,292.0
62770,123.0
89361,123.0
79317,123.74
117921,123.74
33739,123.94
52555,123.94
46817,123.95
110808,123.95
111622,123.95
46246,123.99
3570,124.0
17651,124.0
23446,124.0
25645,124.0
44587,124.0
68037,124.0
106846,293.0
14432,124.03
4292,124.5
7173,124.5
27522,124.5
47324,124.5
21892,124.6
50325,124.74
68118,124.8
77969,124.8
117546,124.8
122736,124.8
11817,124.93
112077,124.93
25970,124.95
57221,124.95
52401,124.99
68993,124.99
74336,124.99
1966,125.0
5028,125.0
5966,125.0
9123,252.0
10909,125.0
16908,125.0
17617,125.0
18484,125.0
21473,125.0
23026,125.0
29154,125.0
29597,125.0
31132,125.0
32795,125.0
32996,125.0
33711,125.0
36131,125.0
38695,125.0
40509,125.0
48763,125.0
49261,125.0
49916,125.0
51190,125.0
52165,125.0
53619,125.0
57153,125.0
60930,125.0
68622,125.0
79807,125.0
81321,125.0
81336,125.0
85057,125.0
91122,125.0
91176,125.0
92889,125.0
94475,125.0
98028,125.0
100219,344.0
101992,125.0
102410,125.0
102692,125.0
112475,125.0
113279,125.0
113558,125.0
114366,125.0
114411,125.0
115129,125.0
116317,125.0
116882,125.0
117368,125.0
119031,125.0
67679,125.3
75098,125.3
77913,125.3
3936,125.37
30626,125.37
83564,125.37
92273,125.37
124427,125.37
1801,125.4
32560,125.4
89725,125.95
20649,126.0
25384,126.0
30049,126.0
39516,126.0
61729,126.0
82163,126.0
88413,126.0
91680,126.0
92508,126.0
100094,126.0
100805,126.0
107662,126.0
120761,252.0
73710,126.23
92194,126.49
92588,126.63
111443,126.63
55564,127.0
61877,127.08
72660,127.15
42805,127.5
4901,127.51
26947,127.51
33921,127.51
38361,127.51
60623,127.51
71554,127.51
96641,127.51
111144,127.51
122865,127.51
580,127.56
4591,387.9
10920,127.91
89067,127.91
29502,127.95
124465,127.95
45308,127.97
85564,127.97
79455,127.99
111870,127.99
5868,128.0
8276,128.0
11515,128.0
12101,128.0
14843,128.0
18087,128.0
20545,128.0
23611,128.0
26912,128.0
27735,128.0
28730,128.0
32672,128.0
40086,128.0
44344,128.0
45799,128.0
46171,128.0
50872,128.0
51593,128.0
52880,128.0
55834,288.0
57345,128.0
58345,128.0
58851,128.0
60253,326.0
61804,128.0
63222,128.0
64576,128.0
71063,128.0
72320,128.0
77292,128.0
81937,128.0
83638,128.0
86726,128.0
87947,128.0
90479,128.0
91179,128.0
96253,128.0
99814,128.0
107214,128.0
108662,480.0
115390,128.0
118171,128.0
120021,128.0
4655,128.5
31005,128.5
106688,128.5
51786,128.99
4382,129.0
8575,129.0
10732,308.0
13622,129.0
15667,129.0
16121,129.0
21557,129.0
21921,129.0
27222,129.0
32247,129.0
33916,129.0
34979,129.0
36171,129.0
36380,129.0
42396,129.0
43290,129.0
43805,129.0
46872,129.0
49226,129.0
49956,129.0
54043,129.0
55942,129.0
58182,129.0
61557,129.0
61591,129.0
62716,129.0
64178,528.0
65412,129.0
66846,129.0
75445,129.0
80801,129.0
81738,129.0
84249,129.0
101458,129.0
102812,129.0
107209,317.0
107702,129.0
115107,129.0
117796,129.0
121943,129.0
123163,129.0
123776,129.0
124937,129.0
44853,129.31
53921,129.31
10181,129.5
76701,129.5
91175,129.5
92757,129.5
120896,129.5
75824,129.52
42395,129.6
43423,129.6
49458,129.74
118013,129.74
119285,129.74
64326,129.93
67459,129.93
17301,129.95
19527,129.95
25637,129.95
33143,129.95
43968,129.95
93478,129.95
110199,264.95
117025,129.95
15,129.98
27370,129.98
78172,129.98
82100,319.93
97227,129.98
97418,129.98
120361,129.98
3897,129.99
4361,129.99
7165,129.99
9243,129.99
10685,129.99
12175,129.99
19404,129.99
19486,129.99
22575,129.99
23199,129.99
25280,129.99
26601,129.99
28768,129.99
30121,129.99
31201,129.99
31963,129.99
32993,129.99
49898,129.99
53392,129.99
64083,129.99
69591,129.99
71778,129.99
72060,424.99
72447,129.99
73009,129.99
75481,129.99
75654,129.99
75923,129.99
76406,129.99
78656,129.99
80162,129.99
82798,1032.99
83253,129.99
87671,129.99
87829,129.99
92271,129.99
93679,129.99
103065,287.99
109836,129.99
115671,129.99
119798,129.99
124712,129.99
8085,130.0
9068,130.0
11680,130.0
13956,130.0
15724,130.0
26684,130.0
27732,130.0
33604,130.0
46082,311.5
46697,130.0
52045,130.0
56598,130.0
59364,130.0
63353,130.0
71090,130.0
76105,130.0
77429,130.0
77788,130.0
78115,130.0
82074,130.0
83984,130.0
86992,130.0
89710,130.0
90908,130.0
100700,130.0
103901,130.0
113360,130.0
1423,130.81
80610,130.85
59858,130.99
64024,130.99
6454,303.0
11415,131.25
98352,131.25
36173,131.43
11791,131.94
30428,131.94
32510,131.94
35550,131.94
46469,131.94
51887,131.94
75922,131.94
85742,131.94
115987,131.94
116688,131.94
117055,131.95
47575,131.99
15620,132.0
17242,132.0
36669,132.0
40175,132.0
52453,132.0
58051,132.0
69949,132.0
72696,132.0
80118,132.0
90822,132.0
105208,132.0
107219,132.0
117327,132.0
100218,132.48
84423,132.5
96558,132.5
809,132.66
11566,132.66
50061,132.66
83695,132.66
37508,133.0
42196,133.0
52090,133.0
52278,133.0
80829,133.0
91232,133.0
100738,133.0
32869,133.37
41658,133.49
55711,133.49
42846,133.53
2140,134.0
23767,134.0
44398,134.0
92330,134.0
113135,134.0
2477,134.01
88337,134.01
92583,134.01
13297,134.07
68245,134.07
28222,134.5
59533,134.5
107572,134.5
95080,134.61
31875,283.92
114650,134.94
44685,134.95
41577,134.98
66613,134.98
122047,134.98
1788,134.99
2566,134.99
34800,134.99
37328,134.99
54349,134.99
67569,464.98
919,135.0
3809,135.0
7507,135.0
11399,135.0
15014,135.0
15644,135.0
16726,135.0
21726,135.0
26168,135.0
36712,135.0
36847,135.0
43983,135.0
45123,135.0
56199,135.0
58855,135.0
65866,135.0
67507,135.0
68674,135.0
71208,135.0
72265,135.0
76137,135.0
85324,135.0
87262,135.0
88794,135.0
91057,135.0
92211,135.0
94017,135.0
100027,135.0
102091,135.0
106271,135.0
106324,135.0
113351,135.0
118395,274.99
119120,135.0
121930,135.0
26476,135.03
3901,135.45
27277,135.45
48772,135.45
120036,135.45
123829,135.45
118954,135.64
7021,135.88
54780,135.88
57664,135.94
95380,367.94
114482,135.94
22013,136.0
34088,136.0
39847,136.0
45043,136.0
62130,136.0
104181,136.0
115656,136.0
124857,136.0
20851,136.17
33732,325.27
69888,136.27
109947,136.49
89229,136.5
90692,137.0
110559,137.0
75852,137.5
81177,137.5
15800,137.7
57851,137.95
116215,137.95
14002,138.0
15321,138.0
21656,138.0
31523,138.0
32312,138.0
48209,138.0
48307,138.0
49209,138.0
49787,317.99
50727,138.0
50837,138.0
56817,138.0
57619,138.0
72683,138.0
88738,138.0
94115,138.0
100034,487.95
109336,138.0
111226,138.0
113342,138.0
122965,138.0
39417,138.6
53631,138.6
26998,138.75
47555,138.89
90594,138.99
91802,138.99
1020,139.0
1270,287.0
8003,139.0
13483,139.0
20898,139.0
25967,139.0
29020,328.0
41847,139.0
42022,139.0
66939,139.0
74525,139.0
79526,139.0
82060,139.0
90091,139.0
90914,139.0
91429,139.0
91450,139.0
92734,139.0
107601,139.0
111783,139.0
113937,139.0
111257,139.3
69338,139.45
96151,139.45
108226,139.45
1478,139.5
66904,139.5
72574,139.5
84837,388.5
64517,139.9
119214,139.9
27585,139.95
38553,139.95
41354,139.95
43630,139.95
49663,139.95
78658,139.95
91331,139.95
91985,139.95
94254,139.95
111179,139.95
120534,139.95
123186,139.95
8050,139.96
6140,139.99
18381,139.99
18733,139.99
23037,139.99
23727,139.99
25255,139.99
34994,139.99
37907,139.99
39724,139.99
42232,139.99
42771,139.99
48545,139.99
49745,139.99
50737,139.99
50983,139.99
51119,139.99
52440,139.99
54887,139.99
57630,139.99
57658,139.99
59215,139.99
60060,139.99
60570,139.99
60744,139.99
63952,139.99
70737,139.99
76508,139.99
76514,139.99
87583,139.99
88920,139.99
90915,139.99
92306,139.99
93440,139.99
97159,139.99
103993,139.99
106807,139.99
110470,139.99
113338,139.99
122563,308.99
123927,139.99
124220,139.99
8505,140.0
17986,140.0
27620,140.0
30348,140.0
31951,140.0
38190,140.0
41396,140.0
44825,140.0
47007,140.0
60385,140.0
61893,140.0
68833,140.0
69973,140.0
72040,140.0
86424,140.0
96412,140.0
105888,140.0
118261,140.0
122917,140.0
123837,140.0
124710,140.0
96577,140.08
48714,140.7
535,141.0
35930,141.0
80740,141.0
89791,141.0
93216,141.01
98017,141.47
11636,141.6
69415,141.62
110755,141.62
117716,141.62
19592,142.0
92027,142.0
46806,142.4
91642,142.4
14712,142.5
13998,142.8
24945,142.8
89538,142.8
68563,142.9
101107,142.9
2476,142.95
4657,142.95
71404,142.95
4219,142.99
35785,142.99
38480,142.99
48585,142.99
73188,142.99
10320,143.0
13578,143.0
71574,143.0
79268,143.0
94985,143.0
112258,143.0
116225,143.0
121741,143.0
102966,143.96
47967,144.0
55034,144.0
59469,144.0
109503,144.0
109000,144.34
37703,144.5
38060,144.5
54487,144.74
6877,144.95
62135,144.95
107690,144.95
50721,144.99
13700,145.0
17761,145.0
24518,145.0
34107,145.0
39934,145.0
47421,145.0
49602,145.0
51387,145.0
55019,145.0
59017,145.0
67807,145.0
80090,145.0
87371,145.0
95052,145.0
96187,145.0
99792,145.0
101468,145.0
106462,145.0
108941,145.0
112809,145.0
92644,145.14
98647,145.14
38382,146.0
92512,146.0
237,146.06
24454,396.99
33500,147.0
33852,147.0
40525,546.0
81872,147.0
5971,147.13
21250,147.13
50713,147.13
95124,147.13
100334,147.13
109402,147.13
100519,147.5
118557,147.5
55857,147.99
2897,148.0
5508,148.0
11026,148.0
12777,148.0
15408,148.0
16846,148.0
22294,148.0
22384,148.0
24265,148.0
28458,148.0
57927,148.0
61206,148.0
62148,148.0
68122,148.0
68901,148.0
69928,148.0
71476,148.0
73275,148.0
74432,148.0
77264,148.0
77462,148.0
79199,148.0
80246,148.0
82848,148.0
84084,148.0
85105,148.0
86811,148.0
91418,148.0
93337,148.0
95820,148.0
96633,148.0
101844,148.0
104707,148.0
110112,148.0
111979,148.0
112597,148.0
115027,148.0
115455,148.0
119399,148.0
123065,148.0
16131,148.5
18965,148.5
21712,148.5
26812,148.5
78871,148.5
116634,148.5
113416,148.58
99146,148.69
71969,148.98
15173,148.99
35238,148.99
58950,148.99
7241,149.0
13357,149.0
20009,149.0
23215,149.0
26499,149.0
28792,149.0
30078,149.0
36841,149.0
41997,149.0
42827,149.0
45515,149.0
46798,149.0
50886,339.0
56112,149.0
59300,402.0
64979,149.0
65193,149.0
72786,149.0
73713,149.0
81996,149.0
90580,149.0
91060,149.0
99633,149.0
101283,149.0
114752,149.0
122418,149.0
123095,149.0
10093,149.03
103994,149.03
7852,149.5
14003,149.5
18149,149.5
20774,149.5
29694,149.5
74269,149.5
75630,149.5
75689,149.5
76844,149.5
87477,149.5
118199,149.5
36799,307.9
95561,149.9
12267,149.95
18187,149.95
40120,149.95
44237,149.95
57688,149.95
71602,149.95
98468,149.95
107791,149.95
110546,149.95
117214,149.95
95291,149.97
100771,149.97
18677,149.98
33607,149.98
46558,149.98
50849,149.98
54345,149.98
78338,149.98
9548,149.99
12443,149.99
12637,149.99
36048,149.99
49353,149.99
58008,149.99
77637,149.99
81565,149.99
89530,149.99
103580,149.99
105212,149.99
109362,149.99
117695,149.99
2372,150.0
11491,150.0
13883,150.0
19547,150.0
22345,150.0
23017,150.0
28631,150.0
33580,150.0
33777,150.0
35183,150.0
43885,150.0
45194,150.0
48631,150.0
49553,150.0
55820,150.0
58006,150.0
61861,150.0
62546,150.0
63017,150.0
67883,150.0
69066,150.0
70032,150.0
71896,150.0
74887,150.0
81878,150.0
89758,150.0
89845,314.0
92903,150.0
96145,150.0
100467,150.0
110468,150.0
112916,150.0
115553,150.0
115794,150.0
115924,150.0
117863,150.0
119051,150.0
44390,150.18
17306,150.41
78621,150.41
102993,150.41
84517,150.47
94187,150.47
30697,150.75
24106,151.0
105970,151.0
88600,151.99
20657,152.0
48986,152.0
74796,152.0
84350,152.0
85526,152.0
89917,152.0
101963,152.0
50989,152.25
42627,152.3
7800,153.0
50245,153.43
117729,153.95
43757,154.0
82148,154.0
88837,154.0
92681,154.0
101374,389.0
107067,154.0
79235,154.5
56685,154.57
75425,154.57
28589,154.73
42206,154.97
60951,154.97
91086,154.99
106638,154.99
7090,155.0
7345,155.0
8955,155.0
15189,155.0
15201,155.0
18978,155.0
28748,155.0
29602,155.0
36406,155.0
37935,155.0
43539,155.0
44860,155.0
52666,375.0
61320,155.0
79346,155.0
80867,155.0
81337,155.0
84539,155.0
85645,155.0
87057,155.0
87543,155.0
88665,155.0
92632,155.0
92782,626.99
101785,155.0
105628,155.0
106792,155.0
108640,155.0
111056,155.0
117521,155.0
117692,155.0
25864,155.69
41735,156.0
64948,156.0
86291,156.0
119668,156.24
83221,156.75
22204,157.5
53696,157.5
66879,157.5
70497,157.5
18545,157.89
31103,157.89
70789,367.88
67988,157.93
90796,157.99
889,158.0
1348,158.0
5909,158.0
6502,158.0
7826,158.0
13028,158.0
13570,158.0
15796,158.0
15979,158.0
16435,158.0
17821,158.0
18005,158.0
22366,158.0
23733,158.0
28725,158.0
29537,158.0
31243,158.0
31886,158.0
32954,158.0
35121,158.0
36088,158.0
36207,158.0
38959,158.0
41054,158.0
41347,536.0
49366,158.0
50494,158.0
53481,158.0
54266,158.0
59053,158.0
60224,158.0
60822,158.0
62558,158.0
66256,158.0
66647,158.0
66795,158.0
70459,158.0
71360,158.0
71898,158.0
72701,158.0
74134,158.0
76045,158.0
76141,158.0
79257,158.0
80755,158.0
82535,158.0
83907,158.0
85005,324.0
91371,158.0
95688,158.0
95781,158.0
96930,158.0
98902,158.0
98911,158.0
99399,158.0
103102,158.0
104063,158.0
104802,158.0
107176,158.0
108180,158.0
113845,158.0
119133,158.0
123229,158.0
42139,158.27
57873,158.27
59738,158.4
61205,158.4
10811,159.0
14352,159.0
22122,159.0
22230,159.0
23599,159.0
27818,159.0
35320,159.0
36771,159.0
39618,159.0
51627,159.0
54610,159.0
55327,159.0
66188,159.0
71372,437.0
80160,159.0
97585,159.0
105182,159.0
108669,159.0
119397,159.0
38681,159.5
86733,159.5
118148,159.5
21271,159.54
86151,159.65
114285,159.65
59586,159.94
2759,159.95
6687,159.95
15851,159.95
17604,159.95
19689,159.95
29685,159.95
46223,159.95
46537,159.95
49326,159.95
56936,159.95
61032,159.95
69549,159.95
95908,159.95
106703,159.95
108795,159.95
71448,159.99
83701,159.99
4069,160.0
13567,160.0
15215,160.0
20438,160.0
23845,160.0
26391,160.0
27985,160.0
29679,160.0
31044,160.0
35304,160.0
46472,160.0
51553,160.0
72489,160.0
85086,160.0
93143,160.0
96307,160.0
103457,160.0
109656,160.0
111798,160.0
118310,160.0
118435,160.0
121587,348.0
122156,160.0
10324,160.38
34644,160.38
34966,160.99
18942,161.0
58767,161.0
64231,161.25
86418,161.25
106901,162.0
10632,162.16
101637,162.16
7551,162.28
22775,163.0
54965,163.0
58662,163.0
14395,163.3
26458,163.3
6774,163.42
120602,163.42
2319,163.8
44247,163.95
83437,163.95
70508,163.96
6798,164.0
20515,164.0
45319,164.0
99117,164.0
114419,164.0
19384,164.95
117801,164.95
13686,165.0
21329,165.0
22238,165.0
37707,165.0
39177,165.0
39681,165.0
46143,165.0
46342,165.0
55791,165.0
70676,165.0
80167,165.0
81478,165.0
89164,165.0
91399,165.0
94682,165.0
99285,165.0
106641,165.0
122282,343.0
13172,166.0
44471,166.0
110611,166.0
111633,166.0
41729,166.5
61252,166.8
737,167.0
12430,167.0
14169,167.0
58500,167.0
102830,167.0
117562,167.0
5599,167.5
87263,167.5
4706,168.0
6048,168.0
11855,168.0
18527,168.0
18640,168.0
19552,168.0
22410,168.0
27950,168.0
47716,168.0
50279,168.0
59359,168.0
67972,168.0
72964,168.0
73897,168.0
83799,168.0
86049,168.0
88555,168.0
92714,168.0
98801,168.0
121973,168.0
123179,168.0
124492,168.0
24466,168.75
40281,168.84
795,169.0
1196,169.0
4819,169.0
9530,169.0
13779,169.0
13811,169.0
14010,169.0
27733,169.0
28383,169.0
30702,169.0
30980,169.0
32121,169.0
32651,169.0
36253,169.0
37387,169.0
38397,169.0
44976,169.0
52037,169.0
55120,169.0
56989,169.0
59274,169.0
60876,169.0
63546,169.0
65752,169.0
66084,169.0
68385,169.0
70154,169.0
70353,169.0
71960,169.0
80389,169.0
81716,169.0
86937,169.0
86955,169.0
90343,169.0
92813,169.0
94420,169.0
100028,169.0
104718,169.0
106094,169.0
111445,169.0
111756,169.0
118832,169.0
119838,169.0
123088,169.0
124961,169.0
26536,169.5
34720,169.5
65121,169.5
76154,169.5
86646,169.5
110266,169.5
125015,169.5
8971,169.95
12206,169.95
76228,169.95
92561,169.95
106820,169.95
117172,169.95
61164,169.98
68278,169.98
80268,169.98
12455,169.99
23121,169.99
23458,169.99
27156,169.99
38566,169.99
49758,169.99
60871,169.99
67182,169.99
79546,169.99
79895,169.99
80820,169.99
81370,369.99
87832,169.99
97703,169.99
100315,169.99
106106,169.99
106231,169.99
113187,169.99
116818,169.99
118987,169.99
119014,169.99
119444,169.99
121200,169.99
4124,170.0
9793,170.0
27484,170.0
43896,170.0
44017,170.0
72350,170.0
77157,170.0
79350,170.0
106806,170.0
111137,170.0
112411,170.0
52523,170.01
53227,170.01
71058,170.25
88326,170.25
42344,170.43
58398,170.43
99879,170.43
107336,170.43
99634,170.98
55274,170.99
92569,170.99
26048,171.0
94874,171.0
109667,171.0
112020,171.0
44788,171.53
3749,172.0
17716,172.0
24907,172.0
44012,172.0
50718,172.0
57471,172.0
60820,347.0
61560,172.0
64328,172.0
69838,172.0
70493,172.0
80926,172.0
85088,172.0
88655,172.0
96480,172.0
105686,172.0
59055,172.2
110926,172.2
48399,172.75
119656,172.75
48615,172.94
73968,172.94
101122,172.94
9445,173.95
11557,173.95
22143,173.95
46345,174.0
58672,174.41
83980,174.41
117900,174.41
1245,175.0
8615,175.0
8804,175.0
27001,175.0
33812,175.0
33981,175.0
41600,175.0
44567,175.0
53528,175.0
54914,175.0
55901,175.0
58163,175.0
62126,175.0
72177,175.0
72267,175.0
83284,175.0
87268,175.0
88113,175.0
92126,175.0
94517,175.0
99252,175.0
103041,175.0
112983,175.0
1660,176.0
2517,176.0
13499,176.0
19563,176.0
46422,176.0
74280,176.0
85548,176.0
92058,176.0
119951,475.0
123332,176.0
22235,176.56
65711,176.56
94711,176.56
85748,176.88
65842,177.95
104184,177.95
2826,178.0
10617,178.0
11224,178.0
13018,178.0
23315,178.0
24937,178.0
34903,178.0
36752,178.0
42887,178.0
56072,178.0
59399,178.0
60142,178.0
63836,178.0
65202,178.0
67184,178.0
70055,178.0
70346,178.0
84961,178.0
85144,178.0
90273,178.0
92636,178.0
95041,178.0
99253,178.0
99621,178.0
100118,178.0
106080,178.0
106182,178.0
106573,178.0
108573,178.0
108897,178.0
110403,178.0
111470,178.0
114365,178.0
116253,178.0
119305,178.0
122878,178.0
124795,178.0
73228,178.98
503,179.0
4259,179.0
7842,179.0
9575,179.0
12805,179.0
17028,179.0
17953,379.0
43338,179.0
45326,179.0
45889,179.0
53876,179.0
54651,179.0
57053,179.0
57899,179.0
58947,179.0
63198,179.0
65187,179.0
74106,179.0
78569,179.0
80263,179.0
86099,179.0
88002,179.0
95274,179.0
102861,179.0
108215,179.0
112283,364.0
124352,179.0
20054,179.5
577,179.95
5733,179.95
29033,179.95
37029,179.95
40515,179.95
53302,179.95
55632,179.95
73584,179.95
86478,179.95
89416,179.95
92096,179.95
93626,179.95
124637,179.95
27524,179.98
114700,179.98
937,179.99
5123,179.99
31661,179.99
32499,179.99
32562,179.99
37636,179.99
40865,179.99
77963,179.99
83075,179.99
84203,179.99
97420,179.99
105749,179.99
110379,179.99
113711,179.99
122599,179.99
11242,180.0
28789,180.0
34751,180.0
41086,180.0
51664,180.0
61629,180.0
62568,180.0
68673,180.0
69536,180.0
71999,180.0
85466,180.0
87167,180.0
94609,180.0
95884,180.0
99273,180.0
102383,180.0
103460,180.0
125030,180.0
57999,180.85
21792,181.0
28336,181.46
741,181.5
62411,181.5
15763,181.95
31901,181.95
57727,181.95
113880,181.95
34435,182.0
51843,182.0
68147,182.0
91753,182.0
97972,182.0
100153,182.0
117743,182.0
19159,182.22
59307,182.22
77335,183.75
41460,183.99
22473,184.0
46869,398.0
90008,184.0
28461,184.72
78631,184.72
11295,184.95
55163,184.95
31294,185.0
31385,185.0
32234,185.0
40745,185.0
45907,185.0
47713,185.0
55094,185.0
65162,185.0
69106,185.0
74731,185.0
85377,185.0
97766,185.0
105976,185.0
111809,374.0
20365,185.85
69419,185.85
91589,185.85
13241,185.91
35989,186.0
47844,186.0
62914,186.0
76182,186.0
86374,186.0
59122,186.37
64908,186.37
80955,187.0
85505,187.0
90420,187.0
81899,187.5
106196,187.5
85313,187.6
120743,187.6
122301,187.6
23915,188.0
30770,188.0
45340,188.0
75834,188.0
80328,188.0
80750,188.0
84602,188.0
85871,188.0
97051,188.0
103554,188.0
114852,188.0
117927,188.0
47236,188.95
53537,188.95
121993,188.95
2021,189.0
14351,189.0
28342,189.0
28618,189.0
36267,189.0
38175,189.0
41373,378.0
42469,189.0
48713,189.0
48857,189.0
49555,189.0
55310,189.0
55644,189.0
59179,189.0
59470,440.37
60159,189.0
60755,189.0
65441,189.0
66826,189.0
67367,477.0
71938,189.0
73340,189.0
76106,189.0
76343,189.0
76351,189.0
91571,189.0
94153,189.0
98638,189.0
104238,189.0
107857,189.0
109634,189.0
109928,189.0
121953,189.0
92964,189.5
66173,189.95
89842,189.95
42971,189.99
59130,189.99
111995,189.99
13944,190.0
18515,190.0
34585,190.0
49328,190.0
52501,190.0
57416,190.0
66377,190.0
89421,190.0
101153,190.0
102685,190.0
113258,190.0
3272,192.5
14530,192.5
69829,192.5
8296,193.0
67556,193.5
79740,193.5
34570,193.95
63601,193.95
86916,193.95
96105,193.95
123375,193.95
124020,193.95
61980,194.0
63597,194.0
115426,194.0
16912,194.86
53412,194.95
61390,194.95
70351,194.95
97486,194.95
117409,194.95
123935,194.95
2186,195.0
17632,195.0
27394,195.0
29483,195.0
32024,195.0
45138,195.0
45432,195.0
49464,195.0
56074,195.0
65674,195.0
66679,195.0
71712,195.0
76067,484.99
78359,195.0
93900,195.0
112024,195.0
113385,195.0
115364,195.0
11594,195.3
117377,195.3
14164,196.0
56645,196.0
78422,196.0
78600,196.0
101205,196.0
103600,196.0
115397,196.0
40,196.18
15144,196.18
42183,196.18
96880,196.18
97278,196.18
99591,197.49
103559,197.49
25989,197.99
7098,198.0
9939,198.0
10969,198.0
17850,198.0
19405,198.0
19445,198.0
20034,198.0
21011,198.0
22128,198.0
24460,198.0
27855,198.0
33022,198.0
37251,198.0
42386,198.0
43238,198.0
47264,198.0
51460,198.0
52387,198.0
56901,198.0
59801,198.0
63300,198.0
65481,198.0
66806,198.0
67168,198.0
72474,198.0
74499,198.0
74615,198.0
76092,198.0
87342,198.0
87354,198.0
91561,198.0
93636,198.0
99181,198.0
99758,198.0
101772,198.0
102541,459.0
104060,198.0
105466,198.0
106038,198.0
108646,198.0
111764,198.0
114388,198.0
114946,517.99
116036,198.0
117400,198.0
118141,198.0
48030,198.5
85880,198.5
30409,198.84
35586,198.95
11507,199.0
21220,199.0
26013,199.0
27154,199.0
28365,199.0
28894,199.0
36260,1102.0
38694,199.0
39376,199.0
45548,199.0
47209,199.0
49965,199.0
64404,199.0
73846,199.0
74163,199.0
75431,199.0
83587,199.0
87310,199.0
96034,199.0
97373,199.0
100260,199.0
104883,199.0
110753,199.0
120449,199.0
122572,199.0
123312,199.0
109499,199.5
84276,199.66
32349,199.95
77068,199.95
97805,199.95
30380,199.98
1157,199.99
9490,199.99
15079,199.99
32345,199.99
55525,199.99
73980,199.99
75807,199.99
90945,199.99
90950,408.59
96954,199.99
98477,199.99
103430,199.99
121633,199.99
1453,200.0
1739,200.0
2288,200.0
5511,200.0
17405,200.0
17759,200.0
32219,200.0
33979,200.0
36626,200.0
39386,200.0
40657,200.0
59132,200.0
61216,200.0
63128,200.0
78880,200.0
114792,200.0
117510,200.0
117580,200.0
124325,200.0
90685,200.87
29039,201.2
37448,201.75
73542,201.75
2776,202.4
100061,202.4
12511,203.99
49658,203.99
27367,204.95
20977,205.0
76534,205.0
77461,205.0
100790,205.0
41913,205.2
18775,206.0
19018,206.0
22374,206.0
22887,206.96
12689,207.0
45662,207.28
55440,207.95
68825,207.95
72543,207.95
92980,207.95
33708,208.0
36086,208.0
69936,208.0
100212,208.0
110056,208.0
114770,208.0
118339,208.0
64730,208.47
6343,208.6
108913,208.6
10105,209.0
15886,209.0
18470,209.0
36558,209.0
66189,209.0
67002,209.0
122743,209.0
34727,209.95
41263,209.95
6746,209.99
23832,209.99
24211,209.99
53565,209.99
65347,209.99
83080,209.99
91694,209.99
105947,209.99
120164,209.99
10793,210.0
11001,210.0
27296,210.0
76041,210.0
82014,210.0
98040,210.0
90243,212.0
74834,213.16
58079,213.71
25856,213.95
86598,213.95
107664,213.95
20928,214.0
118223,214.0
20734,215.0
20807,215.0
64497,215.0
78247,215.0
78682,215.0
84748,215.0
99468,215.0
109841,215.0
115307,215.0
25581,215.6
88512,217.99
96716,217.99
2123,218.0
73748,218.0
75910,218.0
77607,218.0
86501,218.0
3945,218.2
28444,218.95
7635,219.0
13439,219.0
13765,219.0
44485,219.0
62156,219.0
107215,219.0
113599,219.0
121892,219.0
14263,219.5
36836,219.5
37627,219.5
64274,219.5
70219,219.5
74685,219.5
22333,219.99
31019,219.99
49190,220.0
58999,220.0
75804,220.0
96894,220.0
71540,221.0
87485,221.0
123993,221.05
23703,221.98
112129,221.98
99568,222.0
42398,223.95
9740,223.97
54,224.0
41056,224.95
102377,224.95
2639,225.0
10263,225.0
17890,225.0
29269,225.0
30254,225.0
36673,225.0
43000,225.0
45957,225.0
56858,225.0
66948,225.0
84390,225.0
98809,225.0
99957,225.0
121700,225.0
122993,225.0
106656,225.5
7056,227.0
115640,227.0
114537,227.5
8384,228.0
19324,228.0
20867,228.0
21831,228.0
34080,228.0
54540,228.0
70458,228.0
71928,228.0
89063,228.0
92007,228.0
28317,229.0
49688,229.0
56633,229.0
65385,229.0
100696,229.0
5129,229.99
31045,229.99
42095,229.99
51533,229.99
62691,229.99
63156,519.98
74069,229.99
79373,229.99
83493,229.99
94299,229.99
38757,230.0
52146,230.0
64883,230.0
121636,230.0
123097,230.0
49409,230.14
66038,230.18
98561,230.18
123218,232.0
32728,233.0
61409,233.0
107196,233.0
27993,233.95
64298,233.95
50197,509.0
51573,235.0
70758,235.0
87738,235.0
89683,235.0
12364,236.84
52399,236.84
119207,236.84
120676,237.01
14578,237.5
2018,238.8
39321,238.98
86942,238.98
87063,238.98
124452,238.98
3166,239.0
31207,239.0
80514,239.0
45087,239.72
52166,239.72
4152,239.86
32777,239.99
33392,239.99
67155,239.99
99414,239.99
119503,239.99
81726,240.0
96374,498.0
107041,240.0
75155,242.0
77612,242.0
92146,242.29
41601,243.0
85233,243.0
103832,243.0
123978,243.0
29162,243.95
79097,243.95
76938,245.0
79828,245.0
90640,245.0
1124,245.95
111132,245.95
122279,245.95
67609,247.5
80407,247.5
99676,247.5
111216,247.5
16864,248.0
38305,248.0
78929,248.0
119717,248.0
62600,249.0
99168,249.0
114569,249.0
42392,249.89
14139,249.95
27687,249.95
52012,249.95
67116,249.95
79062,249.95
111946,249.95
12576,249.99
52808,249.99
77318,249.99
10372,250.0
13784,250.0
27816,250.0
36555,250.0
57875,250.0
69614,250.0
84382,250.0
113368,250.0
114100,250.0
117031,250.0
118621,250.0
16271,251.25
120621,251.25
19331,251.37
56938,251.37
73067,251.37
6245,254.95
26427,254.95
103708,254.95
17879,255.0
52617,255.0
7812,258.0
13416,258.0
18466,258.0
19958,258.0
50044,258.0
80311,258.0
92080,258.0
102803,258.75
110011,258.75
33684,258.99
25776,259.0
46287,259.0
99058,259.0
21185,259.99
35536,259.99
35918,259.99
40821,259.99
45270,259.99
103212,259.99
122570,259.99
2859,260.0
22355,260.0
26140,260.0
58506,260.0
83455,260.0
113833,260.0
7765,264.0
19074,264.0
24727,264.0
63749,264.0
84873,264.0
380,265.0
23757,265.0
39126,265.0
43441,265.0
84929,265.0
54090,265.52
13596,266.66
17058,268.0
26832,268.0
77923,268.0
91139,268.0
103550,268.0
10120,268.2
109409,268.2
14619,269.0
39598,269.0
44175,269.0
22497,269.39
38026,269.5
111593,269.5
28746,269.99
447,270.0
34066,270.0
44130,270.0
79454,270.0
44300,274.0
124241,274.0
4021,274.99
44915,274.99
3829,275.0
10250,275.0
13051,275.0
59046,275.0
78048,275.0
83642,275.0
115602,275.0
63976,276.32
91116,276.32
121352,276.32
38181,278.0
108272,278.0
13281,279.0
118859,279.0
63294,279.95
21630,279.99
114203,279.99
43397,280.0
100664,280.0
21872,282.24
58054,282.24
35817,283.34
83295,283.34
91713,284.75
5926,285.0
27369,285.0
54513,285.0
73896,285.0
76266,285.0
41442,286.0
40787,287.64
51538,288.0
58949,288.0
101873,288.0
18927,289.99
20839,289.99
110370,289.99
25697,290.28
76601,293.0
8483,293.33
40187,293.33
38938,295.0
42960,295.0
70805,295.0
86370,295.0
91646,295.0
100571,295.0
123087,296.0
118,297.0
11890,297.0
88106,297.0
24756,298.0
27764,298.0
45204,298.0
101316,298.0
7975,299.0
27242,299.0
51535,299.0
56982,299.0
82906,299.0
95105,299.0
17320,299.95
66482,299.95
91051,299.95
96350,299.95
24650,299.99
44945,299.99
54384,299.99
77678,299.99
84652,299.99
116726,299.99
118878,299.99
18874,300.0
76467,300.0
89986,300.0
11284,307.95
44195,308.0
52373,308.0
114692,310.0
59773,316.6
53045,319.0
13064,319.99
20187,319.99
48776,319.99
80891,319.99
103300,319.99
12070,320.0
60467,321.0
43366,325.0
64104,325.0
114332,325.0
122152,325.0
82391,325.95
100456,325.95
70091,326.0
74949,326.0
27231,328.0
28262,328.0
37099,328.0
70707,328.0
94823,328.0
99221,328.0
111204,328.0
112232,328.0
13740,329.99
15185,329.99
30076,329.99
53002,329.99
57107,329.99
98869,329.99
112526,329.99
37557,330.0
56217,334.0
1056,334.13
28590,335.0
1626,338.0
8179,338.0
22439,338.0
54100,338.0
26900,339.0
55741,339.0
74128,339.0
21518,345.0
47591,345.0
94934,345.0
17720,345.99
86194,345.99
5548,346.5
72061,346.5
33758,347.5
5211,348.0
24543,348.0
26388,348.0
44516,348.0
39369,349.0
45974,349.0
44749,349.17
14681,350.0
43910,350.0
57281,350.0
57844,350.0
20196,352.0
46381,352.0
86384,352.0
86902,352.0
109447,352.0
118497,352.0
26357,355.0
1491,357.0
15700,357.0
21672,357.0
24538,357.0
34083,357.0
44775,357.0
67326,357.0
85674,357.0
43404,358.0
93619,358.0
103213,358.0
55621,359.0
43386,360.0
59855,360.0
72451,366.0
60078,368.0
111127,368.0
8329,375.0
53083,375.0
58232,375.0
69786,375.0
101029,375.0
106351,375.0
114397,375.0
64708,378.0
78894,378.0
98045,378.0
8652,379.0
11592,379.0
12241,379.0
31397,379.0
45416,379.0
55728,379.0
61177,379.0
41888,380.0
45939,380.0
105683,380.0
39406,383.0
102279,383.0
79972,389.99
94933,389.99
15299,395.0
27162,395.0
28901,395.0
29530,395.0
41434,395.0
42205,395.0
104102,395.0
113640,395.0
1435,396.0
18196,398.0
24390,398.0
27053,398.0
31767,398.0
44694,398.0
106655,398.0
109655,398.0
112914,398.0
116867,398.0
50789,399.0
75749,399.0
82037,399.0
96764,399.0
107408,399.0
41749,399.95
92867,399.95
103486,399.95
52820,405.26
44696,408.0
50503,414.95
12946,420.0
72135,420.0
28075,428.0
22000,429.0
77413,429.0
39010,448.0
92627,448.99
10861,449.0
49693,449.0
61677,449.0
84445,449.0
24497,450.0
30666,450.0
51609,450.0
83241,450.0
97332,450.0
40465,475.0
44940,475.0
57669,1474.0
89314,475.0
95803,485.0
123834,485.0
29135,487.5
75271,487.5
5858,495.0
20855,495.0
30093,495.0
90843,495.0
40612,498.0
53731,528.81
2437,550.0
69052,550.0
69132,550.0
71601,575.0
115478,588.0
30057,595.0
102078,595.0
35462,600.0
98340,600.0
16194,650.0
11143,695.0
118238,1394.0
91603,698.0
121147,698.0
119713,699.0
35781,750.0
47849,750.0
45272,758.0
110946,795.0
122539,795.0
121287,815.0
86292,825.0
50962,898.0
115956,898.0
12881,903.0
36949,903.0
57023,903.0
75650,903.0
88472,903.0
89082,903.0
89738,903.0
96028,903.0
106371,903.0
114201,903.0
20667,990.0